:020000041000EA
:1000000000B5324B212058609868022188439860DF
:10001000D860186158612E4B002199600221596106
:100020000121F02299502B49196001219960352056
:1000300000F044F80222904214D00621196600F024
:1000400034F8196E01211966002018661A6600F04E
:100050002CF8196E196E196E052000F02FF8012189
:100060000842F9D1002199601B49196000215960AB
:100070001A491B48016001219960EB211966A021F2
:10008000196600F012F800219960164914480160C1
:100090000121996001BC002800D000471248134993
:1000A000086003C880F30888084703B5996A0420EC
:1000B0000142FBD001200142F8D103BD02B5186610
:1000C0001866FFF7F2FF186E186E02BD00000240BE
:1000D000000000180000070000035F00212200005C
:1000E000F4000018222000A00001001008ED00E03C
:1000F00000000000000000000000000074B24E7A12
:1001000000200420F7010010CB010010CD010010E9
:10011000C9010010C9010010C9010010C901001077
:10012000C9010010C9010010C9010010CF01001061
:10013000C9010010C9010010D1010010D301001045
:10014000C1010010C1010010C1010010C101001067
:10015000C1010010C1010010C1010010C101001057
:10016000C1010010C1010010C1010010C101001047
:10017000C1010010C1010010C1010010C101001037
:10018000C1010010C1010010C1010010C101001027
:10019000C1010010C1010010C1010010C101001017
:1001A000C1010010C1010010C1010010C101001007
:1001B000C1010010C1010010C1010010C1010010F7
:1001C000EFF30580103800BE00BE00BE00BE00BECA
:1001D00000BE00BEF2EB887120DC011044DC01108F
:1001E0003802001090A31AE700201E49086006C8D4
:1001F00081F3088810471C480068002801D00020BF
:10020000F3E70DA40ECC002902D000F012F8F9E7B4
:100210001649174A002000E001C19142FCD115495E
:100220008847154988471549884700BEFDE701C939
:1002300001C29A42FBD3704744DC0110C000002089
:10024000241D0020A8F80110000004200000042054
:10025000A8F8011000100420001004200000000085
:100260007047000008ED00E0000000D0241D0020D1
:10027000FC2F00207DB90010FD1600103DB90010C4
:100280001E4A10B51378002B0CD01D4B19688B003B
:100290005B181C499B0059180868012101401A4845
:1002A0001B18196000231370184A052108201360D9
:1002B00007F08CFC082007F0B3FCD0248023240630
:1002C0005B00A3610022A3620021082007F096FCD6
:1002D000072007F0A5FC80230022A362002107204D
:1002E00007F08CFC092007F09BFC80239B00002278
:1002F00000210920A36207F081FC10BDF52F00202A
:10030000A02800200000054000100540982800208B
:10031000F0B5C64600B53F4BD8B01B78002B03D1D3
:1003200058B080BCB846F0BD08F0DEFB00294DD0C7
:10033000FA220023920008F01BFF374A1368C31A01
:10034000952BEDD91060D022802112065368506899
:100350001940C00552680B06C00F8046DB0F92059E
:1003600039D400294BD000212C4F2D4E2D4A107826
:10037000002836D12C482D4D84462D48016001209F
:10038000644610702B4A2360126808A806922A4A15
:10039000126801910592A0214246049600920395AD
:1003A000264A029749000BF05FFA00200CF0FAFE93
:1003B0000028B5D008A80FF023F808A902000020F3
:1003C0000CF032FF00200CF03BFFA9E7FA21890076
:1003D00008F090FEB1E7002915D1114F0F4E013101
:1003E000C4E7114884460068984211D00F480700BE
:1003F00005000F4804688C42C0D02E00BEE7084AB2
:1004000017001600B2E7054A012117001600ADE7F4
:10041000064DEEE7F52F00209C280020DC4201105D
:10042000D8420110F92F0020442B0020E442011093
:10043000482B0020E00E002098280020F0420110F8
:10044000F0B5DE4657464E464546E0B5CC4CCD4964
:10045000A544CD4C20000EF0E9FC00232354237862
:10046000002B69D0C94B22689A4200D16DE1142259
:100470002000C7490EF0FCFC002865D02000C549CB
:100480000EF07AFF002800D1C8E2C34B22689A42DE
:1004900000D16CE2C14B22689A4200D1BEE1C04A51
:1004A0002368934200D1AFE3BE4A934200D1F7E202
:1004B000BD4B22689A4200D159E3BC4B22689A4254
:1004C00000D1CAE3BA4B22689A4200D10BE3B94B80
:1004D00022689A4200D1C6E3B74B22689A4200D103
:1004E000CFE3B64B22689A4201D100F0BBFDB44B7A
:1004F00022689A4201D100F012FEB24B22689A4261
:1005000001D100F046FEB04B22689A4201D100F0C2
:100510001AFFA44B22689A4201D100F04BFF002041
:100520000CF040FE002807D016220020A7490CF04E
:100530007BFE00200CF084FEA54B9D44F0BCBB4626
:10054000B246A946A046F0BD2022237D934395D113
:100550000EA9B8228C469F4BD20062441360B82289
:100560002000D20062449C4914300EF08FFBB82367
:100570000EAADB009C58994B9C4200D9A6E2FA23B4
:100580009B009C4200D29FE2FFF77AFE05210720E4
:1005900007F01CFBD025072007F042FB80232D0627
:1005A0000022AB620021072007F028FB052109206B
:1005B00007F00CFB092007F033FB80239B0000228F
:1005C000AB620021092007F019FB0820042107F085
:1005D000FDFA0423824A05201700136008F084FB0B
:1005E000002800D16BE209F063F80890099120001F
:1005F00009F05EF802000B00089809990E920F931B
:1006000008F0C5FF05000E000022764B0A950B96F8
:1006100009F03CF8002800D187E20022724B280044
:10062000310008F0ABFF714B002208F0CEFF09F05B
:100630007FF80300FF2800D9FF2318001D0009F0F0
:1006400037F802000B000E980F990C920D9308F0EA
:10065000BCFF02000B000898099908F098FF0A9067
:100660000B91280009F0A4FCF421890509F054FC41
:100670008321C90509F067FC09F0C2FC06000A984D
:100680000B995B4B002208F079FF09F051F88023A9
:100690005B02984200D843E2180000253968431EE7
:1006A0008A0052185349920051180D608D60CD6038
:1006B0000B614E60504E0D6036685B0873401B0442
:1006C0004E4E1B0C33600B68012199430B004C49C3
:1006D000521813604B4B1C6008F0EAFF0C9A0D9BFC
:1006E00008F073FF02000B000898099908F04FFF0B
:1006F00000223F4B08F042FF09F01AF8424A01215C
:1007000010600300F820414AC0001170404ABF3118
:10071000156000940EAC3F4A00190BF0A5F80020BC
:100720000CF040FD002800D106E7F823DB00181983
:100730000EF066FEF823DB000200191900200CF011
:1007400073FD00200CF07CFDF6E62379002B00D031
:100750008DE600200CF026FD002800D0EBE104F02F
:10076000DBF900200CF01EFD002800D1E4E62A4948
:10077000082200200CF058FD00200CF061FDDBE6A3
:1007800004F6FFFFB0430110602F0020494E49548A
:10079000FC4301106C4401104348454350494E5FEF
:1007A00047505400524541444558544356455253CE
:1007B00046575F564944454E434D445F434D44318F
:1007C00053445F54434C4B5F53544F50F44A011011
:1007D000FC090000801A06007453011000093D0056
:1007E000A02800200000F040E0FFEF400000F03EB5
:1007F0000000E03F000005405C0005405C10054043
:1008000000100540E00E002098280020F52F002061
:100810009C28002014440110F0430110D94B626859
:100820009A4200D03BE62022237A934300D036E65A
:100830000021103AFEA809F063FCB8230EA8DB00E3
:1008400010220021181809F05BFCB82320000EAA22
:10085000DB009B18CC490830FEAA0EF017FA0228DC
:1008600000D00EE1C94B0EAA19009946B823DB004F
:1008700098180EF081FD0126002800D028E1C44B15
:100880000EAA19009846B823DB0098180EF074FDE4
:10089000C04C05002100FEA80EF06EFD0700002DE3
:1008A00000D0CCE0002F00D1D2E1BB49FEA80EF071
:1008B00063FD002800D1CBE1B84CFEA821000EF06A
:1008C0005BFD002801D100F043FEB549FEA80EF003
:1008D00053FD002801D100F0DEFDB249FEA80EF064
:1008E0004BFD002801D100F07BFEAF49FEA80EF0C1
:1008F00043FD0924AB4F002800D0C2E00123A340F0
:100900001D000521200007F061F9200007F088F99B
:1009100000220021200007F071F9D0231B06002ED1
:1009200000D0DAE31E009D6100215D62642007F0C3
:10093000E9FE2900736819401D4201D100F0AFFDA6
:1009400001214046994B0290F820039180210194A7
:10095000C0000EAC964A0097490000190AF084FFC7
:1009600000200CF01FFC002800D1E5E5DDE6914BEE
:1009700062689A4200D08DE58F4B22899A4200D05E
:1009800088E5A37A002B00D084E5D02480252406B6
:10099000072007F045F9002201210720A56207F092
:1009A0002DF9082007F03CF980235B00002201218B
:1009B000A362082007F022F9092007F031F980230B
:1009C0009B00A36200220121092007F017F90A20E9
:1009D00007F0F4FE63681D4200D135E1774BD02269
:1009E00012065268D20500D42CE17449D0221206B6
:1009F0005268920500D429E170480190F8200EACAD
:100A0000C00000916E4A602100190AF02DFF0020FD
:100A10000CF0C8FB002800D18EE586E6FFF730FC1D
:100A200000200CF0BFFB002800D185E52422654999
:100A300000200CF0F9FB00200CF002FC7CE5B82350
:100A40000EAADB00604998180EF096FC002800D131
:100A500028E7002F00D102E34F49FEA80EF08CFCDE
:100A6000002800D1FBE24D4CFEA821000EF084FCD2
:100A700027000724002801D000F098FD002E00D0A8
:100A80003CE700200CF08EFB002800D154E55922F1
:100A90004E4900200CF0C8FB00200CF0D1FB4BE5C8
:100AA0004B4B62689A4200D002E54A4BA2689A42D8
:100AB00000D0FDE44849494804F0F6F83CE500223E
:100AC000474B0892099392E51C005DE51C0056E532
:100AD000B8230EAADB00981842490EF04DFC4342A1
:100AE00043411E00CBE6404B62689A4200D0EEE4E0
:100AF0003E4B22899A4200D0E9E4A37A002B00D031
:100B0000E5E400200CF04EFB002800D114E56E2235
:100B1000374900200CF088FB00200CF091FB0BE51E
:100B2000022800D3B9E50220B7E50022314B102698
:100B30000C920D93A3E53049F820009180210EAC72
:100B4000C0002E4A49002E4B00190AF08DFEF823F2
:100B5000DB0018190EF054FCF823DB000200191911
:100B600000200CF061FB00200CF06AFBF7E5254B40
:100B7000A2889A4200D0A0E4A379002B00D09CE484
:100B800098E7C04654455354D8440110DC42011044
:100B9000D842011090430110F04401109C43011011
:100BA000F444011094430110F8440110A8430110CB
:100BB000004501104B5F50494E5300008C4301101B
:100BC000B444011080440110EC4401105C45011054
:100BD0005F455854435344003848011054480110AD
:100BE00065CD9D41E4440110455253494F4E0000EC
:100BF0007C4801100000F03FD0430110C4430110B5
:100C0000BC430110534400006023002100930120E5
:100C100016AB7EAA03F072F8002800D16DE2D24B29
:100C20007E9A9A425BD000200CF0BCFA002800D1DA
:100C300082E44622CD4900200CF0F6FA00200CF0A8
:100C4000FFFA79E4CA49D1E6C94BC8E6C848D4E6F8
:100C5000802527006D00082453E6C64B62689A423F
:100C600000D02FE44DE7C44B62689A4200D033E4D1
:100C7000237A002B00D02FE4C049C14804F014F8B7
:100C80005AE4C04B62689A4200D02AE42022237AB8
:100C9000934300D025E40EA9B8228C46D2006244CA
:100CA00006331360B8222000D2006244B6490830EF
:100CB0000DF0ECFF0EAAB8239446F820DB00634445
:100CC000C00060211B68B14A604464460AF0CCFD54
:100CD000F823DB001919AE4803F0E6FF2CE4AD4B16
:100CE0007F9A9A429FD1D222819B52005C3B9342D1
:100CF00000D9A3E1939B1A009846C023803A5B0079
:100D00009A4200D99AE1929B002B00D196E19099EA
:100D1000919A9A4612911392802B01D980239A4678
:100D20008A988B99434602900391889889990593F4
:100D3000009001915346A021974A049349002EA8A0
:100D40000AF092FD00200CF02DFA002801D1FFF7E7
:100D5000F3FB2EA80EF054FB2EA9020000200CF08D
:100D600063FA00200CF06CFA434610930023002431
:100D7000119300230A930B94013B99469B46874BA2
:100D80000027159347E0FEA800190378002B00D038
:100D90009BE04378002B00D097E08378002B00D0B5
:100DA00093E0C378002B00D08FE00379002B00D0B4
:100DB0008BE04379002B00D087E08379002B00D0B3
:100DC00083E0C379002B00D07FE0037A002B00D0B2
:100DD0007BE0437A002B78D1837A002B75D1C37ADC
:100DE000002B72D1037B002B6FD1437B002B6CD186
:100DF000837B002B69D1C37B002B66D10A9B0B9CA4
:100E00001099119A5B185441781C07000A930B94AF
:100E1000824500D18BE30A990B9A480A8446D30590
:100E20009C4463460893530A0993089B099C1299B2
:100E3000139A5B1854411D0026004B4501D15C45B7
:100E40000CD0602300210093280016ABFEAA02F00C
:100E500055FF002800D18CE3A946B3460A9B8022A7
:100E6000DC054346E40D1B19920093428BD9F8220E
:100E700060230EA9D20000935218681C002116AB03
:100E800002F03CFF002800D18EE380239B001D1B55
:100E9000B823FEA9DB000EA82A000919181809F0CA
:100EA00035F9B8230EAADB009B184246E8183C4BE4
:100EB0000EA9D218F823DB001219591809F026F9E7
:100EC000B8230EAADB0098185FE721222023825C5A
:100ED000C35C12021A432223C35C28211B04134360
:100EE0002322825C12061A430C9225222423825C60
:100EF000C35C12021A432623C35C1B04134327223C
:100F0000825C12061A43435C0131415C0D92090276
:100F100019432A23C35C1B0419432B23C35C1B0600
:100F20000B432C210E93435C0131415C09021943B0
:100F30002E23C35C1B0419432F23C35C1B060B43E6
:100F40000F930C990D9A0E9B0F9CA24200D955E766
:100F500002D1994200D951E7124A0EA95218002332
:100F6000944638302AE0C04645464920FC450110E9
:100F7000D8420110494F4E0054494659F8480110D3
:100F80001449011054455354745301103049011051
:100F90005849011050415254884601109847011099
:100FA00000FEFFFFBF070000203A01335E2A00D990
:100FB0005F2462460230D454242B06D00278417854
:100FC000140009020C43221EEED19C2200201201C3
:100FD00099180EABC918E54B0125C85400260E9B85
:100FE0000F9C18002100401971410C9D0D9E401B63
:100FF000B14104930594F82306900791A0210EAA0D
:10100000DB009B180093029503963B00159A49005C
:101010002EA80AF029FC00200CF0C4F8002801D109
:10102000FFF78AFA2EA80EF0EBF92EA90200002095
:101030000CF0FAF800200CF003F9DFE600200CF0C9
:10104000B1F8002801D1FFF777FA4122C849002002
:101050000CF0EAF800200CF0F3F8FFF76DFA270027
:1010600008240BE5C34B62689A4201D0FFF73FFAB0
:10107000237A542B01D0FFF73AFA2022637A934364
:1010800001D0FFF734FA0EA9B8228C461033FE9334
:10109000D200B94B62441360B8232000DB006344E4
:1010A000FEAAB64909300DF0F1FD0EA8B82184461C
:1010B000F820C90061440968C000FE9B0091B04A55
:1010C0008021604464460AF0CFFBF823DB00191945
:1010D000AC4803F0E9FDFFF72FFA1E005D61002127
:1010E0005D62642007F00EFB2900736819401D4201
:1010F00000D0D8E14846A44B25E4F8200EACC0004F
:10110000C021A24A16AB00190AF0AEFB00200CF079
:1011100049F8002801D1FFF70FFAFFF706FB9C4BB7
:10112000A2889A4201D0FFF7E8F9A379542B01D0A5
:10113000FFF7E3F92022E379934301D0FFF7DDF9CC
:101140000EA9B8228C461833FE93D2008A4B624413
:101150001360B823DB006344FEAA8849E01D0DF04C
:1011600095FD0EA8B8218446F820C900614409689D
:10117000C000FE9B0091874A8021604464460AF0CB
:1011800073FBF823DB001919834803F08DFDFFF78B
:10119000D3F9824B62689A4201D0FFF7B4F920225A
:1011A000237A934301D0FFF7AEF97D4BFA25FE93E6
:1011B000B8230EAADB00AD009D50B8232000DB0051
:1011C0009B186E490830FEAA0DF060FDFE9BAB42F5
:1011D00000D39DE1FE95B8230EAA9446DB0063443C
:1011E0001B68632B00D999E1B8226423D2006244C2
:1011F00013600720D02406F013FD8023240600226C
:101200000021A362072006F0F9FC092006F008FD82
:1012100080239B00A36200220021092006F0EEFC3F
:10122000082006F0FDFC80235B00A36105206362BB
:1012300007F05AFD002800D15A48FE9C01272018CB
:101240006100884202D307F055FF0700B8230EAAB9
:10125000DB009B5820001A001D000021002308F02D
:101260003BFEFA220023920007F082FF001849415A
:1012700002000B008046894608920993002903D199
:10128000022801D202339846F8200EABC000C018E5
:10129000A0212300444A0197009506000AF0E4FAD1
:1012A00000200BF07FFF002800D056E1D024002260
:1012B00000230120002124060125154238D0FF35E6
:1012C00065613D00033DFDD212184B419045F3D1BD
:1012D0009945F1D1D02380221B0652009A6100214A
:1012E0009A620820002206F089FC41460291099981
:1012F0000EA80391B821C9000958FE9B0091300047
:10130000A0212A4A0AF0B0FA00200BF04BFF002877
:1013100001D1FFF711F930000EF072F83100020030
:1013200000200BF081FF00200BF08AFFFFF704F98B
:1013300080256D00A5613D00033DFDD212184B4193
:101340009045B9D1C4E72379002B01D0FFF7E1F82C
:10135000FEF796FF03F054FC00200BF023FF00285B
:1013600001D1FFF7E9F81249FFF702FA00FEFFFF8B
:10137000444601105F5445530080FF4074490110FA
:101380007C490110AC490110A8430110BC45011073
:1013900045530000C4490110F44901105445535409
:1013A000801A060040597307104A0110704A011054
:1013B000D84A01102379202B01D0FFF7B0F8002381
:1013C00089497E93FE938948FEAB7EAA0DF05EFCB0
:1013D000022801D0FFF7B0F8FE9B002B01D1FFF7E8
:1013E000ABF8F8230EAADB0000249E180AE00020C8
:1013F0000BF0D8FE00285BD1FE9B01349C4201D348
:10140000FFF79AF860230093B8237E980EAADB00BA
:101410009B1800213200201802F070FC0028E6D151
:10142000802200213000920008F06AFE00200BF0BC
:10143000B9FE0028E0D0002500200BF00DFF82B29D
:10144000002A1ED0802300049B00000C5B1B9842E6
:101450001DDC53199FB2711900200BF0E5FE00202E
:101460000BF0EEFE3220002107F04CF980229200B2
:101470009742C1D200200BF0EFFE82B23D00002A5D
:10148000E0D10120002140420BF060F9D4E7802731
:101490009AB2BF00DFE727000724FFF72FFA404684
:1014A000534BFFF750FA01214846514BFFF74BFAD7
:1014B000002500200BF0D0FE82B2002A1ED080232F
:1014C00000049B00000C5B1B98421DDC53199FB26B
:1014D000711900200BF0A8FE00200BF0B1FE3220A5
:1014E000002107F00FF980229200974284D2002059
:1014F0000BF0B2FE82B23D00002AE0D101200021B3
:1015000040420BF023F9D4E780279AB2BF00DFE70F
:10151000384A934200D85EE6FE925CE6364A934231
:1015200000D866E6B8230EA9DB005A5061E6002019
:101530000BF038FE002801D1FEF7FEFF22222F49D2
:1015400000200BF071FE00200BF07AFEFEF7F4FF96
:10155000270080250724FFF7D4F930000DF050FF55
:101560003100020000200BF05FFE00200BF068FE4F
:101570009CE6234AA02116AB49002EA80AF074F974
:1015800000200BF00FFE002801D1FEF7D5FF2EA89A
:101590000DF036FF2EA9020000200BF045FE0020C2
:1015A0000BF04EFEFEF7C8FF164AE3E71649FEA809
:1015B0000DF0E2FE002801D1FFF760FA1349FEA802
:1015C0000DF0DAFE002807D01149FEA80DF0D4FE78
:1015D000002801D0FFF755FA09240C4FFFF74EFA07
:1015E00009240A4FFFF78AF9EC4A0110652F002001
:1015F000A043011000093D008813000000480110BD
:10160000F446011040470110F444011094430110C6
:10161000F84401100220704730B50C001500C3B02B
:10162000022801D943B030BD00200BF0BBFD0028DB
:10163000F8D080212300094A4900009502A80AF049
:1016400013F902A80DF0DCFE02A9020000200BF045
:10165000EBFD00200BF0F4FDE4E7C046C4430110AD
:1016600070B5050000200BF09DFD041E01D1200087
:1016700070BD28000DF0C4FE2900020000200BF010
:10168000D3FD00200BF0DCFDF1E7C046F0B5C64607
:10169000070000B500200D000BF084FD80460028F7
:1016A00003D1404680BCB846F0BD0024002D10D1C7
:1016B000F7E7A618B6B2391900200BF0B5FD0020E7
:1016C0000BF0BEFD3220002107F01CF83400A542CB
:1016D000E7D900200BF0C0FD82B2002A07D0000439
:1016E000000C2B1B9842E4DD2E009AB2E3E70120A8
:1016F000002140420BF02AF8E9E7C046F0B583B07C
:101700000AF034FA002100200BF0A0FF03F004FAE5
:101710006B46164D164FDC1D03E0FEF7F9FD05F094
:10172000BDF90120002140420BF010F800200BF021
:101730004FFD0028F1D00122210000200BF068FDB0
:101740000028EAD022782B780A2A07D00D2A05D063
:101750007E2BE2D8591C2970FA54DEE70026FE548D
:10176000002BDAD0FEF76CFE2E70D6E7FA2F0020A1
:10177000602F002000487047A863011000487047A0
:101780005C630110F0B5DE4657464E464546E0B56F
:101790008DB000285FD0032821D0042864D8364BB0
:1017A0008000C45820000DF02BFE002861D0334E7D
:1017B0002300B21C24181978013311800232A3428D
:1017C000F9D1C023013040009B0003433000338037
:1017D0000DB0F0BCBB46B246A946A046F0BD1021F4
:1017E00004A80CF071FD019010283AD800283DD0D3
:1017F000002504ACAA46A346204E214AB01C08ABE3
:1018000002920396029A1E00170032CF32C6396840
:101810000F24316059460978B1460C401C5D150013
:1018200044801C00884646CD46C44A463F6817603F
:10183000424611110122595C92440180019993445E
:1018400004305145DED80B00039E9A00C0230232BB
:101850009B001343BAE70B4B084E7380063BFF3BDC
:10186000B4E710230193C1E70020B1E7034E019BC9
:10187000EBE7054B014EA9E7446301105825002012
:101880000C4B0110090400000203000070B5104D5C
:101890000520AC68002C0BD007F026FA6100002868
:1018A00000D10C480019012388420DD26B6370BD32
:1018B00007F01AFA002801D1074BF7E7074C08494F
:1018C000001901238842F1D307F014FC0300EDE76F
:1018D000EC0E00204059730771020000A086010041
:1018E000400D0300F0B5264B264C1A78A544002A7B
:1018F0002FD05A782449002A2FD09A68224894463B
:101900009A78DC681D7C002A2FD0DA781E4E002AD7
:101910002FD01B791C4F002B2FD01B4B09936346F4
:1019200004930923029180210193013B174A0390FC
:1019300000938900013B08970796069505940AA82D
:1019400009F092FF0AA8FFF78BFE8B239B009D44B2
:10195000F0BD5A780E49002ACFD19A680C489446B7
:101960009A78DC681D7C002ACFD1DA78084E002AEC
:10197000CFD11B79064F002BCFD1054BCEE7C04608
:10198000EC0E0020D4FDFFFFA0430110444B0110DA
:10199000A843011030B504008DB00B0015002821BC
:1019A0000C4A02A809F060FF200002A90DF0FAFB22
:1019B000041E09D002A80DF023FD0749201801AA32
:1019C0000DF064F9012802D000200DB030BD019B5C
:1019D0002B60FAE7504C0110745301100E4B1B782A
:1019E000002B0ED001210D4B1A784A401A701B783B
:1019F000002B0AD0D02380221B0692045A610120BA
:101A000070470122054B1A70F4E7D02380221B0691
:101A100092049A61F3E7C046F42F0020E80E0020FC
:101A2000F0B54746CE4680B5254C8046A544254CAA
:101A30008946256E676E0026BD4200D3EE1B00204E
:101A4000002D07D07001801B800080192900C00084
:101A500007F050FB1C4AA16C13928822A258236DF8
:101A600011928422A25810928022A2580F92E26F03
:101A70000E92A26F0D92626F0C92226F0B92E26E29
:101A80000A92A26E08900992079606970595E06C57
:101A90000393CB18029301914B468021049000934D
:101AA00089004346139A14A809F0DEFE14A8FFF734
:101AB000D7FD95239B009D44C0BCB946B046F0BD00
:101AC000ACFDFFFFEC0E0020584C011010B50820B3
:101AD00006F0A6F8D024802324065B00636107206B
:101AE000636206F09DF880230022A3620021072094
:101AF00006F084F8114C6378002B13D13B230022AD
:101B00000920E25406F08CF8D02380221B069200B4
:101B10009A6200210022092006F070F86378002BF9
:101B200006D110BD00220121072006F067F8E5E785
:101B300000220121092006F061F8F2E7EC0E0020F6
:101B400010B5072006F06CF8D02380221B069A629D
:101B500000210022072006F051F81D4C6378002B6D
:101B600023D1082006F05CF8D02380221B06520007
:101B70009A6200210022082006F040F86378002BCA
:101B80001FD1092006F04CF8D02380221B069200BA
:101B90009A6200210022092006F030F86378002BB9
:101BA00009D13B230022E25410BD0022012107206D
:101BB00006F024F8D5E700220121092006F01EF8DE
:101BC000EFE700220121082006F018F8D9E7C04607
:101BD000EC0E0020F8B54746CE463C2380B5484C75
:101BE0008046E25C013BE15C002A00D16AE000290A
:101BF00005D0D0228021120691620022E2540022F8
:101C00000021072005F0FAFF6378002B00D070E078
:101C10003C23E25C013BE35CD02580210026894621
:101C20003B272D0606E06A610136E35DB04523D00F
:101C30003C22A25C002A34D0002B03D04B46AB627E
:101C40000023E35500220021072005F0D7FF637829
:101C5000002B31D180225200AA61636B002BE2D0AD
:101C6000033BFDD2636B6A61002BDDD0033BFDD2E9
:101C70000136E35DB045DBD1002B06D0D0238022B6
:101C80001B069A623B230022E25400220021072017
:101C900005F0B4FF6378002B25D1C0BCB946B0462F
:101CA000F8BD002B05D14B466B616B620123E355F8
:101CB000D0E74B466B61CDE700220121072005F0FC
:101CC0009DFFC7E7002908D1D0218020090648617F
:101CD00048620121E15401239EE7D02380211B06A5
:101CE0005961012398E700220121072005F086FFB2
:101CF000D3E700220121072005F080FF88E7C046D6
:101D0000EC0E0020F0B5C6463C2300B5464CE25C24
:101D1000013BE15C002A00D169E0002905D0D02216
:101D20008021120691620022E25400220021072045
:101D300005F064FF6378002B00D06FE03C23E25C89
:101D4000013BE35CD0258021202688463B272D06D9
:101D500006E06A61013EE35D002E23D03C22A25CD6
:101D6000002A33D0002B03D04346AB620023E35557
:101D700000220021072005F041FF6378002B30D1BD
:101D800080225200AA61636B002BE2D0033BFDD29C
:101D9000636B6A61002BDDD0033BFDD2013EE35D46
:101DA000002EDBD1002B06D0D02380221B069A62A6
:101DB0003B230022E25400220021072005F01EFFF1
:101DC0006378002B24D180BCB846F0BD002B05D130
:101DD00043466B616B620123E355D1E743466B6178
:101DE000CEE700220121072005F008FFC8E70029FF
:101DF00008D1D02180200906486148620121E154C0
:101E000001239FE7D02380211B065961012399E715
:101E100000220121072005F0F1FED4E70022012174
:101E2000072005F0EBFE89E7EC0E0020F0B5C64672
:101E30003C2300B5464CE25C013BE15C002A00D14A
:101E400069E0002905D0D02280211206916200228B
:101E5000E25400220021072005F0D0FE6378002B19
:101E600000D06FE03C23E25C013BE35CD0258021A5
:101E7000102688463B272D0606E06A61013EE35D99
:101E8000002E23D03C22A25C002A33D0002B03D0AA
:101E90004346AB620023E35500220021072005F0F2
:101EA000ADFE6378002B30D180225200AA61636BB3
:101EB000002BE2D0033BFDD2636B6A61002BDDD0C7
:101EC000033BFDD2013EE35D002EDBD1002B06D0AB
:101ED000D02380221B069A623B230022E254002278
:101EE0000021072005F08AFE6378002B24D180BCF6
:101EF000B846F0BD002B05D143466B616B620123F0
:101F0000E355D1E743466B61CEE70022012107206C
:101F100005F074FEC8E7002908D1D0218020090609
:101F2000486148620121E15401239FE7D0238021C9
:101F30001B065961012399E700220121072005F0C2
:101F40005DFED4E700220121072005F057FE89E756
:101F5000EC0E0020F0B5C6463C2300B5464CE25CD2
:101F6000013BE15C002A00D169E0002905D0D022C4
:101F70008021120691620022E254002200210720F3
:101F800005F03CFE6378002B00D06FE03C23E25C60
:101F9000013BE35CD0258021A02688463B272D0607
:101FA00006E06A61013EE35D002E23D03C22A25C84
:101FB000002A33D0002B03D04346AB620023E35505
:101FC00000220021072005F019FE6378002B30D194
:101FD00080225200AA61636B002BE2D0033BFDD24A
:101FE000636B6A61002BDDD0033BFDD2013EE35DF4
:101FF000002EDBD1002B06D0D02380221B069A6254
:102000003B230022E25400220021072005F0F6FDC8
:102010006378002B24D180BCB846F0BD002B05D1DD
:1020200043466B616B620123E355D1E743466B6125
:10203000CEE700220121072005F0E0FDC8E70029D6
:1020400008D1D02180200906486148620121E1546D
:1020500001239FE7D02380211B065961012399E7C3
:1020600000220121072005F0C9FDD4E7002201214B
:10207000072005F0C3FD89E7EC0E0020F8B53B23EF
:102080009B4C0500E25C002A05D0D022802112067C
:1020900091620022E25400220021072005F0AEFDEB
:1020A0006378002B00D011E1D02180278026914851
:1020B0000906BF00760006E04E61002B13D0013800
:1020C000002800D108E14B688E61626B3B40002A1A
:1020D000F2D0033AFDD2626B4E61002AEDD0033A92
:1020E000FDD2002BEBD180239B008022EE18D02361
:1020F00052001B0659689A61606B8905C90F002858
:1021000057D15A6158689A618005C00F5A614900D9
:10211000084359689A618905C90F5A614000014313
:1021200058689A618005C00F5A6149000843596890
:102130009A618905C90F5A614000014358689A6144
:102140008005C00F5A614900084359689A618905A2
:10215000C90F5A614000014358689A618005C00F59
:102160005A614900014329700135B542C2D1D021DD
:10217000802011220906400003E04861013A002A4C
:102180000FD04B688861636B002BF6D0033BFDD208
:10219000636B4861002BF1D0033BFDD2013A002A6A
:1021A000EFD10120544A554B1188198092789A70CA
:1021B000F8BD0338FDD2606B5A61002800D1A1E759
:1021C0000338FDD25868676B8005C00F9A61002FF5
:1021D00000D19BE7033FFDD2676B5A61002F00D10E
:1021E00095E7033FFDD2490008435968676B8905AD
:1021F000C90F9A61002F00D18FE7033FFDD2676BB3
:102200005A61002F00D189E7033FFDD2400001430E
:102210005868676B8005C00F9A61002F00D183E773
:10222000033FFDD2676B5A61002F00D17DE7033F6A
:10223000FDD2490008435968676B8905C90F9A6147
:10224000002F00D177E7033FFDD2676B5A61002F63
:1022500000D171E7033FFDD2400001435868676B2E
:102260008005C00F9A61002F00D16BE7033FFDD2BC
:10227000676B5A61002F00D165E7033FFDD249002B
:1022800008435968676B8905C90F9A61002F00D10F
:102290005FE7033FFDD2676B5A61002F00D159E71A
:1022A000033FFDD2400001435868676B8005C00FB3
:1022B0009A61002F00D153E7033FFDD2676B5A614B
:1022C000002F00D14DE7033FFDD24AE70022012154
:1022D000072005F093FCE7E6094B084A31CB31C2F1
:1022E00013CB13C21988002011809B7893705FE78D
:1022F000EC0E0020204E0000B44D011038280020C4
:10230000B84D0110F0B557464E464546DE463C23D3
:10231000E0B5C24C0D00E15C013B92460600E25C78
:1023200083B0002900D14DE2002A05D0D0228021BF
:10233000120691620022E25400220021072005F0DB
:102340005DFC6378002B00D068E23C23E15C013B3C
:10235000E25C40231E43B046280CC0B20704B946D5
:1023600047462B0E9C462E0A1B023B433706BB46B4
:102370004F463B435F463B43122700936B46B946AB
:102380001D7143464F469B007B405BB2DB430827F1
:10239000DB17BB4347461B335B00FF005F40EB4648
:1023A0003F0600D52DE247465B003F015F403F06F8
:1023B00003D50927B9464F467B4047465B007F015E
:1023C0005F403F0603D50927B9464F467B40474645
:1023D0005B00BF015F403F0603D50927B9464F4662
:1023E0007B4047465B00FF015F403F0603D509275E
:1023F000B84647467B4067465B005F403F0603D5D3
:102400000927B84647467B4067465B007F005F4030
:102410003F0603D50927B84647467B4067465B0021
:10242000BF005F403F0603D50927B84647467B40BB
:1024300067465B00FF005F403F0603D50927B846AB
:1024400047467B4067465B003F015F403F0603D540
:102450000927B84647467B4067465B007F015F40DF
:102460003F0603D50927B84647467B4067465B00D1
:10247000BF015F403F0603D50927B84647467B406A
:1024800067465B00FF015F403F0603D50927BC4656
:1024900067467B4007005B005F403F0603D5092786
:1024A000BC4667467B405B0047005F403F0603D564
:1024B0000927BC4667467B405B0087005F403F06BC
:1024C00003D50927BC4667467B405B00C7005F40D9
:1024D0003F0603D50927BC4667467B405B000701E2
:1024E0005F403F0603D50927BC4667467B405B003B
:1024F00047015F403F0603D50927BC4667467B403E
:102500005B0087015F403F0603D50927BC4667464D
:102510007B405B00C0015840000601D509204340C4
:1025200030005B005840000601D5092043405B00A5
:1025300070005840000601D5092043405B00B00000
:102540005840000601D5092043405B00F000584088
:10255000000601D5092043405B00300158400006C9
:1025600001D5092043405B0070015840000601D5A9
:10257000092043405B00B0015840000601D5092006
:1025800043405B00F6015E40360601D5092043401A
:102590005B0018006840000601D5092043405B003D
:1025A00068005840000601D5092043405B00A800A0
:1025B0005840000601D5092043405B00E800584020
:1025C000000601D5092043405B0028015840000661
:1025D00001D5092043405B0068015840000601D541
:1025E000092043405B00A8015840000601D509209E
:1025F00043405B00ED015D402D0601D509204340BD
:1026000001205B000343584643710123D0265F46F7
:10261000984636068023072599461FE0EC0E0020D9
:10262000002B4BD0002A04D04B460022B3623B2340
:10263000E25400220021072005F0E0FA6378002B25
:1026400047D180225200B261636B002B1DD17261B1
:102650003B23E25C013D24D33C23E15C3B784046D4
:102660002B4103400029DBD1002A22D1002B2AD0A4
:102670004B4673614B46736242463B23E2548022D1
:102680005200B261636B002BE1D0033BFDD2636B60
:102690007261002BDCD0033BFDD23B23E25C013DA9
:1026A000DAD26B46013706339F4218D03C23E15CF7
:1026B000B0E7002B0AD14B46B361C2E74B46B3618A
:1026C000002ABED1D7E74B46B361D3E74B467361CF
:1026D000B7E700220121072005F090FAB1E7002AB0
:1026E00006D0D02380221B069A623B230022E254AC
:1026F00000220021072005F081FA6378002B00D02A
:1027000086E05346002B00D180E00622002150468F
:1027100007F0F6FC80258023D02080269B00000651
:102720006D0007E04561002A14D0013B9BB2002BED
:1027300000D16BE042688561616B32400029F1D0C5
:102740000339FDD2616B45610029ECD00339FDD21C
:10275000002AEAD180220223D02080259146793AAE
:102760009446063A93465B4200066D0012E04561CE
:10277000002A0BD061465E4619408E40DA43310094
:10278000564692B2D208B75C3943B154013B1A00A5
:1027900031320FD04946426885610A40616B002999
:1027A000E5D00339FDD2616B45610029E0D00339E2
:1027B000FDD2DDE7012003B0F0BCBB46B246A9461E
:1027C000A046F0BD002A17D1D02280201206506109
:1027D00050620122E25440231E43B04642462B0E73
:1027E000280C9C46C0B21B0213432E0A0704320673
:1027F0003B4313430122BFE5D02380201B065861D1
:10280000A7E50927B9464F467B40CCE50020D2E733
:1028100000220121072005F0F1F972E700220121D1
:10282000072005F0EBF990E5F0B5CE46474680B5B8
:10283000070083B08946FFF7F9FA3B049846002663
:102840004427254D6A4641460720FFF75BFD041EDD
:1028500015D1EB5D002B03D05723EB5C002B04D08C
:10286000287C002801D0FFF7B5F90136042EE9D104
:102870000024200003B0C0BCB946B046F0BD4B46B2
:10288000002B1AD10026442780216A461020890097
:10289000FFF738FD002810D1EB5D002B03D0572344
:1028A000EB5C002B04D0287C002801D0FFF792F9C4
:1028B0000136042EE8D10024DBE74423EB5C002B37
:1028C00003D05723EB5C002BD3D0287C0028D0D03A
:1028D000FFF780F9CDE7C046EC0E0020F0B5DE46EC
:1028E0004E4645465746E0B585B001933C23B94C6A
:1028F0000D00E15C013B93460600E25C002900D13B
:102900003FE1002A05D0D0228021120691620022E8
:10291000E25400220021072005F070F96378002BB3
:1029200000D0E9E140203C33E15C013BE25C304314
:102930000023122602AF7B707B803B7183007340C3
:102940005BB2DB430826DB17B3431B335B00C600D7
:102950005E403870360601D5092673405B000601DB
:102960005E40360601D5092673405B0046015E4095
:10297000360601D5092673405B0086015E403606A7
:1029800001D5092673405B00C0015840000601D5FF
:102990000920434058005B0601D5092358404300F5
:1029A000400601D50920434058005B0601D50923A4
:1029B00058404300400601D50920434058005B06BB
:1029C00001D5092358404300400601D50920434062
:1029D00058005B0601D5092358404300400601D545
:1029E0000920434058005B0601D5092358404300A5
:1029F000400601D50920434058005B0601D5092354
:102A000058404300400601D50920434058005B066A
:102A100001D5092358404300400601D50920434011
:102A200058005B0601D5092358404300400601D5F4
:102A30000920434058005B0601D509235840430054
:102A4000400601D50920434058005B0601D5092303
:102A500058404300400601D50920434058005B061A
:102A600001D5092358404300400601D509204340C1
:102A700058005B0601D5092358404300400601D5A4
:102A80000920434058005B0601D509235840430004
:102A9000400601D50920434058005B0601D50923B3
:102AA00058404300400601D50920434058005B06CA
:102AB00001D5092358404300400601D50920434071
:102AC00058005B0601D5092358404300400601D554
:102AD0000920434001205B0003437B710123D02682
:102AE000AA4698463D0036068023072799461DE0F2
:102AF000002B5ED0002A04D04B460022B3623B2359
:102B0000E25400220021072005F078F86378002BBA
:102B10005AD180225200B261636B002B1DD17261C9
:102B20003B23E25C013F24D33C23E15C2B7840460D
:102B30003B4103400029DBD1002A35D1002B3DD099
:102B40004B4673614B46736242463B23E2548022FC
:102B50005200B261636B002BE1D0033BFDD2636B8B
:102B60007261002BDCD0033BFDD23B23E25C013FD2
:102B7000DAD202AB013506339D422DD03C23E15C15
:102B8000B2E7002A06D0D02380201B0658614020DF
:102B90003043CDE6D02280201206506150620122DF
:102BA0004020E2543043C3E6002B0AD14B46B361C8
:102BB000AFE74B46B361002AABD1C4E74B46B361E4
:102BC000C0E74B467361A4E700220121072005F00E
:102BD00015F89EE7EC0E00205546002A06D0D023BB
:102BE00080221B069A623B230022E254002200212D
:102BF000072005F003F86378002B00D074E0002D67
:102C000000D169E05B46002B00D173E02A00303A26
:102C1000531E9A410B2352421340019A06339A42A3
:102C200000D267E00021584607F06AFA8026D020DB
:102C3000802380270006760042688661616B9B00D6
:102C40003A4000290CD14661002A13D0013B9BB2C7
:102C5000002B4FD042688661616B3A400029F2D068
:102C60000339FDD2616B46610029EDD00339FDD2F5
:102C7000002AEBD180220226D02080279446793A80
:102C800001239146AA46764200067F00019411E096
:102C90004761002A09D04946012531408D402C006A
:102CA0005D46DA08A95C0C43AC5401339BB2013E8B
:102CB0009A4511D06146426887610A400199496B83
:102CC0000029E5D00339FDD20199496B47610029FC
:102CD000DFD00339FDD2DCE7012005B0F0BCBB46F4
:102CE000B246A946A046F0BD00220121072004F00B
:102CF00085FF84E70020F0E700220121072004F08F
:102D00007DFF3C23E15C013BE25C40E7F0B5DE4641
:102D10004E4645465746E0B58822CBB000210E907E
:102D200007F0EEF9D02212065368CF4C1B06D90FDC
:102D30003823E15453680800DB05DD0F3923E554DF
:102D4000536829009B05DD0F3A232A00E554C74D3F
:102D500022AEC74B029201912A00A02100903000C0
:102D6000069508F081FDC34B32001900012007933E
:102D7000FEF752FC01200021404209F0E7FC01204F
:102D80000021404209F0E2FC3C230122E254A26807
:102D9000B94BB3460D929A4200D90EE300230D932E
:102DA0000F93D025FEF792FE38222D066968392749
:102DB0000906CB0FA35419006B689046DB053A2631
:102DC000DA0F1000E2556B689B05DA0FA2550292EC
:102DD000069AAA4B019000915846A021924608F00D
:102DE00043FD079B5A46190001209946FEF714FC43
:102DF00001200021404209F0A9FC012000214042AD
:102E000009F0A4FCFFF7A6F8404669680906CB0F55
:102E1000235419006B68DB05DA0F1000E2556B686C
:102E20009B05DA0FA255964B0292019052460091F3
:102E30005846A02108F018FD5A4649460120FEF7E1
:102E4000EBFB01200021404209F080FC0120002121
:102E5000404209F07BFC404669680906CB0F2354C9
:102E600019006B68DB05DA0F1000E2556B689B05F3
:102E7000DA0FA255834B02920190524600915846B8
:102E8000A02108F0F1FC5A4649460120FEF7C4FB98
:102E900001200021404209F059FC0120002140425C
:102EA00009F054FC0023002200210020FFF716FD4A
:102EB000404669680906CB0F235419006B68DB058F
:102EC000DA0F1000E2556B689B05DA0FA2556E4BC6
:102ED00002920190524600915846A02108F0C4FC8D
:102EE0005A4649460120FEF797FB01200021404247
:102EF00009F02CFC01200021404209F027FCFEF7DC
:102F000001FF012005F05AFC404669680906CB0F15
:102F1000235419006B68DB05DA0F1000E2556B686B
:102F20009B05DA0FA255594B02920190524600912F
:102F30005846A02108F098FC5A4649460120FEF761
:102F40006BFB01200021404209F000FC0120002120
:102F5000404209F0FBFB0023002200210020FFF784
:102F6000BDFC404669680906CB0F235419006B6805
:102F7000DB05DA0F1000E2556B689B05DA0FA255EE
:102F8000434B02920190524600915846A02108F00E
:102F90006BFC5A4649460120FEF73EFB012000210A
:102FA000404209F0D3FB01200021404209F0CEFB52
:102FB000FEF7A8FE404669680906CB0F23541900A6
:102FC0006B68DB05DA0F1000E2556B689B05DA0FC2
:102FD000A255304B02920190524600915846A021D2
:102FE00008F042FC5A4649460120FEF715FB012035
:102FF0000021404209F0AAFB01200021404209F0D3
:10300000A5FB40466A681206D30F1A0023546B686A
:103010005846DB05D90FE1556B689B05DD0FA555BB
:103020001D4B01910092A0215246029508F01CFC14
:103030005A4649460120FEF7EFFA0120002140429E
:1030400009F084FB01200021404209F07FFB134B73
:10305000984600239A4608930A93114B0B93114B01
:103060000C9300253DE0C046EC0E0020F84D011009
:10307000F04D0110204E0110400D0300284E0110AC
:10308000384E0110484E0110584E0110644E011088
:10309000744E0110804E01108C4E0110D863011047
:1030A000984E0110AC4E011043460120196810AA39
:1030B000FFF728F9061E059048D14423E35C002B56
:1030C00003D05723E35C002B04D0207C002801D0E0
:1030D000FEF780FD0120013505F070FB282D00D1A1
:1030E00085E0AB07E0D16B1C0B9A009340210A9B53
:1030F00012A808F0B9FBD0203822000643683A270E
:103100001B06D90FA15442680B00D205D10F3922FA
:10311000A15442689205D00FE055069A02900191A1
:103120000093A02112AB584608F09EFB5A4607991F
:103130000120FEF771FA01200021404209F006FB50
:1031400001200021404209F001FBADE7D0203822E8
:10315000000643683A271B06D90FA15442680B00AA
:10316000D205D10F3922A1544268A1469205D00F51
:10317000E055069A029001910093A0210C9B5846BD
:1031800008F072FB5A4607990120FEF745FA012024
:103190000021404209F0DAFA01200021404209F002
:1031A000D5FA00239A46093B00229C460720544644
:1031B00008950996634601279B1A03409F403B00F0
:1031C00095B2ED080CAF013510377D5D64002B40E2
:1031D0005D1EAB4101321C43202AEBD1A24653466F
:1031E0004C46089D099E002B59DB089665E753461F
:1031F000002B00DA28E304220A9B904401330A934F
:10320000032B00D02DE7CD4BD025382039262D06B5
:103210006A6881461206D10F21540A006968C905FF
:10322000C80FA055010068688005C70F0297381CB9
:103230003A27E05501910092A021069A584608F0DD
:1032400013FB5A4607990120FEF7E6F901200021F9
:10325000404209F07BFA01200021404209F076FA51
:103260005346002B52DB089B002B1ED00E9AB44B0A
:10327000283261CB61C2110025CB25C105CB05C128
:103280001B880B800F9B002B2AD1002399464846B0
:103290004BB0F0BCBB46B246A946A046F0BD059B6C
:1032A00099464B460893A74BAEE749466B683800F2
:1032B0001B06DA0F625413006A68D205D10F0F00A3
:1032C000A1556A689205D10F21540E9801919E4A2A
:1032D00060212830009708F0C7FA0F9B002BD4D04C
:1032E0000D9D0520A560002D00D09BE105F0FCFCA4
:1032F000002800D195E2954B95490D930D9BC01880
:103300000123884200D398E16363BEE749466A68B7
:103310001206D30F63541A006B68DB05D80F010047
:10332000A0556B6844269B05D80FE055894B029049
:1033300001910092A021069A584608F095FA5A4643
:1033400007990120FEF768F901200021404209F0A9
:10335000FDF901200021404209F0F8F93C23002248
:10336000E25452460E9B00255A60FEF75FFD57233C
:10337000984611235A4688210220FFF7AFFA002809
:103380002DD1A35D002B03D04346E35C002B04D07A
:10339000207C002801D0FEF71DFC0135042DE8D16A
:1033A0000E996D4B28310A0061CB61C223CB23C239
:1033B000196811609B88938064E70520A36005F07D
:1033C00093FC002800D11BE1614B644AC018012323
:1033D000904200D93BE2636301230F93E1E40E9D29
:1033E00000210A350F22280006F08AFE03214942F7
:1033F00007268C46A046340001270C40A7408AB21D
:10340000D3433C005F469BB2DB08FB5C1C420BD005
:10341000634601249A1A8B1C33409C40230092B2CD
:10342000D208AC5C2343AB5401390B007B33E2D1AF
:1034300044464423E35C002B03D05723E35C002B7A
:1034400003D0207C002800D0F4E057230025442638
:1034500098468021032010AA4902FEF753FF002856
:1034600012D1A35D002B03D04346E35C002B04D0B4
:10347000207C002801D0FEF7ADFB0135042DE8D1FA
:103480000E99374B28318EE70CAB1A7C8146930698
:10349000D106DB0FC90F5B000B431107C90F5B009F
:1034A0000B4351075B00C90F194393074900DB0F1A
:1034B0000B4301215B000A4082461343032B00D0DB
:1034C000A1E04423E35C002B03D05723E35C002BF3
:1034D00004D0207C002801D0FEF77CFB12ABD02565
:1034E000069353460427CA462D0607933C23E25C05
:1034F000013BE15C002A00D176E1002905D0D02211
:103500008021120691620022E2540022002107204D
:1035100004F074FB6378002B00D07CE13C23E25C78
:10352000013BE15C0698012680460E4B05971293FD
:103530000D4B838080230727994635E0E04D01102D
:10354000FC4E0110D44D0110BC4E0110A0860100AC
:10355000400D0300204F01108C4F01107F1A060010
:103560006C4F01104900010000F1FFFF002B6ED0ED
:10357000002904D04B460022AB623B23E2540022D8
:103580000021072004F03AFB6378002B6AD18022E7
:103590005200AA61636B002B1CD16A613B23E15C82
:1035A000013F23D33C23E25C43461B783B4133403D
:1035B000002ADBD1002945D1002B4DD04B466B6151
:1035C0004B4680226B623B235200E654AA61636B38
:1035D000002BE2D0033BFDD2636B6A61002BDDD090
:1035E000033BFDD23B23E15C013FDBD201230CAA6C
:1035F00098441D339B1898453AD03C23E25C99E7E8
:103600003A23FF33E7E60E99934B28310A0061CB4A
:1036100061C203CB03C21B8813800F9B002B00D118
:1036200033E65DE605F060FB6900002800D065E642
:103630008A4863E6FEF7CEFA07E705F05BFD030074
:10364000636322E6002B0AD14B46AB619FE74B46F2
:10365000AB6100299BD1B4E74B46AB61B0E74B4669
:103660006B6194E700220121072004F0C7FA8EE77E
:10367000059F002904D080230022AB62453BE25421
:1036800000220021072004F0B9FA6378002B00D053
:10369000B5E011220021584606F032FD802380203B
:1036A00080269B00400006E06861002A13D0013BA1
:1036B0009BB2002B3FD06A68A861616B3240002941
:1036C000F2D00339FDD2616B68610029EDD0033976
:1036D000FDD2002AEBD107220223D0218020904680
:1036E000063AD146802694465B420906400013E024
:1036F0004861002A0CD0454667461D40AF40DA437A
:103700003D005F4692B2D208BF5C3D435F46BD5468
:10371000013B1A00893223D04A688861656B3240C8
:10372000002DE5D0033DFDD2656B4861002DE0D052
:10373000033DFDD2DDE74423E35C002B03D0572398
:10374000E35C002B04D0207C002801D0FEF742FA75
:10375000013F002F00D0C9E60E99414B283122E6E7
:103760000E9D002119350F22280006F0C9FC032107
:10377000494207268846A446340001270C40A7404A
:103780008AB2D3433C005F469BB2DB08FB5C1C4221
:103790000BD0434601249A1A8B1C33409C402300D3
:1037A00092B2D208AC5C2343AB5401390B007B339B
:1037B000E2D101230E9A6446138113700F9B002BF4
:1037C00000D164E50D9D0520A560002D31D005F0E8
:1037D0008BFA6900002800D120480D9BC0180123F6
:1037E000884221D2636352E500290ED1D021802086
:1037F0000906486148620121E154079992E60022D6
:103800000121072004F0FAF943E7D02380211B06A9
:103810005961079986E600220121072004F0EEF99C
:103820007CE6104B636330E505F064FC03006363E2
:103830002DE505F059FA002803D00B4B0B490D93E9
:10384000CBE7084B636322E5089B994629E50849C5
:1038500005F050FC0300BEE5344F011040597307DA
:103860004C4F011071020000A0860100400D0300C2
:10387000801A0600F0B5D64646464F46C0B5A4B0FD
:1038800002AC0600200088469246FFF73FFA031E6E
:1038900081465DD04246E37921895B06DB0F3180AA
:1038A000137000223C23364C0720E25409046A4678
:1038B00006254427FEF726FD00281ED1E35D002BD8
:1038C00003D05723E35C002B04D0207C002801D0D8
:1038D000FEF780F931886A4609040320013DFEF7AE
:1038E00011FDFEF7A3FA002D3DD031886A4607206E
:1038F0000904FEF707FD0028E0D043461B78002BA3
:103900001FD10425442680216A4610208900FEF735
:10391000F9FC002815D1A35D002B03D05723E35CED
:10392000002B04D0207C002801D0FEF753F9013D84
:10393000002DE8D11D225046124906F0E7FB002376
:103940009946484624B0E0BCBA46B146A846F0BD08
:103950002833E35C002B10D10B4B602150460B4AFF
:1039600007F082FFEBE728225046094906F0CEFB1C
:1039700043461B78002BE4D1C3E70CABEDE7C04610
:10398000EC0E0020C04F0110AC4F0110BC4F0110D5
:10399000E04F0110F0B5DE4657464E464546E0B5CD
:1039A000CD4CA544B5AB9B4601235A46138000235A
:1039B00004AA6332137004A9633358461DAA591828
:1039C000FFF758FF002800D17BE10623D92699464E
:1039D000F60004ABF618C14BC14C1993C14B1893B8
:1039E0005723042544279846062332003021082017
:1039F000FEF774FF00285BD1E35D002B03D0434644
:103A0000E35C002B04D0207C002801D0FEF7E2F814
:103A1000013D002DE8D1189A1DAB23CA23C323CA48
:103A200023C31188198092789A705B461F884423BB
:103A30009846133304259A463F0432003900072084
:103A4000FEF760FC00280FD14346E35C002B03D057
:103A50005346E35C002B04D0207C002801D0FEF705
:103A6000B9F8013D002DE8D104AB63331B78002B7E
:103A70002CD0FEF7DBF901235B4299444B46002B27
:103A8000AED104AB64331B78002B4CD1964BC821CC
:103A90003000964AC90007F0E7FE3000FDF7E0FD70
:103AA000934B9D44F0BCBB46B246A946A046F0BD30
:103AB00035A8FEF7E3FA002837D1199A1DAB23CABF
:103AC00023C303CA03C312781A70AEE74423844D9C
:103AD000EB5C002B22D1287C002801D0FEF77AF87D
:103AE00044239846133304279A468021320010203D
:103AF0008900FEF707FC0028BBD14346EB5C002B96
:103B000003D05346EB5C002B04D0287C002801D066
:103B1000FEF760F8013F002FE7D1AAE75723EB5CDF
:103B2000002BD8D1DCE71DABB1E7C323802504A867
:103B30001B18594601229C460F276E48AD0001E034
:103B40000132023163469B5C1C093B40045DC35C4F
:103B50000C704B70AA42F3D1802359460022DB003F
:103B6000CA546A9BC4279946E22304AAD219D35C9B
:103B700004AA9A46E023D219D15C04AAD219033BC5
:103B8000D35C08001A00199318910023002106F055
:103B9000A3F9430BCC041C199023390004AAD719AC
:103BA0009122FB5C04AF7F18BA5C1B021204134322
:103BB0008F2204AF7F18BA5C04AF13431B93932387
:103BC00094227F18FB5C04AF7F18BA5C1B021204BE
:103BD0001343922204AF7F18BA5C04AF13431A93C5
:103BE00096237F1804AAFF5C52180133D35C3F026E
:103BF0001B041F43952304AA5218D35C04AA1F4335
:103C000099235218D35C9A22C50404A84018825CF8
:103C10001B0212041343982204A84018825C00215E
:103C2000134398465A462300169240462A0006F04F
:103C300053F92A001490159123003800002106F052
:103C40004BF92A001290139123001A98002106F0D4
:103C500043F9109011911B992A008B46230008000C
:103C6000002106F039F90C971A9F42460B975F46E0
:103C7000199B0E900F910D920A970895099407933E
:103C8000189B04AA0693A023C432D35C35AA0593DB
:103C9000B323D35C4A46049353465B0403935346D1
:103CA00002934B46C821DB0D520200920193300073
:103CB0004B46114AC90007F0D7FD3000FDF7D0FC94
:103CC000EEE6D92604ABF600F61804AB64331B7895
:103CD000002B00D1DAE626E7E4F2FFFF1C500110CA
:103CE000EC0E0020D4510110085001103450011086
:103CF0001C0D0000C463011068500110F0B54E4661
:103D0000DE4657464546E0B5C7B0109346239E4E63
:103D10000F920B900591F35A1A1C002B00D101222F
:103D200093B2B568099304F0DFFE002900D11CE2CC
:103D3000FA220023920005F01BFA08900023934A10
:103D4000137007920022924B90469D4200D855E294
:103D50000B9B00275B020A930623994600231193CD
:103D60008C4B13950E93434612934B46B8460693DD
:103D7000336E0133336604F0B7FE002900D177E0DB
:103D8000FA220023920005F0F3F9089BC01A824B37
:103D9000984200D976E0059B0A9D002B00D00B9D30
:103DA0005723032444279A46B36E29000133112078
:103DB00018AAB366FEF7A6FA002800D07CE0F35DEF
:103DC000002B03D05346F35C002B04D0307C00283A
:103DD00001D0FDF7FFFE013C002CE5D10123984402
:103DE000F36E0E9A0133F366079B13CA13C311884F
:103DF000198092789A704346012B09D9119B012BA7
:103E000000D8DBE1FDF706FC002801D000F07FFCC4
:103E10004423F35C002B03D05723F35C002B04D026
:103E2000307C002801D0FDF7D5FE05990998FEF7F2
:103E3000FBFC002869D0069B013B0693002B97D121
:103E4000129B139D98464346002B00D0EEE1109B39
:103E5000002B03D0509B002B00D075E000239B4625
:103E6000584647B0F0BCBB46B246A946A046F0BD96
:103E7000FA21890005F03EF9089BC01A464B98428A
:103E800000D888E7129B079A9846444B139D13CBA2
:103E900013C213CB13C21B681360FDF7BBFB0028D2
:103EA000D1D03F4A3F490120FDF7B6FB0120002158
:103EB000404208F04BFCC6E70F9B8146002B1ED00A
:103EC0005723F35C002B00D155E1FDF7A3FB02283B
:103ED00000D9E9E1344B1A78002A00D1B8E1334C1B
:103EE0002378002B6ED1079A314B13CB13C203CB2F
:103EF00003C21B881380FDF78DFB012834D8336F74
:103F0000013333670023984682E7B36F079A013382
:103F1000B367284B13CB13C213CB13C219681160BC
:103F2000998891809B799371FDF774FB012800D8E3
:103F300081E7214A1B490220FDF76EFB0120002189
:103F4000404208F003FC76E7079A1378002B00D074
:103F5000DFE3104B01930623184A009350990B9B03
:103F6000109807F081FC79E70220154A0D49FDF70A
:103F700053FB01200021404208F0E8FB336F01337E
:103F800033670023984643E7EC0E002038280020D2
:103F90009F86010000520110701700003852011076
:103FA00054520110204E0110F82F0020F72F00204E
:103FB00004540110B4540110D4540110F8540110E9
:103FC0001C540110E34B9B468023E34D5B022A689F
:103FD0001A93931D1B03D2011343E04A052013409B
:103FE0008022D20513431B93C0231B031C931D92F5
:103FF00004F07AFE05F0DCFF041CB06805F0D8FF81
:10400000D74905F0A0FF011C201C05F088FFFE2108
:104010008905041C05F0C6FFA246002800D05FE316
:104020001B99D04B1D9A194090231B050B431B93E2
:10403000CD4BEC211A409423DB0213431D931C9AB1
:10404000CA4B89051A4081231B04134350461C9315
:1040500005F062FF071C05F0D3FF84B20023002C9B
:1040600000D02DE324041C435B461968C04B082094
:10407000C918090D0631C9B21A9403F0A7FD5B46B1
:104080001968BB4B0920C918090D0631C9B203F0E4
:104090009DFDB84B0124984619685B4608221868B4
:1040A000012300940AF064F8434619685B461868D7
:1040B00000230922009301330AF05AF84346196895
:1040C0005B462A6818681AAB0AF0AAF85B461A68B9
:1040D00043462000196813688840834313604B00EF
:1040E0005B18A548DB00D3181B1880200006186059
:1040F0001860802304318C409B01D218146004F0B6
:10410000F3FC5B4604000D00B34601271E000C942F
:104110000D95434619683C000B0010339C403068F5
:104120002300426814001C401A4200D1C7E004F08A
:10413000DBFC0C9B0D9CC01AA141002903D1FA2382
:10414000DB009842E5D9079A8C4B5E4613CB13C22D
:1041500013CB13C21B781370FDF75CFA002800D153
:10416000CDE60120864A874901E7FA21890004F05B
:10417000C1FF0890E2E50F98FDF780FF002800D10D
:10418000BDE6129BCB469846139D736E0133736652
:104190004346002B00D163E60520B560002D00D119
:1041A000DBE304F0A1FD6900002800D1764828185F
:1041B0000123884200D363E3736351E60133119313
:1041C000FDF784FCFDF79EFD172312A91EAA5918BE
:1041D0001AA8FFF74FFB002800D085E2FDF71AFA76
:1041E000002800D114E6694A66490120FDF714FA57
:1041F00001200021404208F0A9FA09E6644B05209D
:10420000B36004F071FD002800D184E2604B614A84
:10421000C0180123904200D938E37363FDF7FAF91F
:10422000002800D07EE20123984691E50520B56084
:10423000002D00D181E204F057FD6900002800D173
:10424000514828180123884200D3A8E27363FEE591
:104250000122514C514821001A7009F0D7FE002864
:1042600000D194E24D483B4B00219B46186009F079
:10427000B1FE404B98461860013000D0C5E2484C72
:104280002378002B00D09FE6FDF7C4F9002800D06A
:1042900001E32378002B00D096E6079A414B23CB0D
:1042A00023C21B6813601BE63F4A36490320FDF713
:1042B000B3F901200021404208F048FA0AE6330031
:1042C0008F405E46394A9B460B1D9B001A5003687F
:1042D00005211F4307600023B2683548149404F099
:1042E00047FF344B1590984200D249E2FDF792F90E
:1042F000022800D959E204F0F7FB0D0008218C4692
:104300002D4942468A46414604005B46B0465F4618
:104310000E0012680C940D951B68944464460121AC
:104320005868A14004000C40A346084200D18CE02C
:1043300004F0DAFB0C9C0D9D001BA9413B68326820
:1043400000293BD1159CA04238D808318C469444B2
:10435000E4E7C046E40E0020302B0020FFFFFF9F63
:1043600000004040FFFFFFE0FF03F0FFFFFF0A3EB9
:104370000000E0AFE42F0020D0100000E452011054
:1043800000530110204E0110405973076054011072
:10439000A08601003F0D0300E463011000003050CF
:1043A000F72F0020D4520110785201100F10000096
:1043B000002C72AC881300004C2B0020012004005C
:1043C000944019684646A143196051008918DE4C93
:1043D0000432C900904059188022091980249201A2
:1043E0009B1824060C600C6018600799D74B15CBFE
:1043F00015C11A880A809B788B70FDF70BF900288D
:1044000000D0EBE10521082003F0E0FBD02480235D
:1044100024065B00636205216361092003F0D6FB7B
:10442000092003F0FDFB80239B00A36200220021F2
:10443000092003F0E3FB7378002B00D153E5002241
:104440000121092003F0DAFB4DE56146544689005D
:104450001498C9582154411CBD481491814200D080
:104460005CE738005F4683460120310090404646B5
:1044700088461968D0248143196051008918B248D0
:10448000C900591809188020000608600860012139
:10449000043291400A00802189015B181A600521CD
:1044A000082003F093FB802324065B006362052150
:1044B0006361092003F08AFB092003F0B1FB80232C
:1044C0009B00A36200220021092003F097FB737870
:1044D000002B00D04CE2802451460022A4009D48CD
:1044E00054440B781B0253405D001BB2002B00DAD2
:1044F00045406A002D0400D542405300120400D507
:1045000043405A001B0400D542405300120400D51A
:1045100043405A001B0400D542405300120400D50A
:1045200043405A0092B21B0400D5424001318C42F4
:10453000D7D180245346A4001B5B14925BBA9BB274
:104540001593934200D1EAE15146834A53468A5C6F
:104550003320944655211B5D5546B2467F4E0C9341
:10456000EB5D1A091B01D218D2B293089200824364
:1045700003401343DBB25A085B000A408B431A43E3
:10458000F2550137A742EBD1350080210C9B5646EE
:104590002A009A460027890068186E491478240278
:1045A0007C40670024B2002C00DA4F407B003F04BF
:1045B00000D54B405C001B0400D54C406700240430
:1045C00000D54F407C003F0400D54C4067002404D8
:1045D00000D54F407C003F0400D54C406700BFB27F
:1045E000240400D54F4001329042D7D153463320A6
:1045F00055211A091B01D218D2B2930892008243A6
:1046000003401343DBB23C005F085B008B439A46D8
:1046100063461A091B01D218D2B293089200824352
:1046200003401343DBB25A085B000F400A408B4340
:1046300051461A430F433902D7B20F43BFB2A742C4
:1046400000D133E1FCF7E6FF012813D9159BA02127
:10465000434A00930297149B01941EA807F004F9A3
:10466000404902201EAAFCF7D7FF0120002140424A
:1046700008F06CF8736F079A013373673A4B13CBEA
:1046800013C21968012011601B79040013715B4685
:104690001A684346196813688C40A34313604B00A3
:1046A0005B18294CDB00D3181B19802424061C60DE
:1046B0001C608023043188409B01D218106012E4F2
:1046C000200005F075FC011C381C05F022FC872138
:1046D000C90505F038FC05F093FCC3B21B02C1E428
:1046E000FE239B059A469BE412AB1A8C4623F2529A
:1046F00012AB0992DA7D45230592F254FCF78AFF4A
:10470000002800D0ACE000239846FFF781FB174A51
:104710006AE513001EE4164B7363FCF77BFF002869
:1047200000D180E5134A0F490120FCF775FF0120F5
:104730000021404208F00AF875E504F0D5FA002897
:104740005FD00D490D4D7CE5D0100000485301109D
:10475000020200002110000001020000582D00207C
:10476000A0530110204E0110F05301108C54011081
:104770007102000010520110400D0300A0860100DC
:104780001593FCF747FF022800D8B4E50DE021009F
:104790007A4809F03BFC00286DD0784863E504F0C6
:1047A000A9FC03007363FFF752FB7549504605F0FF
:1047B000CAFB05F025FC159903000091714AA02160
:1047C0001EA807F051F870491EAA0320FCF724FF29
:1047D00001200021404207F0B9FF8CE56B4BA0217E
:1047E00000936B4A149B1EA807F03EF866491EAA68
:1047F0000120FCF711FF01200021404207F0A6FF35
:1048000000E6644B7363FFF722FB5B4621001868E8
:1048100009F03AFC0123604D604C28602370FCF7DE
:10482000F9FE012800D82BE55A46544B12689A42EB
:1048300000D190E05A4B29685A4A019141460968D3
:104840001EA80091A02107F00FF84F491EAA0220D0
:10485000FCF7E2FE01200021404207F077FF0FE560
:10486000514A49490120FCF7D7FE0120002140426E
:1048700007F06CFF47E74D4B484C9B461860FFE440
:1048800004F038FC03007363FFF7EAFA484904F0C8
:1048900031FC0300C1E4474A3B490120FCF7BCFE60
:1048A00001200021404207F051FFF2E4129B2F004B
:1048B0009846CB46139DFCF7ADFE01280FD9230087
:1048C000A0213D4A1EA806F0CFFF2F4902201EAAB4
:1048D000FCF7A2FE01200021404207F037FF8022B2
:1048E000390092000F9805F011FCD02280211206A9
:1048F000490053689161736B002B07D151612F4BB5
:1049000007991A880A809B788B703EE4033BFDD29E
:10491000736B5161002BF2D0033BFDD2EFE7129B8A
:10492000CB469846139DFCF775FE01280FD9A021B0
:10493000234A149B1EA806F097FF134902201EAAC3
:10494000FCF76AFE01200021404207F0FFFE8022B2
:1049500051469200C6E71B4B6DE704F0C5F90028ED
:1049600002D01349184D22E40A4B7363FFF778FA1B
:1049700000220121092003F041F9ACE5000020509C
:1049800000007A441C530110204E01100202000066
:104990005853011071020000302B0020F72F002027
:1049A000F85101109052011034540110E40E00200F
:1049B000400D0300B452011078530110B44D0110A2
:1049C000D8530110F0510110A0860100F0B5DE4669
:1049D00057464E46454699465623E0B54B4D8BB05B
:1049E0000795EB5C834614000127002B00D17CE087
:1049F000A32380269B00ED18149BB60098460691D1
:104A000005E05823079AD35C9F4253D801374346A9
:104A10000699009322004B4658468A46FFF76EF9E6
:104A20000028EED04346514600932A004B46584694
:104A30000691FFF763F982460028E2D08022290020
:104A4000200092000AF04EF900285CD0069A00235C
:104A5000924602E00133B34240D0E15CE85C81421F
:104A6000F8D05246089106924A46002AC9D04246DA
:104A7000002AC6D05A1C511E8A4152421340244A71
:104A8000099258221100079A525C08999446012213
:104A900094446246029004920191099A009341461F
:104AA0005B464846039706F0DFFE5823079AD35C1F
:104AB0009F42ABD94B46002B06D0149B002B03D052
:104AC0004B461B78002B17D00023984640460BB06E
:104AD000F0BCBB46B246A946A046F0BD534606937D
:104AE000002300200893013BBEE7149B00934B4634
:104AF000FFF704F98046E9E75B464846054A149902
:104B000006F0B2FEE0E7D046E0E7C046EC0E00203B
:104B1000285501106C55011070B584B003F0E4FF06
:104B200000294AD0FA220023920004F021FB2A4CEB
:104B3000A5686061A0610520002D38D004F0D4F88C
:104B40006900002800D125484019012388423FD23E
:104B50006363FCF7F5FF192003F062F8D02580228B
:104B6000012100261E4B2D0692046A6219701D4B0E
:104B70001E706A6103F028FD1B4B1C4A02931C4BFC
:104B80000196009301235B4203F00CFF38226B680F
:104B90001B06DB0FA3546B680132DB05DB0FA3544C
:104BA0006B6801329B05DB0FA35404B070BD04F0A9
:104BB0009BF8002806D10F4BCAE7FA21890004F0C0
:104BC00099FAB4E70C4D0D49401901238842BFD32F
:104BD00004F090FA0300BBE7EC0E00204059730785
:104BE000E80E0020F42F0020A81E00206079FEFFB0
:104BF000DD19001071020000A0860100400D0300C5
:104C00000023F0B50026224CADB063804433E65457
:104C10009323D025DB00E6542D063033E6546B6831
:104C200004A81B06D90F3823E1546B680A00DB0582
:104C3000D90F3923E1546B689B05DF0F3A23E75402
:104C40000297144F144B01910092A0213A0006F0F4
:104C50000BFE04AA11490120FCF7DEFC0120002113
:104C6000404207F073FD01200021404207F06EFD35
:104C700001220B4B1E700B4B1A7080239B046B613F
:104C80002378002B01D12DB0F0BDFCF759FFFAE7D6
:104C9000EC0E0020F84D011088550110204E011037
:104CA000F42F0020E80E0020F0B54546DE465746BA
:104CB0004E46E0B5DE4C8846A5440522DD49040099
:104CC0000AF0D6F8002800D094E02000DA490AF073
:104CD00053FB002800D1EAE02000D8490AF04CFB41
:104CE000002800D1DCE02000D5490AF045FB00286F
:104CF00000D1D1E02000D3490AF03EFB002800D1CA
:104D000081E02000D0490AF037FB002800D13EE1C5
:104D10002000CE490AF030FB002800D15FE12000DE
:104D2000CB490AF029FB002801D100F052FD2000F8
:104D3000C8490AF021FB002801D100F059FD2000EC
:104D4000C5490AF019FB002801D100F038FD200008
:104D5000C2490AF011FB002801D100F003FE200037
:104D6000BF490AF009FB002800D1B5E12000BD4988
:104D70000AF002FB002801D100F017FE2000BA491A
:104D80000AF0FAFA002801D100F06CFE2000B749C1
:104D90000AF0F2FA002801D100F07AFF2000B449AD
:104DA0000AF0EAFA002801D101F00EF82000B1491A
:104DB0000AF0E2FA002801D101F0DFF82000AE4944
:104DC0000AF0DAFA002801D101F047FA2000AB49D5
:104DD0000AF0D2FA002801D101F0C1FB2000A84955
:104DE0000AF0CAFA002801D101F02AF9A548FCF717
:104DF00037FC00E00020A44B9D44F0BCBB46B2460B
:104E0000A946A046F0BDA14A2821A14B48A8914639
:104E100006F02AFD404648A90AF0C4F9041E13D042
:104E200048A80AF0EDFA24180422200099490AF053
:104E30001FF8002800D1F7E00522200096490AF06B
:104E400017F8002800D1F6E2944C4A462821944BEA
:104E500048A806F009FD404648A90AF0A3F9061E35
:104E600015D048A80AF0CCFA361804223000894937
:104E700009F0FEFF002801D100F06EFD0522300090
:104E8000854909F0F5FF002801D100F09CFD237849
:104E9000002B01D0FCF754FEFCF724FD0120AAE70B
:104EA000FFF7AEFE7F48FCF7DBFB0120A3E70027FE
:104EB00044237A4CD026E7549323DB00E75436068C
:104EC0003033E754736860801B06DA0F3823E254EE
:104ED00073689446DB05DA0F3923E2547368614640
:104EE0009B051000DA0F3A2348ADE2546E4B029254
:104EF00001906E4A00912800A02106F0B5FC2A001E
:104F00006B490120FCF788FB01200021404207F09B
:104F10001DFC01200021404207F018FC654B664A49
:104F20001F7099460123137080239B0473612378BB
:104F30009246002B01D000F03EFC01234A4626AEEB
:104F400030001370FDF7E2FE002800D09CE2282319
:104F5000F35C002B41D1594BC0212800584A8900ED
:104F600006F082FC2800FCF77BFB00234A46137006
:104F7000524601331370D02380221B0692045A61DB
:104F80002378002B8AD0FCF7DBFD012033E73F4A72
:104F900048AD28214B4B2800914606F065FC2900BE
:104FA00040460AF0FFF8041E00D1ECE128000AF0A8
:104FB00027FA4549201826AA09F068FE374C01282F
:104FC00000D0E1E1269B414A934200D91300404AB8
:104FD000934200D21300A360D6E130ABBCE7442378
:104FE0002E4CE0549323DB00E0543033E054012393
:104FF0006380FCF777FC3823616AE35C0491216AE3
:10500000344A0391E16902913A21615C01913921AD
:10501000615C0091A02148A8490006F025FC48A841
:10502000FCF71EFB0120E6E601231C4C23700CE775
:10503000DCFBFFFFA4550110144901103856011084
:105040006C5601107C560110AC560110EC56011044
:105050006057011074570110A457011054480110F3
:10506000B85701104058011070580110E85901104C
:10507000105A0110505B011058490110AC49011041
:10508000F44901107C5D011024040000504C011013
:1050900088560110A0430110A8430110EC0E002017
:1050A0009C5601104456011088550110F84D01100E
:1050B000204E0110F42F0020E80E0020945501101E
:1050C00000560110BC5601107453011000093D0038
:1050D000A08601000057011093220023D74CD20074
:1050E000A3543032A3545723012248ADE254D44A8A
:1050F0002821D44B60802800914606F0B5FB29009A
:1051000040460AF04FF826AE071E0CD028000AF0E1
:1051100077F926AE3200CC49381809F0B7FD0128DE
:1051200001D1269BA3644A462821C84B280006F0DB
:105130009BFB290040460AF035F8071E01D100F01C
:105140004EFC28000AF05CF93200BF49381809F01B
:105150009DFD012801D000F042FC269B9A46002BC1
:1051600001D101339A464A462821B94B280006F05E
:105170007BFB290040460AF015F8071E01D100F01C
:105180002AFC28000AF03CF93200AF49381809F02F
:105190007DFD012801D000F01EFC269B9B464A465F
:1051A0002821AC4B280006F05FFB2900404609F09F
:1051B000F9FF071E17D028000AF022F9BC468444E4
:1051C000674604223800A44909F052FE002801D1A4
:1051D00000F093FD05223800A04909F049FE00289F
:1051E00001D100F0C8FE4A4628219D4B280006F058
:1051F0003BFB2900404609F0D5FF071E17D02800C9
:105200000AF0FEF8BC4684446746042238009249FE
:1052100009F02EFE002801D100F06AFD05223800B9
:105220008E4909F025FE002801D100F0A2FE4A4671
:1052300028218C4B280006F017FB2900404609F076
:10524000B1FF071E16D028000AF0DAF832007E49B6
:10525000381809F01BFD01280CD1269B012B08D919
:1052600004211A1F8A4304D0042B01D800F0C3FE86
:10527000082323744A4628217B4B280006F0F4FAC1
:105280002900404609F08EFF071E00D1A1E3280047
:105290000AF0B6F832006C49381809F0F7FC01281A
:1052A00000D096E3269B082B00D908231F004A460E
:1052B00028216E4B280006F0D7FA4046290009F055
:1052C00071FF8046002800D181E328000AF098F899
:1052D00032005D49404409F0D9FC012800D076E352
:1052E000269B202B00D9202352465846E2640022F8
:1052F0002265002800D18CE3802149000A00884201
:1053000003D80200102800D21022542162525822E1
:10531000A7540132A354002300210132A3520232C8
:10532000A1540232A3522232A3500432A3500432B9
:1053300023666366A366E36623676367A367E36721
:10534000A35003F0D1FB002900D15DE3FA22002332
:10535000920003F00DFF464B2A00E0500433E0506A
:10536000444BE0501EAB190030009946FEF782FA1C
:10537000002800D037E344232900E0543E48FCF7DE
:105380004FFB012037E52D4C4A4628213B4B280096
:1053900006F06AFA2900404609F004FF061E10D004
:1053A00028000AF02DF82849301826AA09F06EFCCA
:1053B000012806D1269B324A934200D8C0E213004E
:1053C000E3604A462821274B280006F04DFA2900C1
:1053D000404609F0E7FE061E16D028000AF010F835
:1053E0001949301826AA09F051FC01280CD1269B36
:1053F000012B08D904211A1F8A4304D0042B01D899
:1054000000F0B0FC08232374A5680520002D00D10E
:105410009BE203F069FC6900002800D1194840199B
:105420000123884202D303F065FE03006363FCF7A7
:1054300059FA0120DFE40023F7E5C046EC0E002016
:10544000504C0110C857011074530110D45701106B
:10545000E0570110EC570110A0430110A8430110C0
:10546000F8570110DC5601100058011010580110B7
:105470008C0400009404000020580110C85601104C
:1054800088130000405973070F21727BF37A94460A
:105490000993337BD24A18090B40D35C105C1B0282
:1054A00003436046B77A0009105C0E97CD4F0004A5
:1054B0003B40034360460840105C1B021B0A000689
:1054C00018430A90F07BB37B844618090B40D35CE9
:1054D000105C1B02034360460009105C3B40000463
:1054E000034360460840105C1B021B0A0006184379
:1054F0000B90707C337C844618090B40D35C105CA5
:105500001B02034360460009105C3B400004034358
:1055100060460840105C1B021B0A000618430C90F2
:10552000F07CB37C844618090B40D35C105C1B02F2
:10553000034360460009105C3B400004034360469F
:105540000840105C1B021B0A000618430D90707D7A
:10555000337D844618090B40D35C105C1B02034367
:1055600060460009105C3B40000403436046B846B7
:105570000840105C1B021B0A00061843B37D8446DA
:1055800018090B40D35CF77D105C1B02089703439E
:1055900038094746105C3B400004034308980E9FBF
:1055A0000840105C1B021B0A000618433B090F4011
:1055B000D75DD35C3F023B43099F08903809105CDC
:1055C0000F4000040990404603400998D75D03430B
:1055D0001B023F061B0A3B43169363460A983C276F
:1055E00017900B9818900C9819900D981A901B937F
:1055F0000898337E1C901809105C0B4084460EA856
:10560000C019674607703D27D35C0EA8C3553E20DE
:1056100000270EAB18180770307FB37E84460893BE
:10562000F37E777E18090B40D35C105C1B020343AA
:105630006046099747460009105C3B40000403435D
:1056400060460840105C1B021B0A000618430A90C3
:10565000B07F737F844618090B40D35C105C1B023B
:10566000034360460009105C3B400004034360466E
:105670000840105C1B021B0A000618430B902020F8
:10568000305CF37F844618090B40D35C105C1B022E
:10569000034360460009105C3B400004034360463E
:1056A0000840105C1B021B0A000618430C902220C5
:1056B0002123305CF35C844618090B40D35C105CFA
:1056C0001B02034360460009105C3B400004034397
:1056D00060460840105C1B021B0A000618430D9030
:1056E00024202323305CF35C844618090B40D35CF0
:1056F000105C1B02034360460009105C3B40000441
:10570000034360460840105C1B021B0A0006184356
:10571000252384462620F35C305C1F090B40D35CB4
:10572000D75D1B023B430709D75D08403F040E9736
:1057300047463B400E9F105C3B431B02099F0006FF
:105740001B0A034338090F40D75D105C3F02074333
:105750000997089F3809105C099F00043843089F87
:1057600000020F40D75D000A3F0638431E900A989A
:105770001F900B98249320900C98272321900D982C
:10578000229060462390F05C1EAB01400709D75D74
:10579000525C1F775A7700229A773189280002914C
:1057A0007168114A0191C0210093890016AB06F07F
:1057B0005BF8FFF7D7FBFCF7C3F9FFF7BEFB00224E
:1057C0000A4BDA701B78002B01D1FFF765FBFFF75E
:1057D00061FB064B9870FCF785F80120FFF70BFB87
:1057E000C4630110FFFF00FFAC550110EC0E002058
:1057F000894A48AD2821894B2800914606F034F8A3
:105800002900404609F0CEFC041E00D1A8E0280083
:1058100009F0F6FD8249201826AA09F037FA012876
:1058200000D09DE0269B7F4A7F4C934200D8ADE09C
:105830001300E3604A4628217C4B280006F014F848
:105840002900404609F0AEFC061E13D0280009F0DE
:10585000D7FD7349301826AA09F018FA012809D192
:10586000269B734A934200D91300724A934200D296
:105870001300A3604A4628216F4B280005F0F4FF6F
:105880002900404609F08EFC061E15D0280009F0BC
:10589000B7FD6349301826AA09F0F8F901280BD1A1
:1058A000269B012B07D904211A1F8A4303D0042BFE
:1058B00000D87FE3082323744A4628215F4B280041
:1058C00005F0D2FF2900404609F06CFC061E13D0FB
:1058D000280009F095FD361804223000584909F0D7
:1058E000C7FA002800D1CAE105223000554909F065
:1058F000BFFA002800D105E2A5680520002D4AD096
:1059000003F0F2F96900002800D14F484019012343
:10591000884200D3B6E1442263630023A354932258
:10592000D200A3543032A35480225200E169628035
:105930002364226A636AA162E2622363FFF7ACFA1E
:10594000642B00D33CE564233AE503F0CDF900284D
:1059500029D03E49374D62E501236370FFF797FA7E
:10596000314C67E7002344222F4CA3549322D200EA
:10597000A3543032A3546080FEF70CF82378002B38
:1059800001D0FFF700FB0120FFF735FA642B00D3AD
:105990004FE764234DE703F0A7F9002800D175E134
:1059A0002A49244DB2E72A4B40E544221E4B985425
:1059B0001B78002B00D0A8E126482749FCF730F8D7
:1059C0000120FFF718FA00236370FFF760FA042341
:1059D0008AE401276BE400239B46FFF7E0FB0123E9
:1059E0009A46FFF7C0FB462332881C48E2524B46DA
:1059F0001A784523E2540122013B1949E254FCF78D
:105A00000FF80120FFF7F7F9FA21890003F072FB84
:105A1000A1E48022520078E4504C01108857011014
:105A20007453011088130000EC0E0020BC560110C6
:105A300000093D00A0860100DC56011094570110BA
:105A4000A0430110A843011040597307400D030003
:105A500071020000685801105058011038580110A8
:105A60002858011000234422C04C48ADA354992269
:105A7000D200A354BE4A2821BE4B60802800914624
:105A800005F0F2FE2900404609F08CFB26AE071E09
:105A90000DD0280009F0B4FC26AE3200B649381803
:105AA00009F0F4F8012802D1269AB44BE2504A4694
:105AB0002821B34B280005F0D7FE2900404609F005
:105AC00071FB071E0DD0280009F09AFC3200AA498C
:105AD000381809F0DBF8012803D19423269ADB005B
:105AE000E2504A462821A74B280005F0BDFE2900B8
:105AF000404609F057FB071E00D1F6E0280009F0E8
:105B00007FFC32009C49381809F0C0F8012800D009
:105B1000EBE0269B9A46002B01D101339A464A4678
:105B20002821994B280005F09FFE2900404609F0E6
:105B300039FB071E16D0280009F062FC32008E499E
:105B4000381809F0A3F801280CD1269B012B08D99D
:105B500004211A1F8A4304D0042B01D800F0F8FE58
:105B6000082323744A462821884B280005F07CFE30
:105B70002900404609F016FB071E0FD0280009F047
:105B80003FFC32007C49381809F080F8012805D123
:105B9000269B202B00D920235922A35452467C4B0C
:105BA0008021E25095220023D200A350794A490077
:105BB000A3500432A350784AA1520432A350774A2A
:105BC000A3500432A35002F08FFF002900D1C4E09B
:105BD000FA220023920003F0CBFA714B16A9E05091
:105BE0001EAB320018008A469946FDF743FE634B10
:105BF000E1580433E758664BE25808929522D200E8
:105C0000A358644A0993A3580432A2589446002822
:105C10007ED19322D200A054604605910191C0210B
:105C2000029796270693099B5E4A0493089B0A9263
:105C300049005D4A0790039328000A9B009605F0EF
:105C400013FEFF002800FBF70BFDE15951480491BA
:105C50002158564B03914E49554A6158029195215E
:105C6000C90061580096019180214900280005F083
:105C7000FBFD2800FBF7F4FC0120FFF7BCF8012333
:105C8000237139E603F036FA030044E6494B42E655
:105C90009323364CDB00E0542378002B00D08BE1BB
:105CA0009620C0002058354B3F4AE15807903948AC
:105CB000414B2058059106909520C0002058049033
:105CC0003348205803909420C000205801913B494C
:105CD00002900091C02148A8490005F0C5FD48A8E0
:105CE000FBF7BEFC0120FFF786F801239A4616E772
:105CF00001225723E254FFF79AFA01225623E25475
:105D0000FFF771FA00232371F6E5FBF719FF53E65D
:105D10004A4610884622A052524610784522A05486
:105D200093220120D200A054644605910191C02124
:105D30000693099B1C4A0493089B07940393204BEA
:105D4000029700931F4B4900280005F08DFD2800A5
:105D5000FBF786FC0120FFF74EF8FA21890003F0DB
:105D6000C9F93AE70423FFF74EFBC046EC0E0020CA
:105D7000504C0110C8570110745301109C040000CE
:105D8000805801108C580110DC5601101058011079
:105D9000A4040000AC040000B4040000BC04000033
:105DA000C4040000205801109C580110A8430110A1
:105DB000585901107102000068580110F85901107B
:105DC000D859011038580110002344228B4C48AD9B
:105DD000A3549322D200A354894A2821894B60807E
:105DE0002800914605F040FD2900404609F0DAF907
:105DF00026AE071E0DD0280009F002FB26AE3200A9
:105E00008149381808F042FF012802D1269A7F4BB9
:105E1000E2504A4628217E4B280005F025FD290046
:105E2000404609F0BFF9071E00D1C0E0280009F084
:105E3000E7FA32007449381808F028FF012800D02A
:105E4000B5E0269B9A46002B00D182464A4628217F
:105E5000704B280005F008FD2900404609F0A2F922
:105E6000071E16D0280009F0CBFA32006649381810
:105E700008F00CFF01280CD1269B012B08D9042126
:105E80001A1F8A4304D08B4201D800F09FFD0823DB
:105E900023744A462821604B280005F0E5FC2900C0
:105EA000404609F07FF9071E0FD0280009F0A8FA34
:105EB00032005549381808F0E9FE012805D1269B23
:105EC000202B00D920235922A3549A235246DB00C9
:105ED000E2500022514BE25002F006FE002900D1B0
:105EE00084E0FA220023920003F042F99B23DB00B6
:105EF000E0501EAB16A9320018008A469946FDF7FD
:105F0000B9FC9A22414BD200E158444B071EA058DD
:105F1000E258944653D10C3BE754089704916746E6
:105F20000191A0213E4B3F4A490003970290009601
:105F3000280005F099FC2800FBF792FB9A200596B3
:105F4000C0002158354804912158374B03912F49FF
:105F5000089F6158354A029190210093490028001A
:105F6000019705F081FC2800FBF77AFB0120FEF782
:105F700042FF0022BDE60022C0E699231F4CDB0051
:105F8000E0542378002B01D000F0D0FC1F4B254AB1
:105F9000E158224BE058264B0D1803909A200495A7
:105FA000C0002058019102902249FFF732F80123E6
:105FB0009A464BE704237EE4FBF7C2FD70E64B46AE
:105FC0001A884623E25253461A784523E25499230D
:105FD0000122DB00E2546446049101911649174BFB
:105FE0000091104AA021039402903EE6FA21890014
:105FF00003F080F87AE70423FFF73BF9EC0E00206A
:10600000504C0110C857011074530110CC0400000B
:10601000285A0110DC56011010580110D404000059
:1060200020580110345A0110A8430110B85A011029
:1060300068580110685B01103C5B01103858011072
:10604000CB4A48AD2821CB4B2800914605F00CFCEB
:106050002900404609F0A6F8041E01D100F06EFCAC
:10606000280009F0CDF926AE3200C349201808F007
:106070000DFE012801D000F062FC269C4A46282132
:10608000BE4B280005F0F0FB2900404609F08AF8D5
:10609000071E01D100F04EFC280009F0B1F93200D2
:1060A000B549381808F0F2FD012801D000F042FC93
:1060B000269B9B4618239A46002C04D0A246C82C47
:1060C00001D9C8239A463C230022AD4CE254A26871
:1060D000AC4B0B929A4201D900F041FC00230B9388
:1060E0000C93FBF7F3FCFBF735FF002300220021A4
:1060F0000020FCF7F3FBFBF705FE012002F05EFB3E
:10610000D521320008204900FCF7FCF80F90002848
:1061100001D100F020FC092300225B4208949C4638
:1061200007200121A9461400FA2593B2AD00DB082F
:106130005B190EAD5B19944D0F005B196546AD1AE6
:106140000540AF401B7864003B405D1EAB4101320F
:106150001C43202AE8D105224D460A947379B25691
:106160005806D20FC00F520002439806C00F5200CB
:106170000243D8065200C00F10431A074000D20F46
:10618000024358075200C00F10439A074000D20F35
:10619000024352000B401343089C0D934423E35CDD
:1061A000002B03D05723E35C002B04D0207C002875
:1061B00001D0FBF70FFD002208960E9590462500B2
:1061C00091460026140013E04423EB5C002B03D01F
:1061D0005723EB5C002B04D0287C002801D0FBF770
:1061E000F9FC0120013402F0E9FA544500D175E1CF
:1061F000089F06233A0030213720FCF76FFB4B46FF
:106200001843C3B23A00594629209946FCF77AF858
:1062100084460028D8D0002200260990FA2093B2A4
:106220008000DB081B180EA81B18574807271B18EF
:1062300009204042801A3840012787401B787600A9
:106240003B40581E834101321E43202AE6D1099863
:10625000002E00DAC9E38046B6E740464B4916AA4D
:10626000FBF798FB06239946002806D0169B994613
:10627000402B00D82CE140239946FBF727FCFBF785
:1062800041FD00239846424BD0259A463C4C2D06B2
:106290005746072619E0002B40D0002903D0802361
:1062A000AB620023235400220021072001F0A6FC4A
:1062B0006378002B00D0DFE080225200AA61636B7C
:1062C000002B1DD16A61013E30D33B78012233415E
:1062D0003B2013403B32A25C215C002ADBD1002929
:1062E00017D1002B1FD080236B61802301226B62AA
:1062F000453BE25480225200AA61636B002BE1D03F
:10630000033BFDD2636B6A61002BDCD0033BFDD203
:10631000D9E7002B68D18033AB61CDE78023AB6137
:106320000029C9D1E2E78023AB61DEE7194A7B1C73
:106330001F009342ADD13C23E25C013BE15C002AAB
:1063400000D1A8E0002903D08022AA620022E254F2
:1063500000220021072001F051FC6378002B00D0BF
:10636000ACE03C23E25C013BE35C082631E0C04644
:10637000504C0110C45B011074530110CC5B011030
:10638000EC0E0020400D030079FCFFFF845B011040
:10639000BC630110C2630110002B04D080233B2298
:1063A000AB620023A35400220021072001F026FC49
:1063B0006378002B69D180225200AA61636B002BA5
:1063C00015D16A613B23013EE35C002E1CD03C22C8
:1063D000A25C002AE0D1002B54D13B2280336B61B8
:1063E0006B627F3BA354E6E780236B6164E7033B6A
:1063F000FDD2636B6A61002BE4D0033BFDD23B23EB
:10640000013EE35C002EE2D1002B04D08023002269
:10641000AB62453BE25400220021072001F0EEFB75
:106420006378002B40D1434601339846994500D00C
:106430002EE73B23E25C002A05D0D0228021120601
:1064400091620022E25400220720110001F0D6FBE5
:106450006378002B00D0C2E22378002B00D0BBE28F
:106460004B468021BA4A48A805F0FEF948A8FBF738
:10647000F7F80120FEF7BFFC00220121072001F000
:10648000BDFB19E780236B6195E7002201210720FE
:1064900001F0B4FB8FE700290CD18031696169629A
:1064A0007F39E154012360E700220121072001F038
:1064B000A5FBB8E780236B61012356E70022012189
:1064C000072001F09BFB3C23E25C013BE35C4CE7D3
:1064D000002B00D0D1E601339946CEE600272C00F0
:1064E0000E9D0C9B002B00D052E23B23E25C002A65
:1064F00005D0D0228021120691620022E2540022AF
:106500000021072001F07AFB6378002B00D039E2EC
:106510002378002B00D040E20F9A8E4B002A00D047
:106520008D4B4A468B49002A00D08B494246894808
:10653000002A00D08848874C002F00D0864C079650
:106540005E460696564602910A99844A01910D9933
:10655000059600910494A0210390FFF7F4FB16AE7A
:10656000320040467E49FBF715FA002800D1FDE1D4
:10657000320040467B49169CFBF70CFA002800D1FC
:1065800057E2169B9B4610230893002C00D007E28D
:106590003C230125744CA268E554744B0C929A423A
:1065A00000D904E200230C931093FBF78FFAFBF75A
:1065B000D1FC00231A0019001800FCF78FF9FBF733
:1065C000A1FB012002F0FAF800231A0019001800BC
:1065D000FCF784F9FBF796FB00231F009A460B9308
:1065E0001EAB9946624B48AD0D93624B0A950E93D4
:1065F00025003C003EE0FBF70DF8012826D9D0200D
:106600003822000643681B06D90FA95442680B00C4
:10661000D205D60F39223100AE543A26426892058F
:10662000D00FA8550A9E0D9A029001910093E02187
:106630005346300005F018F90E9932000220FAF79F
:10664000EBFF01200021404206F080F84423EB5C80
:10665000002B03D05723EB5C002B04D0287C0028B0
:1066600001D0FBF7B7FA012002F0A8F8089B5345C8
:1066700000D167E14A4659460120FBF743FE5346E5
:106680000133061E9A460990B5D0FAF7C3FF0128D8
:1066900076D80B9B002201330B9309235B42002425
:1066A0009C4607200F95FA2593B2AD00DB085B19D5
:1066B0000EAD5B19304D01275B196546AD1A0540DB
:1066C000AF401B7864003B405D1EAB4101321C4370
:1066D000202AE8D137000F9D002CB7DA26002C00C5
:1066E0000A9D109B002B00D08CE13B23E25C002A2A
:1066F00005D0D0228021120691620022E2540022AD
:106700000720110001F07AFA6378002B00D073E1C2
:106710002378002B00D05CE10E4B002F00D00E4BF5
:10672000099A0C49002A00D00B495846039050465C
:1067300002900B98114A019000912800E0210496E4
:1067400005F092F82800FAF78BFF0120FEF753FBC3
:106750008C5B0110A8430110A0430110D45C011010
:10676000C45B0110CC5B0110EC0E0020400D030057
:10677000205C0110204E011059FCFFFF585C0110F5
:106780004B4618780F968306C206DB0FD20F5B00CC
:1067900013430207D20F5B00134342075B00D20F83
:1067A0001A4383075200DB0F134301225B000240B0
:1067B0001A430023984607332E00002105009C460B
:1067C00040461392FA238AB29B00D208D2180EAB2D
:1067D000D218A54B6746D21809235B425B1A3B408F
:1067E00001279F403B001278400013405A1E9341FE
:1067F000013118432029E5D14F467A798046510668
:10680000D4096400C90F21439406E40F49002143D1
:10681000D406E40F490021431407E40F4900214343
:106820005407E40F490021434B001193FB782800E3
:1068300035000F9E0F930F239C46B9787C780B4050
:1068400012940C098949CB5C0C5D1B022343149301
:106850000F9B1C090C5D149B24041594844C23404D
:10686000159C1C43149464460F9B2340149CCB5CE2
:106870002402240A1B06234364460F933B791F0915
:106880002340CC5CCF5D23023B431709CF5D784C9E
:106890003F0423403C0067461740CF5D1C433F0642
:1068A0002402230A3C0007091C4314943C00674659
:1068B0000740CF5D3B020F5D129C3B432709CF5D34
:1068C0003F043B4367462740C95D1F023F0A090654
:1068D000394301270F9B269127933B000021149CED
:1068E0001340289426AC217392070693119BD20F74
:1068F0001A4343460493139B009403930A9C430654
:10690000DB0FC0090592029301905346E02120005D
:10691000584A04F0A9FF220057490220FAF77CFEEA
:1069200001200021404205F011FFB2E6FBF708F913
:10693000FFF72CFB514B9B46FFF7BCFB26AE182400
:10694000FFF79CFB0023260009932C000A9DC8E654
:106950000423FFF706F90A900D90FFF71FFCA360D0
:10696000FAF794FF01230C93FFF7BBFB320040467C
:106970004349FBF70FF800285ED0169B9B46102377
:10698000089305E600220121072001F037F9BFE551
:106990000B9BA360FAF77AFFA7E5FBF7D1F8BBE5FD
:1069A0000894C82C00D8F3E5C8230893F0E5052027
:1069B000A36002F099F900284AD0324B324AC0183D
:1069C00090424BD8012365631093EEE50423FFF753
:1069D0005FFAFBF7B5F89FE6FBF7B2F840E5002257
:1069E0000121072001F00AF936E5631C67462C00F7
:1069F0009A4680460E9D74E500220121072001F091
:106A0000FDF885E60C9B0520A360002B19D002F051
:106A10006BF9002800D11D480C9BC01859000123B8
:106A2000884201D2636360E602F064FB03006363A3
:106A30005BE6124B9B46A6E5104B9B461023089342
:106A4000A6E502F051F9002805D0114B0C93E3E7BD
:106A50003A25FF35B6E70F4B636346E60E4902F071
:106A600049FB0500AEE7C04659FCFFFFC4630110B7
:106A7000FFFF00FFD05B0110204E01100080FF409F
:106A8000CC5B0110400D03007F1A060040597307CC
:106A9000A086010071020000801A0600F0B5DE46F3
:106AA00057464E464546E0B5D54CA54402F01CF885
:106AB000002900D19EE1FA220023920002F058FB47
:106AC0008346D02338221B065B68CE4C1B06A25C93
:106AD000D90F0B008A4202D0E2690132E26138220A
:106AE000A154D02212065268D205D00F3922A25CDE
:106AF0000100824202D0226A013222623922A0546D
:106B0000D0223A2012065268205C9205D50F2A0046
:106B1000A84202D0606A013060623A202554A07811
:106B2000002805D05D466069281AF92800D91BE3C2
:106B3000E378002B06D05A46A369D31AE268934241
:106B400000D3FAE14423E35C0893002B00D1B5E0C5
:106B50005723E35CAC4D5A42534103225B421A4037
:106B6000531C5A460B93A94BE2506359D31AFA228D
:106B70009200934200D30AE392275A46FF00E3595A
:106B80000021D31AFA2288461201934200D31DE352
:106B90008C229F4B5242D21891460C9330E0FF2A30
:106BA00000D1FCE196236CAEDB00338077803B0C98
:106BB0003F0E2A0033717771F5806EA803F0A6FAB4
:106BC00029000831300089B2FAF760FD002801D1B0
:106BD00000F07CFD5B230022E25492235A46DB0046
:106BE000E2505E22A35AEB189BB2A352A332FF32AB
:106BF000934200D3ECE1012398440B9B43455DD0C5
:106C0000276DE36C9F4201D300F053FD5C23E35CEE
:106C1000002B00D0D3E1A66CBE19002F02D03F0795
:106C200000D187E24B464527D95D60231AAD00931A
:106C300030002B000C9AFDF7C9FE002801D100F0AE
:106C4000DBFD494600235A225C208B54593A0A54F2
:106C50005D328B520F6D00238C21A332FF32542002
:106C6000205A051C904200D9151CAAB2002A01D155
:106C700000F02CFD80204000824200D9051C7F02DC
:106C8000FF1800230898ADB26118CA5C002A86D1AB
:106C900001339AB200209542F7D8B6236CAEDB00E0
:106CA000338077803B0C40423F0E30720921300028
:106CB00033717771F580FAF7E9FC87E79323DB00FE
:106CC000E35C002B00D1BDE09423DB00E3580122FC
:106CD0009846504B4046E5580C33E75800210023B6
:106CE000801859413A00002303F0F6F82A000023E7
:106CF00080185941FA22089009915946464B920052
:106D0000E358CB1A934225D3089A099B2900002BFC
:106D100000D111009620C0002058404B07904048F9
:106D2000404A2058059140490690049761586CA844
:106D30000391414602913D4901950091C0214900CE
:106D400004F092FD6CA8FAF78BFC5A46324BE250E5
:106D50001C3BE758344D6159B94201D800F0DCFCC6
:106D6000099B002B00D14BE293230022DB00E2546D
:106D70002378002B01D000F054FE9626F600A0598F
:106D8000274D0790605903910690012094214042BD
:106D900005900497C9006158254F02911D49254B64
:106DA0006158204A0191C021009749006CA804F065
:106DB0005BFD6CA8FAF754FCA1591F4B0491615973
:106DC0001E4A03911849615802919521C9006158E2
:106DD0000097019180216CA8490004F045FD6CA842
:106DE000FAF73EFC164B9D44F0BCBB46B246A946A2
:106DF000A046F0BDFA21890002F07CF9834660E6E6
:106E0000CCFBFFFFEC0E0020940400008C0400007B
:106E1000780F00209C040000C404000038580110C2
:106E2000AC0400009C580110A40400002C5F011069
:106E30003460011020580110A84301105859011066
:106E4000340400009923DB00E35C002BCAD0D34B51
:106E50000021E658D24B3000E75800233A00801852
:106E600059419B235A46DB00E35808900991D31AF5
:106E7000FA223900920093421ED3099B3100002B65
:106E800001D100F003FD04919A210397C9006158D4
:106E9000C44B0291C449C54A0091A0210196490002
:106EA0006CA804F0E1FC6CA8FAF7DAFB9B235A46C5
:106EB000DB00E250BA4BE1589A25ED006059884258
:106EC00001D800F0ADFC099B002B01D100F01FFDA3
:106ED00099230022DB00E2542378002B01D000F03C
:106EE0000FFD01256D420495AC4D0290039161594F
:106EF000AF4E0191A021AF4BAC4A490000966CA85F
:106F000004F0B2FC6CA8FAF7ABFB9A210596C90015
:106F10006158A94B0491A249A84A6158039161594B
:106F200002910021019121310093FF316CA804F0FE
:106F30009BFC6CA8FAF794FB54E75B46A361236CB7
:106F40006CAE013323642379002B00D0A0E14AAD5D
:106F50002800FBF7DBFE002800D0CFE12822AA5C46
:106F6000236C54A9002A00D195490091A02130003A
:106F7000944A890004F078FC3000FAF771FB23781A
:106F8000002B01D000F034FC2379002B00D1D9E58F
:106F9000226A636AE169E262A1622363D2E50028A2
:106FA00000D1FFE501339AB2954200D875E6CA5C7C
:106FB000002A00D1F6E5FF2A00D0F3E5F2E75E23D0
:106FC0008022E35A92001900D21A92B28C3146E61E
:106FD000230005008C328C33A1181A78002A00D1C6
:106FE0007AE0FF2A00D181E08022A3580133A35028
:106FF0005C230021E154236D3B22013323653C23B4
:10700000E35CA55C002B00D184E0002D04D0D023EC
:1070100080201B069862A15400220021072000F066
:10702000EDFD6378002B00D039E33C233B22E35C89
:10703000A05CD0258022082692463B272D061AE028
:10704000002803D05346AB620023E3550022002101
:10705000072000F0D3FD6378002B55D18022520029
:10706000AA61636B002B15D16A61013EE05D002EC1
:107070001CD03C23E35C002BE2D153466B6100281B
:10708000ECD180226B6201235200E355AA61636B4D
:10709000002BE9D0033BFDD2636B6A61002BE4D087
:1070A000033BFDD2013EE05D002EE2D1002806D078
:1070B000D02380221B069A623B230022E254002246
:1070C0000021072000F09AFD6378002B2CD1922339
:1070D0005A46DB00E2508EE5013300258B4200D09A
:1070E0007BE78422A3580133A35081E7002D00D110
:1070F0007AE7013399422DD01A78002A00D173E73C
:10710000FF2A00D070E7F4E700220121072000F0F9
:1071100075FDA3E7002D18D1D021803509064D61FA
:107120004D620121A15484E700220121072000F0D3
:1071300065FDCCE74533E15C0133E35A181C002BB5
:107140000DD080B2FBF770FB6CE5D02280211206D7
:1071500051616EE78822A3580133A35048E701200C
:1071600080B2FBF761FB5DE56561656A6CA804951B
:10717000256A0395E5690091A02101920295124AC2
:10718000490004F071FB6CA8FAF76AFAD0E40649EA
:107190000448FAF745FC5B466351EDE4CC0400007B
:1071A000D4040000385801102C5F0110345A01102B
:1071B0003460011020580110A8430110B85A011082
:1071C00094550110E85E0110005701106CAE1AAD25
:1071D0003200290032A8FCF74DFB002801D000F056
:1071E0000DFC4423E0542378002B00D053E3337884
:1071F0003100002B00D138493848FAF711FCF1E58D
:1072000045232600E15C1AAD1B338C360093320017
:107210002B000898FCF772FD071E00D0B0E3932303
:10722000DB00E0542378002B00D066E396219526FE
:10723000C900884661582A4F0791E159F600069126
:107240000899264B0591A159264A049126496CA814
:107250008946615803919421C900615802912349DC
:10726000615800950191C021490004F0FDFA6CA815
:10727000FAF7F6F9414661581D4B0491E1591D4A50
:107280000391494661580291A15900950191A1E5E8
:10729000A36AE069256AC01AE36A676AED1A236B7C
:1072A0004119FF1AC919002900D1EDE2104B0091D4
:1072B00080216CAE104A490001900397300002957E
:1072C00004F0D2FA3000FAF7CBF9226A636AE16976
:1072D000E262A16223633AE6CC5D011020580110FE
:1072E000AC0400009C580110A40400009C040000A1
:1072F000A843011058590110F85D01100C230AAA87
:10730000FF339B181A785B78A87A1B0213435BBA89
:107310009BB20B930093089003001821F74A14A81E
:1073200004F0A2FAAA7AE97A94466A7B0C91904614
:107330000F224746297BF24B08091140595C185C23
:10734000090208433909595C0F04B946ED4FE97B3E
:1073500038404F46384347461740DF5D0002000A79
:107360003F060743A87B8846010989461040185C00
:107370000D9701028A464946585C514608434146EA
:10738000E04F090938404746595C17400904084353
:10739000D95D000209060F00000A697C0743287CBA
:1073A0008846010989461040185C0E9701028A46FA
:1073B0004946585C514608434146D24F0909384076
:1073C0004746595C174009040843D95D0002090685
:1073D0000F00000AE97C0743A87C8846010989461A
:1073E0001040185C0F9701028A464946585C514686
:1073F00008434146C34F090938404746595C174086
:1074000009040843D95D000209060F00000A07437A
:107410001097287D697DBB4F884601098946104039
:10742000185C01028A464946585C51460843414669
:10743000384047460909595C174009040843D95D9B
:10744000000209060F00000AE97D0743A87D88466F
:10745000010989461040185C119701028A46494685
:10746000585C514608434146A64F090938404746F3
:10747000595C174009040843D95D000209060F0052
:10748000000A0743B8466746614617400809D95DB8
:10749000185C090208430C999A4F0909595C384055
:1074A000090408430C99000211405F5C000A3F0682
:1074B00038430D9F297E1B970E9F1A901C970F9F94
:1074C0001D97109F1E97119F1F97474688460909D1
:1074D00040462097595C0AAF5C3739705D271040F1
:1074E000185C0AA9C85500210AA80137C155697E50
:1074F000E87E8846A97E834F8C46297F894601090C
:107500001040185C595C0002084349460909595C5F
:1075100038400904084349461140595C0002000AFA
:10752000090601430C91A97F687F89460109104033
:10753000185C595C0002084349460909595C384007
:107540000904084349461140595C0002000A090633
:1075500001430D912021695CE87F894601091040B3
:10756000185C595C0002084349460909595C3840D7
:107570000904084349461140595C0002000A090603
:1075800001430E9122212120695C285C8946010972
:107590001040185C595C0002084349460909595CCF
:1075A00038400904084349461140595C0002000A6A
:1075B000090601430F9124212320695C285C894638
:1075C00001091040185C595C00020843494609094A
:1075D000595C38400904084349461140595C00028F
:1075E000000A090601430F0026212520695C285C5A
:1075F000894601091040185C595C0002084349465D
:107600000909595C379709048A463E4908405146A2
:10761000084349461140595C00020906000A084324
:107620008146404601091040185C595C000208433D
:1076300061460909595C0904014360461040185C21
:1076400009020006090A014332910C9933910D9900
:1076500034910E9935910F993691494638912721E9
:10766000685C32A90709DF5D02400F779B5C00224E
:107670004B778A77236C06911AA905912989089876
:1076800004916968204A03910B990190029114A911
:107690000091A0213000890004F0E6F86CE400229B
:1076A0000720012100F0AAFA3C233B22E35CA05C06
:1076B000BFE444230022E2542378002B00D097E15A
:1076C00012491348FAF7ACF9FFF78CFB5B25635DB1
:1076D000E26F0133DBB201326355E2675A0700D132
:1076E000A7E1282B01D8FFF77DFB44230022E254B9
:1076F0002378002B00D0FCE006497DE55C5E01109C
:10770000C4630110FFFF00FF685E0110585F0110A5
:10771000685F0110A85F0110DB4B6CAEE35C002BCF
:1077200021D09823DB00E558083BE058D74B691C73
:10773000E35C091A002B00D1ABE0D54B029180210C
:107740006CAED44A009049003000019504F08CF8EA
:107750003000F9F785FF9622D200A3580133A350D9
:107760000022C94BE25493230022DB00E254237829
:10777000002B00D03FE196209527C0008246C64BE3
:107780002058E1580790C548FF00814620580591D0
:107790000690E059C24D0490C248C34B8046205821
:1077A000C24A03909420C00020580191C021029049
:1077B00049003000009504F057F83000F9F750FF09
:1077C000514661583000049149466158B84B0391C5
:1077D00041466158B74A0291E159009501918021D3
:1077E000490004F041F83000F9F73AFFFFF7FAFAE0
:1077F000FAF7A6F9FFF7C8FB5A224B4659214C4627
:107800009B5C615C8B424FD34423E0542378002B74
:1078100000D0BDE12900A848FAF702F9FFF7E2FA23
:1078200099230022DB00E2542378002B36D1A34DAC
:107830009D4B665903917718A0210196A04EA14A4D
:1078400049000290049700966CA804F00DF86CA80B
:10785000F9F706FF9A210596C9006158944B0491E7
:1078600099499A4A61580391615902910021019105
:107870009749009190216CA8490003F0F5FF6CA88E
:10788000F9F7EEFEFFF7AEFA894B10E5F119FFF7B5
:10789000FAFA904B52E7FAF753F9A8E4FAF750F9DD
:1078A000894B6059E158C2E70133DBB2A354272466
:1078B000894A029501910093A02133006CA803F03E
:1078C000D3FF86486CA9FAF7ABF80AABE41814ADFD
:1078D0002100280032AAFBF7CDFF002801D1FFF7D5
:1078E00081FA462349462A88CA522378CB55FFF7A6
:1078F00079FAFAF725F97A497EE4FAF721F995E45D
:10790000FAF71EF9704B6059E158FFF7EAFA452380
:10791000F7192600E15C1AAD1B338C360093320058
:107920002B003800FCF7EAF9002800D0E2E09923A8
:10793000DB00E0542378002B00D02CE10497624F49
:107940005E4EE1595C4B03919A21C900884661580B
:107950005C4A0291A1596CA80191A02100954900AF
:1079600003F082FF6CA8F9F77BFE4146059561584C
:10797000574B0491E159554A0391A159FFF7D0FAA9
:10798000A32339009B00E0183278002A1FD0FF2A79
:1079900022D00027414AA3580133A350514B089AE3
:1079A000E250394BE25C002A4CD10132E254374BB1
:1079B000089AE7540333E2509823089ADB00E25018
:1079C0009522D200A3580133A350FFF70BFA0136DA
:1079D0000021B042D8D1E4E70029DAD00136B04224
:1079E00000D1E0E03378002BD3D0FF2BD1D1F5E7E5
:1079F000FAF7A6F864E6FAF7A3F8BCE60AABA033F8
:107A00001A884623E2522A78013BE2545B46364903
:107A10003248E351FAF704F85A46344BE250FFF784
:107A2000E1F9FAF78DF89523DB006159E758FFF784
:107A3000A4F92F492948F9F7F3FF5A462B4BE25096
:107A4000635D4EE6114BE35C9F42B5D09822D200B5
:107A5000A558083AA058691C091A002B00D19DE0CE
:107A60000B4B029180210B4A0090490001956CA8B4
:107A700003F0FAFE6CA8F9F7F3FD9622D200A358A2
:107A80000133A35093E7C046B4040000B5040000DE
:107A9000F05D0110C45F01109C040000AC04000004
:107AA00024600110A4040000685F01109C580110BC
:107AB000A04301105859011020580110CC040000B7
:107AC00044600110345A0110D4040000B85A011067
:107AD000A8430110EC5D0110745F011038580110CB
:107AE000A85F0110BC040000385F0110940400007E
:107AF000945F0110A3239B00E1183278002A31D053
:107B0000FF2A34D099230022DB00E2542378002B93
:107B100046D1264D264E6159264B013161510391C4
:107B20009A210497C90088466158234A0291A159B5
:107B30006CA80191214989460091A021490003F0D8
:107B400093FE6CA8F9F78CFD4946059141466158B2
:107B50001B4B049161591B4A0391A1590197029152
:107B6000009387E601368E420CD00020C5E700283E
:107B7000C8D001368E4205D03378002BC2D0FF2BFF
:107B8000C0D1F6E7094AA3580133A350FFF72AF9F9
:107B9000F9F7D6FF3EE6F9F7D3FFCFE60A4B60E7E9
:107BA000F9F7CEFFB5E70F00FBE6C046D4040000AE
:107BB000CC040000685F0110345A011060600110AD
:107BC000A0430110B85A0110EC5D011010B540241B
:107BD000074A83009A181268C0005440C02222400D
:107BE000044C1B191A60044BC018416010BDC046FC
:107BF00004C0014004D0014000400140064B800019
:107C0000C3181B68C90092000A435A400C23134052
:107C1000024A80180360704704C0014004D001404C
:107C20000123D0228340120693629361084A8300A5
:107C30009A1811684022514080320A400549C0001C
:107C40005B181A60044BC018052343607047C04698
:107C500004C0014004D00140004001408023DB0506
:107C60001868000F7047C0460FB400B5084883B0CD
:107C700003F0CAFF049B002B07D005A9180001914F
:107C800003F026FE034803F0BFFF012003F038FE97
:107C900078600110E04A0110EFF3108072B6034AD9
:107CA0001368002BFCD0BFF35F8F70472C0100D00E
:107CB000BFF35F8F0022024B1A6080F31088704779
:107CC0002C0100D070B58C461600EFF3108472B60C
:107CD0000F490B68002BFCD0BFF35F8F6346DB08B6
:107CE000C5180722C05C63461A40012393401A005E
:107CF0000240034207D118432870BFF35F8F0A6028
:107D000084F3108870BD61463000FFF7ADFFC046B8
:107D10002C0100D0F8B5CE4647468C4680B51C00F5
:107D2000EFF3108872B61C490B68002BFCD0BFF330
:107D30005F8FA24221D80723994602E00132944284
:107D400018D34946012611408E40D308C718C35C9A
:107D50001E42F3D1100033433B70BFF35F8F00220C
:107D60000D4B1A6088F3108800280EDBC0BCB946A2
:107D7000B046F8BD01204042EFE7BFF35F8F00231C
:107D80000B6088F31088012040426346002BEDD041
:107D90000898FFF769FFC0462C0100D0044A10780C
:107DA000431CDBB2172B00D9102313707047C04659
:107DB000C813002000B5054B83B0010000931822C2
:107DC0001F230348FFF7A6FF03B000BD8860011022
:107DD000F42700200021044B044ABFF35F8F02C345
:107DE0009342FAD17047C046000100D0800100D014
:107DF000084B094A1360094A1360094A1360094A8B
:107E00001360094A1360094A1360094A1360094A5A
:107E1000136070478080808000E400E004E400E0AC
:107E200008E400E00CE400E010E400E014E400E00A
:107E300018E400E01CE400E01F2318401E3B8340D0
:107E4000002905D0C021044A4900535013607047EF
:107E5000802201498B50FAE700E100E010B5EFF312
:107E6000108C72B60F4A1368002BFCD0BFF35F8FE3
:107E70000D4B10309B6880001B580C4A934201D078
:107E800099420CD1084B9B681950BFF35F8FBFF329
:107E90005F8F0022034B1A608CF3108810BD00F036
:107EA000D1FFC046240100D000ED00E0C101001068
:107EB000F0B5DE4657464E464546E0B58B4685B0A2
:107EC000EFF3108872B616005B4A1368002BFCD0E3
:107ED000B246BFF35F8F002558494D57002D00DA99
:107EE000A8E06B00564A01935B199B00D418A77950
:107EF00010300F7053498000896884460F58B91AB2
:107F0000472933D8012039008143CE79564500D81E
:107F10006AE0A1465646039307E05800C018800067
:107F20001018C479B4424DD901000623CB56002B5A
:107F3000F3DA081D4C46B24681460293424B4E4648
:107F4000043CA41B2405414E640D34438C808D7188
:107F500001994919890052189380029B3C499371F9
:107F60005346D3715B461160936017E039498F42E5
:107F700060D139490127D15238490233D318043925
:107F8000CB1A324A1B055B0D13436380344BE671F9
:107F9000A380FF23A3715B462743A3606246294B5E
:107FA0009B689F50BFF35F8FBFF35F8F0022224B10
:107FB0001A6088F3108805B0F0BCBB46B246A946EB
:107FC000A046F0BDB2460E1D4C46B14688880293CD
:107FD000039B4005001504334844D318C31A1B05FE
:107FE0001A485B0D0343AAE79E1CB14691444E46D6
:107FF0000F001C4DBF1A7F417D432D0D164FA571FB
:10800000D752164F0433043FD318BF1BCB1A3F057A
:10801000043B7E0D1B050D4F5B0D3E431F43534636
:10802000E3715B46A3600A4BA78066800443270088
:108030000B60B3E700F006FF240100D0F62F00200C
:10804000CC13002000ED00E001BD000000E0FFFFC8
:1080500001488047C101001000A1FFFF1414002057
:1080600001BDFFFFAAAA00000123034370B59C468F
:10807000EFF30581EFF3108572B6274A1368002BE2
:10808000FCD0BFF35F8F254A0400254BA41A64413E
:1080900063431B0D234C8900A6685BB27658664586
:1080A00024D006215156994224D01221515699428A
:1080B0002AD01E215156994228D02A215156994240
:1080C00026D036215156994224D0422151560524BA
:1080D000994210D0144A117813708171BFF35F8FE9
:1080E00000220D4B1A6085F3108870BDA2680F4CFA
:1080F0005450EFE700246100091989005218FF214C
:1081000091710B499180E5E70124F4E70224F2E73D
:108110000324F0E70424EEE7240100D0CC13002070
:10812000AAAA000000ED00E0F62F0020C101001017
:1081300001BDFFFF024BC918890001607047C046AE
:108140004000003470B5114C114DAC420FD2FF26E7
:108150002368002B0CD0FFF721FE01002000FFF761
:10816000E9FFA680BFF35F8F0834AC42F0D370BD47
:10817000FFF714FE01002000FFF7DCFF2671BFF3BC
:108180005F8F0834AC42E3D3F1E7C0461C1D0020EA
:10819000241D002010B50400FFF700FE01002000A0
:1081A000FFF7C8FFFF232371BFF35F8F10BDC046E9
:1081B00010B504000120FFF7FDFD034BC01880003F
:1081C0002060BFF35F8F10BD4000003440BF00202F
:1081D00000217047F0B5DE4657464E464546E0B5AD
:1081E00085B0EFF3058303221A40B14B91005B5831
:1081F00003929846012393401A000193AD4B0291DC
:108200001A60082343449946019BAB4843634346A5
:1082100008229B5E9A46002B00DBB9E043469B8810
:108220001BB2002B00DA26E143461B69EFF31082F4
:1082300072B619680029FCD0BFF35F8F43469E8851
:10824000012341465B428B8036B20B69BFF35F8FDF
:108250000021196082F31088002E26DB43465D69F9
:108260007400A41908201A5EE40049462C19002A5B
:1082700014DBA0689A468046E06807E0834200D19C
:1082800081E00023FA5E3900002A06DB5700BF18A0
:10829000FF00EF19FB688342F0DD53460E8000219A
:1082A000665E2280002EDBDA984643460821595E3E
:1082B000002900DADFE043465A694B007E485B182C
:1082C0000299DB00D3180918826A9D68DC680B6983
:1082D000AE1A9B1A9E421BD30123026A0398834065
:1082E0001A4215D043469B79002B16D1724800F0F4
:1082F000F3FB8C4204DC00D086E7854200D883E79C
:1083000040BF05B0F0BCBB46B246A946A046F0BD92
:1083100043460D619B79002BE8D0002342469371C0
:10832000434608229A5E531CE0D047464846002642
:10833000A846A34602E00800531C20D053007D69E4
:108340009B18DB00E9181400EA5E4B881BB2002B77
:10835000F1DA02803B69EFF3108A72B61D002B68D8
:10836000002BFCD0BFF35F8F7B880B803B697C8048
:10837000BFF35F8F1E608AF31088531CDED1454621
:108380005C46B846B2E7BB68434500D879E784E766
:10839000424652695B0093465344DB009B445B4674
:1083A0009E68DF6800F098FB8F422ADC30D05B4685
:1083B0005A461B695469022B32D041460820085E98
:1083C0005288000421001043984704000D00230048
:1083D0002B432ED0002D48DA30003900001BA94174
:1083E0005B469860D96000229B5E002B09DB424609
:1083F0005E005469F218D200A2189768D2688A42C7
:108400005CDD43469B881BB2002B00DA4DE70BE78F
:108410008642F6D85B465A461B695469022BCCD17A
:10842000200023699847002803D030CC23002B4339
:10843000D0D15B4642461B8813811269EFF310834B
:1084400072B611680029FCD0BFF35F8F42465946CF
:1084500052880A804246514651801269BFF35F8FAD
:108460000021116083F31088CBE7134800F034FB40
:1084700000196941B4E7104C200000F02DFB802268
:108480000023120680185941029AA56A121913692D
:10849000461B5B1B9E4201D2106131E70123039D05
:1084A000246AAB401C4200D02AE7106128E7C0468E
:1084B000342B00203C700540004005408A4201D129
:1084C00087429ED845462B81083505E05E00F218AC
:1084D000D200A2189768D2688A4206DC0AD0F31844
:1084E000DB00E518E35E002BF0DA5A4613805346B2
:1084F0002B8086E78742F2D9F7E7C04670B52B4C50
:108500002569002D00D070BD294E0321284800F0B8
:10851000D9FAE660FFF742FC264B0322C018D023AD
:1085200022701B061B6801216370234B8000A3602F
:108530000F2320610220638063694942A180198072
:108540000231198647311D83585218315A527532FB
:108550005C399952183201319952183201319952CD
:10856000183201319952083518329D5202311832B1
:1085700099521832013199521832013199521832F8
:108580000131995218320131995218320131995200
:108590000A4B0B49DC6001303562FFF75FFC0121BB
:1085A0000320FFF749FC074B1D60ACE72C140020AB
:1085B0000040054040000034FFFF1000342B002035
:1085C000D581001038600540004870472C14002009
:1085D00070B582B00092019301000269EFF310843C
:1085E00072B61368002BFCD0BFF35F8F0223C85E06
:1085F0000D6900283FDB4A69430016001B18DB00A9
:10860000D218F35A4B80BFF35F8F00232B6084F3A3
:108610001088069B1361079B5361009B019C93602C
:10862000D460538801335B045B0C1D1C002B20D0ED
:10863000ACB20304558023430D69EFF3108C72B67E
:108640002C68002CFCD0BFF35F8F8C88148088804E
:108650000A69BFF35F8F002010608CF310880A78DE
:1086600001309040CA68084952181060180002B0E2
:1086700070BD0125DCE7BFF35F8F00232B6084F31F
:108680001088013BF2E7C0463C20000010B543894A
:108690000A1493421ADD53009B184269DB00D31879
:1086A0000469EFF3108C72B62268002AFCD0BFF385
:1086B0005F8F5A88090494B2090C8A4208D0036972
:1086C000BFF35F8F00221A608CF31088002010BD6A
:1086D000094A22435A80012302698371BFF35F8FE5
:1086E000002111608CF31088027804499340C2681D
:1086F000012052181360EAE70080FFFF3C200000D1
:1087000040787047F0B583B004000D0000F0ECF93C
:1087100024184D41002D02DA0124244D644206261E
:108720007642F71736196F41AF4212D80FD000F0DA
:10873000DBF932003B00121A8B41002B13DC002BBB
:1087400030D02000290000F0D9F903B0F0BDA642D6
:10875000EDD90026002700F0C7F932003B00121ABD
:108760008B41002BEBDD00F0BFF932003B00121A09
:108770008B41002B0ADB002301930D4B3200009349
:108780000C483B00FFF724FF0130DAD039000A4AD9
:10879000536A994204D8906AB042D2D29942D0D159
:1087A00020BFF5E7002ACCD0DDE7C046FFFFFF7F02
:1087B000CD8100102C14002000400540F0B583B09E
:1087C000040000F091F9FA2206000F0020000023B7
:1087D0000021920001F080FB8019794104000D1EF8
:1087E00002DA0124234D644206267642F717361931
:1087F0006F41AF4212D80FD000F076F932003B0043
:10880000121A8B41002B13DC002B30D020002900E2
:1088100000F074F903B0F0BDA642EDD900260027A0
:1088200000F062F932003B00121A8B41002BEBDDA5
:1088300000F05AF932003B00121A8B41002B0ADB80
:10884000002301930C4B320000930C483B00FFF7D0
:10885000BFFE0130DAD03900094A536A994204D880
:10886000906AB042D2D29942D0D120BFF5E7002A17
:10887000CCD0DDE7FFFFFF7FCD8100102C1400205E
:1088800000400540F0B5CE46474680B504000D00D7
:1088900085B0EFF305868946002E10D03E490020B2
:1088A0004B6AAB4206D38A6A5B1B591E8B41A242BC
:1088B0004041184305B0C0BCB946B046F0BD374F83
:1088C000FB683A7898461800039200F005F9039A7D
:1088D000131D42469B009B5822001B1A9C462B00EE
:1088E000121A8B419E421ADC17D02B4B5A6A4A450A
:1088F00005D39B6A0120A342DCD24A45DAD120BFCE
:10890000254B586A48453CD3401B9A6A431E984100
:108910000023A2425B411843CCE79445E5D900F01F
:10892000E3F822002B00121A8B41002B25DB0023D9
:1089300001931B4B2200009338002B00FFF748FEE9
:1089400000281ADD144B5A6A4A4504D39B6AA34295
:1089500002D24A4500D120BF01003800FFF796FE41
:108960000D4A0020536A4B45A4D3926A5B1B591EE3
:108970008B41A242404118439CE7074A536A4B454A
:1089800001D2002096E70020926A5B1BA242404180
:108990005A1E934118438DE7004005402C140020D7
:1089A000CD810010F0B5C646110000B582B00400BC
:1089B0000A9D194300D170E0D81706005640009672
:1089C000060001005E400196009E019F361A8F410D
:1089D0000096019708996B60099B2A60AC60296139
:1089E0006B6100F081F82269EFF3108872B61368AA
:1089F000002BFCD0BFF35F8F0222A35E22699C464E
:108A00001700002B51DB62695B0016006344DB003A
:108A1000D218F35A6380BFF35F8F00233B6088F363
:108A20001088009E019F36184F41023313613000B9
:108A30003B1E556102DA0120204B4042D36053882F
:108A4000906001335B045B0C191C002B2BD0634638
:108A500088B21B04034351802069EFF3108672B67D
:108A600001680029FCD0BFF35F8FA18811806246A6
:108A7000A2802269BFF35F8F0021116086F3108806
:108A80002278013191400E48E268121801201160ED
:108A9000EB6002B080BCB846F0BD0023012200921A
:108AA0000193002396E70121D1E7BFF35F8F0023F5
:108AB000136088F310880020013BE9E7FFFFFF7F88
:108AC0003C20000010B5024A0248FFF7FBF810BD39
:108AD000A4600110F82700200300416A0A00986A88
:108AE000596A8A42FAD17047034B596A0A00986A58
:108AF000596A9142FAD1704700400540064A536ACC
:108B00009942FCD807D1044B02E05A6A914202D143
:108B10009A6A9042F9D8704700400540F8B5DE46A1
:108B20004E4645465746E0B505008B4618000A9963
:108B3000914600F0DFFA0A9B6C001E026419304B6C
:108B4000A400E418636880469E4200D966602F1F27
:108B5000FBB29A46012B2FD9C0238022294FAD00AA
:108B60009B0179591201E3181A6000291BD14B4669
:108B700022685B015340E022134080225201A21878
:108B800013605346012B2FD9802380229B01E318C9
:108B900012011A60434666607B51F0BCBB46B24688
:108BA000A946A046F8BD786900F0A4FA0130430058
:108BB0001B18033BFDD2DAE75B46012BCCD1C02367
:108BC00003229B01E3181A60023AA3681A42FCD000
:108BD0004A46236852015A40E02313408022520142
:108BE000A218084F1360AD00584603232168414086
:108BF0000B40136001228240A3681A42FCD0C3E7F5
:108C00000080004000280020F0B5D6464F4646467A
:108C1000440098462418324BA400E41863688A463E
:108C20009146C0B5FF2B02D880235B006360061F0E
:108C3000F6B2012E2FD9C02380222A4F85009B0136
:108C400079591201E3181A6000291BD14B4622689A
:108C50005B015340E022134080225201A2181360AE
:108C6000012E30D9802380229B01E31812011A6063
:108C700080235B00636043467B51E0BCBA46B1464B
:108C8000A846F0BD786900F035FA013043001B18A2
:108C9000033BFDD2DAE75346012BCCD1C02303229C
:108CA0009B01E3181A60023AA3681A42FCD04A46B4
:108CB000236852015A40E023134080225201A21837
:108CC000084F1360850050460323216841400B4044
:108CD000136001228240A3681A42FCD0C2E7C0465A
:108CE0000080004000280020014B8000C0587047E1
:108CF00000280020F0B5C646040000B52348160041
:108D000098460D0000F0F6F90100300000F0F2F98D
:108D10004346069A1B04120313439C46236806002D
:108D2000002B22DB1A4B1B48E218531E9A4180236A
:108D30005242120B9B011203D218174B1A60174BA9
:108D40001A60130001688B43FBD12122144B25606C
:108D5000E318A6601A602268002AFCDA6246E26024
:108D600008221A6080BCB846F0BD3F232268134039
:108D7000AB42D7D1A3681B051B0D8342D2D1EE2293
:108D8000E368D20213406345CCD1EBE7001BB70088
:108D90000040FDBF08C0004000E0004000F000407F
:108DA000043000008023024A9B000B43D3627047CB
:108DB00000800540002310B50100988A1B8B98475E
:108DC00010BDC046162310B5010018885B8898476F
:108DD00010BDC046F8B54746CE4680B50F1E18D028
:108DE00014239946043304000025012698464B4677
:108DF0001888434621681B88984701C4431E984140
:108E000001350640AF42F2D13000C0BCB946B04691
:108E1000F8BD0126F8E7C046AA23064A1B011360E5
:108E20008D235B00D3600449044B19605368002B09
:108E3000FCDA70470040024000B0FA0000600240D7
:108E40007047C04610B50148FEF70EFFC86001101C
:108E500070B5074D074EB54209D20024013E761B7E
:108E6000B608013608CD01349847B442FAD170BD36
:108E700098420110D4420110054B064A06491A6077
:108E8000064A074B1A6010000B689843FBD17047E5
:108E900000E00040BFCDFBFE08C00040FE7F3C006C
:108EA00000F00040044BDB6C002B03D18022034B0D
:108EB000D2021A607047C046000011504C20115079
:108EC000044A054B1A60054A1368DB018033FBD165
:108ED0007047C046FFFFFF0100F0004008C000409F
:108EE0004022034B9A675A671A67DA667047C04692
:108EF00000F0014010B5FEF76DFF10BD70B52749B9
:108F0000274E284D761AB4082200302C00D9302282
:108F10002800920001F0FAF82F2C3BD823002A3BBE
:108F2000214A052B1BD93020AE197107001B2600E2
:108F3000CB0F002902DAA1006A50661CC01AE318A0
:108F40009B004108EB18C900C9181A605A60083321
:108F50008B42FAD1012303421CD098438419A30009
:108F6000EA50631C2F2C15D09B00EA50A31C2E2C1A
:108F700010D09B00EA50E31C2D2C0BD09B00EA5034
:108F8000231D2C2C06D09B00EA50631D2B2C01D0F6
:108F90009B00EA50054B9D6070BDC046000100106B
:108FA000C001001000000020C101001000ED00E031
:108FB000002310B5294C82B0A367FFF72DFF0122D3
:108FC000274B1A60636C012BFCD10322254B1A60DE
:108FD000224A936B012BFCD1013300930121224AD9
:108FE00022480433FFF786FE052301210093204A1F
:108FF0002048FFF77FFE0022022104201E4BFFF7CE
:1090000003FE0022012105201C4BFFF7FDFD00227D
:10901000002107201A4BFFF7F7FD0022002108204E
:10902000174BFFF7F1FD8023DB00009300220021A6
:109030000920134BFFF772FD0022104B0021062080
:10904000FFF7E2FD0420FFF74FFE0E4900F052F853
:1090500001000020FFF7A6FE02B010BD0080004016
:109060003CB0004030B00040002F68590080024002
:10907000008C864700C00240001BB70040597307B0
:10908000006CDC0240420F0001480421014B1847EC
:1090900050140020D58D0010014B9B68184700002C
:1090A00050140020124A936F9B0815D29066D16627
:1090B000002905D0FFE7FFE7FFE7516F106F70470A
:1090C00004B580210906C2175140002800D0C843CA
:1090D0000BF0B2F8002104BDF0B5146E556E576F59
:1090E000166FFFF7E3FF1466556657671667F0BD06
:1090F000000000D0114A936F9B0813D2106651668E
:10910000002905D0FFE7FFE7FFE7516F106F7047B9
:1091100004B5002801D00020C0430BF08DF80021D9
:1091200004BDC046F0B5146E556E576F166FFFF74D
:10913000E5FF1466556657671667F0BD000000D05E
:1091400094464A4A926F9208624601D228E0C0468D
:10915000F0B5464E346E756E776F366F00F020F8BE
:109160009446424A14665566576716676246F0BDD4
:1091700094463E4A926F9208624601D254E0C0463D
:10918000F0B53A4E346E756E776F366F00F04CF86E
:109190009446364A14665566576716676246F0BDB0
:1091A000002B24DB11D000293EDA00B5C943404230
:1091B00000D1013100F038F8C943404200D10131FB
:1091C000DB43524200D1013300BD002AEBD100281D
:1091D00001D1002905D00020C90FC90701D1C04322
:1091E000410800B50BF038F80022002300BD00B59F
:1091F00000290ADBDB43524200D1013300F014F8AE
:10920000C943404200D1013100BDC943404200D1B1
:109210000131DB43524200D1013300F005F8DB435A
:10922000524200D1013300BD002923D1002B18D1B7
:10923000002A0CD0BC460D4F38667A660021002308
:10924000FFE7FFE7FFE77A6F386F67467047002850
:1092500001D00748010000B50AF0FEFF00220023FC
:1092600000BD02000B00002000217047000000D06C
:10927000FFFFFFFF002B00D0BFE0130C28D1002A16
:10928000E7D080B4114F39667A66FFE7FFE730B464
:10929000040C7B6F396F1B0423433B667A66FFE740
:1092A000FFE7FFE7C04684B27B6F3D6F1B0423439B
:1092B0003B667A66FFE7FFE7C04600232C042D0CCF
:1092C0007A6F386F00196941B0BC7047000000D058
:1092D000F0B594460025140E01D112020835140F82
:1092E00001D112010435940F01D192000235D40F3F
:1092F00001D152000135D40B0134254F7C66254C39
:109300003C660E0C93B2FFE7FFE7FFE73C6F664356
:10931000360C7703BE467343DF0B5B04C01AB941BA
:10932000130C7343DB18C91ACE086643360CB644D7
:1093300093B273431F0F1B01C01AB941130C73433F
:109340001F0B1B05C01AB941860D8F023E436643B1
:10935000360C092D24DB520A7243801A7703460A21
:109360006643360C16235B1BDE40DF40BF196446A4
:109370006643821B7046043506330100D940A8407D
:10938000C01900D30131A24206D20023F0BD000073
:10939000000000D0FFFFFFFF121B0130F3D3F1E705
:1093A00009277F1BFE406446A2B27243801A00D296
:1093B0000139220C7243130C1204821A99410B00DA
:1093C0007046043513370100F940A840801900D3D6
:1093D0000131002B02D1A2420AD2F0BD013000D3EC
:1093E0000131121BFAD2013BF8D1A24200D2F0BDEA
:1093F000013000D30131121BF7E7F0B51C0C00D08F
:1094000080E00CB400251C0A04D11B02160E334365
:10941000120208351C0B04D11B01160F3343120135
:1094200004359C0B04D19B00960F33439200023508
:10943000DC0B02D192185B4101351C009718644186
:109440000134464F7C66464C3C660E0CFFE7FFE756
:10945000FFE7C0463C6F6643360C7703BE4697B2C3
:109460007743C01B00D20139C01B00D201399FB223
:109470007743C91BC91B170C77437E04FF0B801B66
:10948000B941CE086643360C0C2D33DBB644120BC3
:109490001F053A431B0B97B27743C01B00D201391B
:1094A0009FB27743C91B170C77433E043F0C801BC8
:1094B000B941860D8F023E43664329277F1BFE403C
:1094C0000C3D7746AF40BF1930BCA2B2ABB272437D
:1094D0007343801A9941220C7243130C1204801AB0
:1094E000994102000B000137001BA941F9D2781EF7
:1094F0000021F0BD0C277F1BFE4077467F0BAF405D
:10950000FF19E0E700245D1C07D0144F7D66396623
:10951000FFE7FFE7FFE7FFE73C6F95B29EB26543C9
:109520006643401BB141150C1E0C6543664336046F
:109530002F0C3E432D04401BB141994204D202003E
:109540000B0020000021F0BD01D19042F7D3801A1A
:10955000994101349942F2D3F6E70000000000D0AF
:10956000FFFFFFFF48404140484018B41B4B5B6879
:10957000FC46019308BD04DFA798001018B4174BF0
:109580001B68FC46019308BD00DFB19800109446AB
:10959000134A926F920809D2624618B40F4BDB68E7
:1095A000FC46019308BD0CDF699B00100C4AF0B526
:1095B000146E556E576F166F6246FFF7EEFF084A3E
:1095C0001466556657671667F0BD18B4034B9B6861
:1095D000FC46019308BD08DF0D9A0010C81E00204C
:1095E000000000D0FFB550404240504059404B4031
:1095F000594000E0FFB5154F4C00640D03D0BC424C
:1096000004D10C0314D80020090D09055C00640D79
:1096100003D0BC4204D11C030AD800221B0D1B0539
:1096200001264B4009D44B4003D58B4200D18242E6
:10963000FFBD9942FCD19042FFBD0B43DB180343B1
:109640001343F5D0C9434918FFBD0000FF070000D0
:1096500000B5FFF7CFFF01D0002000BD012000BD05
:1096600000B5FFF7C7FF804100BDC04600B5FFF75A
:10967000C1FF01D9002000BD012000BD00B5FFF7EA
:10968000B1FF01D9002000BD012000BD00B5FFF7EA
:10969000A9FF804100BD012040054A00121804D8EE
:1096A0005A00121801D800207047012070470000AE
:1096B0000021002805D17047C1174840401AFAD050
:1096C000C90713B5064B1B6898470CBC441CA24045
:1096D0001005120B0349091B09051943114310BD5D
:1096E000E02F00201F04000010B54C00620D802305
:1096F000D218DB00D21A5B057E2A10DD9E3A13DAFF
:10970000CC170903490819435242D140640001347F
:109710001532202A05DAD0400843604310BD0020EE
:1097200010BD0846604310BDC80FC018013810BDF9
:1097300018B4044B5B6AFC46019308BD24DF199DF5
:1097400000100000C81E002018B4044BDB6DFC465E
:10975000019308BD5CDF259E00100000C81E00209C
:10976000C94211D300B549004908002200F018F899
:10977000002904D4002240428A41114600BD8021C4
:109780000906002000BD000018B4044BDB6EFC4647
:10979000019308BD6CDF279D00100000C81E00204B
:1097A00018B4044B9B6FFC46019308BD78DF439DC2
:1097B00000100000C81E002018B4044BDB6FFC46EC
:1097C000019308BD7CDFB19D00100000C81E002081
:1097D000132370B51D78012D19D014DD1F48FFF734
:1097E000F1FA06001E48FFF7EDFA1E4C8022310008
:1097F000200000F08BFC022D2DD01B48FFF7DAFA79
:109800001A4B186070BD1A4B164CA364F5E7184B41
:10981000144C23606360A360E36023616361A36110
:10982000E36123626362A362E36223636363A3630E
:10983000E36323646364A364E36423656365A365EE
:10984000E36523666366A366E36623676367A367CE
:10985000E367A364D1E7064BA364CEE7534400005B
:1098600053460000C81E00204C330000E02F0020AB
:109870007598001007B5604601880A0A0230DF2A91
:10988000FAD1C9B2820804D3028840880004104388
:1098900000E00068014A5050039007BDC81E002038
:1098A0000FB403BC0CBCF0B50124E407634000E036
:1098B000F0B50C0DCF0F661E3605891B640503D36A
:1098C000C943404200D30131640D03D0661CF60A3F
:1098D00007D0E41B00207F00791C89078912803C97
:1098E00024031D0DDF0F6E1E36059B1B6D0503D374
:1098F000DB43524200D301336D0D03D06E1CF60AD8
:1099000007D0ED1B00227F007B1C9B079B12803D34
:109910002D032F1B661B58D4A446202E46DA203771
:109920001400BC401D00BD40F24033412A43801862
:109930005941CB0F05D0C943C04300226442504176
:10994000514162464D0D28D10D0D07D100281FD081
:10995000241940414941013A0D0DF9D0640006D364
:10996000013000D30131002C01D140084000013A00
:109970000BD4941CE40A04D112051144DB071944EA
:10998000F0BDD907204B194300E0D9070020F0BDF6
:109990000029DDD1002CDBD1F0BD0132C607400823
:1099A000CD0728434908002EE1D0D9E73C2E29DA1B
:1099B000203E40371400BC4000D00124F240144344
:1099C0001A00BB401C43D317ACE7AC46202F08DA83
:1099D00020360400B4400D00B540F840394128431A
:1099E000A5E73C2F0CDA203F40360400B44000D0FD
:1099F0000124F84004430800B1400C43C117EAE7D2
:109A000010001900002494E70000F07FF0B50C0D61
:109A1000661E3605891BE60A6405640D02D0651CC6
:109A2000ED0A04D0002001210905803C2403A4464E
:109A30001C0D671E3F05DB1BE70A6405640D02D0A1
:109A4000651CED0A04D0002201231B05803C240381
:109A50007740644497B484B296B27443070C7E4353
:109A6000150C6F4380B26843361802D301200004FE
:109A70003F183004350C00197D41844688B29AB2F3
:109A800050430C0C62431F0C7C438EB27E439219F0
:109A900002D301263604A4191604170C36186741A0
:109AA00001BC81B29AB25143040C62431B0C5C436B
:109AB00080B25843121802D3012000042418100465
:109AC000130C401863412D185E410020474106BC2D
:109AD00088B293B258430C0C6343120C544389B2BE
:109AE00051435B1802D301210904641819041A0CAC
:109AF000091862416D1856410020474118BCF9020F
:109B0000720D1143F0026A0D1043ED020A0D03D1EC
:109B10006D1940414941013B124E9B1B7600B342F7
:109B20000ED26D0007D301300026714166463543E1
:109B300001D1400840001B05C918E4072144F0BDCD
:109B40000BDA013306D1013004D101314F0D01D0C0
:109B50004908F2E7E1070020F0BD01363105002099
:109B6000EBE70000FF030000F0B51C0D671E3F058A
:109B7000DB1BE70A6405640D02D0661CF60A04D0FC
:109B8000002201231B05803C2403D0252D0600263E
:109B9000F6432E661E096E66CE0FF619B4464900CE
:109BA0004F0D02D07E1CF60A03D000200021403F5A
:109BB0003F033E1BB600B444013F7F05C91B490863
:109BC0002E6F013676089C02950D25437543ED13E3
:109BD0007543AD1301356D10F603761B0CB4CC0242
:109BE000450D2C43A2B2B3B25A43270C7B43350C2C
:109BF0006F43A4B26C431B1902D3012424043F1900
:109C00001C041D0CA4187D4124196D41009A91B2C9
:109C1000ACB26143170C7C432B0C5F4392B25A43A6
:109C2000A41802D301221204BF182204230C5218D4
:109C30007B41019C6C431B19520ED9010A4344011C
:109C4000A01A81B2B2B2514303145A43360C734383
:109C500087B27743D617D21900277E4136049B1965
:109C60001704160C7F185E417316ED18F3010026D9
:109C700080337541A90F06D16400690AE8055B0AC3
:109C8000184309D22FE00422944480337541A90A75
:109C9000A8059B0A184326D3404149412404009A51
:109CA000019B0D005543641B4343E41A95B286B2F1
:109CB0007543170C7E43030C5F4392B25A43B618A8
:109CC00002D301221204BF183204330C52197B4113
:109CD00052429C41002C02D40022013051414008E4
:109CE000CA071043490802B06246D7079210084BD2
:109CF000D218084B9A4203D212058918C919F0BD2F
:109D00000020002A01DC3900F0BD01331905F5E718
:109D1000FD030000FE070000002200B5203200F025
:109D200010F8080000BD002200B500F00CF8CA17BA
:109D30009A4200D100BDD8430121C907414000BD6E
:109D400000220B150AD410B5944600F0A7F814149D
:109D5000013400DA0021CB17144C204700200021E9
:109D600070476244343A0CD40C2A07DA040091405C
:109D7000904052422032D440214310BDD843D943B1
:109D800010BD203207D40C4694405242203211417B
:109D9000D040204310BD0800C917203203D45242DE
:109DA0002032104110BD1800190010BD639D001035
:109DB0004A00520D144BD21A13DDFF2A1EDAD205C7
:109DC000CB0FDB071A43C300400F0903490A0843BE
:109DD00010435B0001D301D0013070474308FBD230
:109DE000704702D0C80FC00770470A031213013230
:109DF000F8D1420F072AF5D1012200E0FF22C80F57
:109E000000028018C00570478003000000210A008E
:109E1000002104E000210A00C11704E00022002311
:109E200006E0C0460022CB1758405940C01A99415D
:109E300030B5184CA21A002903D1010010D000201F
:109E4000203A4C1512D104D2013A001849414C0D68
:109E5000FAD3114CA24204D212058918DB07C918A3
:109E600030BDD243520D00200021F5E703D4013A62
:109E700000184941FBD50B324405C00A4D05284363
:109E8000C90A640003D0002460416141E1E7E0D3E6
:109E90004408F8E732040000FE0700000A0DCC0F6A
:109EA000531E1B05C91A520503D3C943404200D3B0
:109EB0000131520D03D0531CDB0A07D0121B0020C6
:109EC0006400611C89078912803A1203014BD21A7F
:109ED00070470000FF03000051434343C9188C46FC
:109EE000110C83B24B4310B4040C614392B280B2A4
:109EF000504362431C041B0C001910BC594113044D
:109F0000120CC01851416144704700004840414064
:109F100048400E4B5B6818470C4B1B6818470C4AAF
:109F2000936F9B0802D2094BDB681847F0B5146E9B
:109F3000556E576F166FFFF7F6FF054A14665566A4
:109F400057671667F0BD014B9B681847C81F002074
:109F5000000000D007B548404140484001E0C046FD
:109F600007B54200120E03D0FF2A03D1420218D8CF
:109F7000C00DC0054A00120E03D0FF2A03D14A02C9
:109F80000FD8C90DC9050122414005D4414001D572
:109F9000814207BD884207BD0143491801D0C04333
:109FA000001807BD00B5FFF7DBFF804100BDC046CC
:109FB000491A002808D1084670470000C10FC90798
:109FC00000D54042002817D0F44603B40B4B1B6861
:109FD000984706BC81409E384042803107D20B062C
:109FE00007D04900490AC0051043084360470130C3
:109FF000F8E7490A8902F5E770470000E02F0020E2
:10A00000014B5B6A18470000C81F0020132310B5DE
:10A010001C781348FEF7D6FE012C0BD004DD01009E
:10A020008022104800F072F80F48FEF7C3FE0F4B75
:10A03000186010BD0B4C01005422200000F066F89F
:10A040000B4B6365A365E36523666366A366E366FE
:10A0500023676367A367E3672362E361E4E7C046BE
:10A0600053460000C81F00204C330000E02F0020A2
:10A0700075A0001007B5604601880A0A0230DF2A81
:10A08000FAD1C9B2820804D3028840880004104380
:10A0900000E00068014A5050039007BDC81F00202F
:10A0A00010B5040004F07EF9002804D0034B041915
:10A0B0009C4200D810BD0248FDF7D6FD00000420E8
:10A0C000D460011010B50C0004F042FC002804D04C
:10A0D000034B04199C4200D810BD0248FDF7C4FD93
:10A0E00000000420D460011010B504F065F910BD23
:10A0F00001480421014B184760140020D58D001041
:10A10000014B1B681847000060140020014B5B687E
:10A1100018470000601400209A4200D2885470470B
:10A120007047C046F8B5DE4657464E464546E0B550
:10A1300099460D9B0700884693469B0728D00B9BAA
:10A14000002B3CD016000B9C0A9D3619321B013C9B
:10A150004B464146285DB847002CF7D135000D9B92
:10A160009B070ED55B46EC1A0C9BA34209D91E0037
:10A170002A004B46414620200134B8470135B442FD
:10A18000F6D32800F0BCBB46B246A946A046F8BDAF
:10A190000B9B0C9A934214D213005D460C000B9A51
:10A1A0009E1A76192A004B46013521002020B84717
:10A1B000B542F7D10B9BA046002BC4D1E1E71500B7
:10A1C000CDE75E46002BBED15D46DAE7F0B54F46DF
:10A1D000D6464646C0B584B09C460EAB1F78129B4F
:10A1E0009146BA460D9C109E119D9B074CD4002DA4
:10A1F00041D1B44248D20123129F1F40B8460C9B64
:10A200005F1E302303E001343B55A64201D9202CC8
:10A21000F9D14346002B00D187E00C9B5F1E302311
:10A22000A54204D830E001343B55AC422CD0202C60
:10A23000F9D1129BDB060DD5129B5B0557D4A642C4
:10A2400067D0A54265D00F9B102B53D0022B5BD05B
:10A25000202C36D12023129C01930C9B4A4600935C
:10A26000039463460295FFF75DFF04B0E0BCBA4675
:10A27000B146A846F0BD0123129A13409846012327
:10A2800013422DD1B442BAD3129BDB061ED5129BCA
:10A290005B05D8D4002CD2D10F9B102B60D00F9B24
:10A2A000022B71D0302301240C9A13705346002BDB
:10A2B00011D1129B5B0740D52B260C9A631C1655B7
:10A2C000C9E72300013430260C9AD654202CC1D083
:10A2D0005346002BEDD02D260C9A631C1655BAE779
:10A2E000002F34D0013DB44200D288E795E70F9BA0
:10A2F000102BAFD1129B9B063CD5202CAAD0582303
:10A300000C9A13550134A3E7202CA3D02300013469
:10A3100007E0631E012CBFD00F9A102A36D0022A04
:10A32000D1D162260C9AD65492E7129BDB06CDD58A
:10A33000129B5B0500D482E785E7129A230016077B
:10A3400000D488E720260C9A0133165583E70C23A6
:10A3500013405F1EBB41ED1AB44200D24FE75CE7E9
:10A36000129B9B060ED478230C9A02241370302380
:10A3700053709BE7202C00D16CE778230C9A13557F
:10A38000013465E75823EFE76033EDE70C9AA61E2A
:10A39000B618129A920602D55822327093E77822A4
:10A3A000327090E710B5002800D110BD01F0E2FB3B
:10A3B000FBE7C046F0B54E46DE4657464546E0B59B
:10A3C00095B083468946924698461E9A1F9B100078
:10A3D0001900209EFFF75FF9002800D0D2E11E98F7
:10A3E0001F990122C44B5242FFF73AF9002800D0CE
:10A3F00001E11E981F990122C04B5242FFF746F916
:10A40000002800D0D6E01E981F990022BC4BFFF711
:10A410003DF9002800D0B5E01E981F990022B94BE5
:10A42000FFF71EF9002800D0ACE01E981F9900220B
:10A430000023FFF715F9002800D0D1E000230B938B
:10A44000229B5B0500D406260024302306E006AAE2
:10A45000013417321355013E202C01D0092EF6D8B5
:10A460001E981F99FFF740F9A74BF2009B180CCBE1
:10A47000050008920993FFF71FF902000B001E98D0
:10A480001F99FFF772F8089A099BFFF79EF806904C
:10A490000791FFF74DF90700FFF70AF902000B00DB
:10A4A00006980799FFF761F80022984B06900791EC
:10A4B000FFF7ECF8002800D1E9E001373800FFF79A
:10A4C000F7F802000B0008980999FFF7CFF8002869
:10A4D00001D000270135002E00D1B7E0069513E02A
:10A4E000172306AA9B180A21380001341D19FEF70C
:10A4F00001FE3031297038000A21013EFEF7FAFDD5
:10A50000092F00D8E1E00700202CE9D1069D202486
:10A510000CAB0693172706ABFF180DE028000A21A5
:10A52000FEF7C0FD01343031280039550A21FEF70D
:10A53000B9FD051E00D1B7E0202CEFD10323229AEC
:10A540001340012B17D1219B002B14D00B9B002B08
:10A5500000D1E3E0219B013B2193202B0BD9302339
:10A56000219A06E006A9013417310B55944200D315
:10A57000A0E0202CF6D1229B01940393219B02930F
:10A58000069B21E0229B52460493219B494603935C
:10A5900058461E9B1F9C029600930194434600F070
:10A5A00043F90400200015B0F0BCBB46B246A946F2
:10A5B000A046F0BD229B5B070FD40322544B229987
:10A5C00001920391219902910093524643464946D4
:10A5D0005846FFF7A7FD0400E4E704224D4BEEE7E1
:10A5E0001E9A1F9B00200021FEF7BFFF01231E9033
:10A5F0001F910B9324E70223229A54461A40229B70
:10A6000006929B0700D1ACE02600434D08942F1F13
:10A610003200E87843464946013DD8470136BD42FD
:10A62000F6D1089C069B0434002BBBD05746219AD8
:10A63000E31B9A42B6D91500220043464946202022
:10A640000134D847E31BAB42F6D3ABE72800FFF752
:10A6500033F802000B001E981F99FEF786FF2B4B64
:10A66000002206000F00FEF7FBFF0CAB069300284C
:10A6700000D04FE7002230003900244BFFF706F8E6
:10A68000002800D046E7012301359D4342E7002220
:10A69000069807991D4BFEF7E3FF002800D01AE744
:10A6A000002F59D1013716E70323229A1340012BBB
:10A6B00000D1A6E0202C00D15DE70B9B002B3AD007
:10A6C0002D23069A1355013455E7069D202C00D101
:10A6D0001DE73023361906E006AA01341732135558
:10A6E000202C00D113E7A642F6D12E230CAA013468
:10A6F000069293550EE7C046FFFFEFFFFFFFEF7F87
:10A7000065CDCD4165CDCDC1F06501100000E03FC4
:10A71000346101102C6101103C6101100C23229A5C
:10A72000134257D0219B013B2193A34200D916E746
:10A73000202C00D11FE7229B5B0704D52B23069A10
:10A740001355013417E7229B1B0700D413E720237E
:10A75000069A135501340EE7FB0700D4BBE6013718
:10A76000B9E6219B042B00D84EE755464F46043CE2
:10A77000E4182A004346013539002020D847AC426E
:10A78000F7D141E70227229B55461F409B0726D061
:10A7900006975F46234EEC1C2A00B0784346494694
:10A7A0000135B847013EAC42F6D1069F002F00D1DB
:10A7B000F8E65746219AE31B9A4200D8F2E61500C4
:10A7C00022004346494620200134D847E31BAB42D0
:10A7D000F6D3E7E6219BA34200D9C0E6CBE6219B56
:10A7E000032BD5D9069754464F46033DED1822005A
:10A7F0004346013439002020D847A542F7D1069FAF
:10A80000C6E7219B002B00D154E70B9B002B85D082
:10A81000219B013B21939C4200D2A0E6202C00D03A
:10A820004EE7A8E638610110F0B54546DE465746CA
:10A830004E46E0B59BB0249C259D824688469346B3
:10A84000994622002B0020002900FEF724FF002853
:10A8500000D0C1E00122200029007C4B5242FEF7CB
:10A8600015FF002800D0B7E0012220002900784B16
:10A870005242FEF7F5FE002800D0ADE00022002392
:10A8800020002900FEF7ECFE002800D0BBE1089470
:10A890000995089809998023289ADB001A400F929D
:10A8A0008022289E1201164032000E96289E0F002C
:10A8B0000A901E4200D0A4E00B00034300D0CBE07E
:10A8C000002A00D012E232000633269302231340FE
:10A8D0000C930223134200D00AE2279B042B00D2E0
:10A8E00015E200270426043B0E93002200232000DB
:10A8F0002900FEF7B5FE002800D0C8E1554B289A84
:10A90000134004930E9B0393269B0293089B099C80
:10A910000093019441464B465A465046FFF74AFD84
:10A9200002002020289B0025034059424B415B42F6
:10A930001840531C089341464B464530D047FB17FF
:10A94000FC185C40FB0F1F270A93731E0E930AAB83
:10A95000FF1806E020000A21FEF7CCFB0400202DA2
:10A9600008D00A212000FEF7C5FB013530317955AA
:10A97000092CEFD8052306930E9B5646059300231A
:10A9800004930A3303930A9B4146029312AB00934C
:10A9900030004B46089A0195FFF718FC0C9B002BE2
:10A9A00028D05F46279BC41BA34223D982461D00A3
:10A9B0003A194B46414620200134B047A542F7D80A
:10A9C00050465946279C421A01320023944200D334
:10A9D00095E1013018180DE0289B0094019504932F
:10A9E000279B0393269B02934B465A46414650466B
:10A9F000FFF7E0FC1BB0F0BCBB46B246A946A04640
:10AA0000F0BD01432AD10E9B3200002B00D15DE73F
:10AA10000027269B0026BB4200DD82E100220023A6
:10AA200020002900FEF71CFE002800D04BE1289BE7
:10AA3000084A02961A408023DB0013430493279BA5
:10AA40000393089B099C00930194CDE7FFFFEF7FE0
:10AA5000FFFFEFFFFFF7FFFF06232693B24B7800BF
:10AA6000400DC018FEF728FEB04AB14BFEF7ADFD11
:10AA7000B04AB14BFEF782FD3F03B04B3F0B3B4367
:10AA80000C900D9100220A981900AD4BFEF76DFD58
:10AA9000AC4AAD4BFEF799FD02000B000C980D99E6
:10AAA000FEF76CFDFEF720FE0700FEF705FEA74A45
:10AAB000A74B0A900B91FEF788FD0022A54BFEF7ED
:10AAC0005DFDFEF711FEA44A06000A980B99A34B00
:10AAD000FEF77BFD0A900B913000FEF7EDFDA04ADA
:10AAE000A04BFEF772FD02000B000A980B99FEF7CF
:10AAF0003CFD02000B000A900B91FEF766FD0C90E6
:10AB00000D910A980B9902000B00FEF737FD002209
:10AB1000109011910C980D99934BFEF738FD00227F
:10AB2000924BFEF72BFD02000B000C980D99FEF7DF
:10AB30002EFD00228E4BFEF721FD02000B000C982B
:10AB40000D99FEF724FD0A9A0B9B0C900D91802124
:10AB50000020C905FEF709FD02000B000C980D99B5
:10AB6000FEF70CFD02000B0010981199FEF70FFD87
:10AB70000022724BFEF702FD7E4B0022F6183305D1
:10AB8000FEF723FD02000B000A900B91089809992B
:10AB9000FEF766FD002808D00A980B990022734B37
:10ABA000FEF7F5FC0A900B91013F0A990B9A0B00F6
:10ABB00011003A006332C62A12D8022228980426CD
:10ABC00010400E9A0C90002A26D1279B042B05D901
:10ABD000002800D0A1E0279B043B0E93042642E00E
:10ABE0000222289810400E9A0C90002A13D1279B1D
:10ABF000052B00D889E0002800D084E0279B05269B
:10AC0000053B0E9332E080231B069C46AC44634612
:10AC1000089409933DE605260B4300D1F9E6089810
:10AC20000999554A554BFEF729FD002808D0089888
:10AC300009990022524BFEF713FD002800D0E8E6E8
:10AC4000269B002B34D00F9B002B31D0269B013B41
:10AC50002693279BB34204D90C9B002B59D0022387
:10AC60000C9300230E93002F00D13EE60A9A0B9B13
:10AC700008980999FEF78BFC00220890099100239F
:10AC800020002900FEF7ECFC002800D136E6089CE5
:10AC9000099D289A80203B4B000613402200049314
:10ACA0000E9B0393269B02932B180092019331E68F
:10ACB000279BB342D5D90C9B002B2AD000230E939F
:10ACC00002330C93CFE7289B2E4A8020089C099DD5
:10ACD0001A408023DB00134322000493279B0006C5
:10ACE00003932B180092019302967DE6052695E6C4
:10ACF00000230E930233002704260C93F5E54B1E28
:10AD00001B191B1A65E602230C930526AEE70423E4
:10AD1000E7E5279B9B1B0E93A5E7022304260C93D4
:10AD2000A1E7DB1B5E1E79E601FCFFFFFB799F506C
:10AD30001344D33FB3C8608B288AC63F0000F03F5E
:10AD40000000F83F61436F63A787D23F71A3790981
:10AD50004F930A400000E03F1655B5BBB16B02406F
:10AD6000EF39FAFE422EE63F00002C40000024405E
:10AD700000001840FF0300002D431CEBE2361A3F91
:10AD800080842E41FFF7FFFFF0B55746DE464E4662
:10AD90004546E0B5A3B01F002C9B92460C93C94AD0
:10ADA000C94B8B460B901A60002900D1BFE10023EC
:10ADB00038789946002800D1C1E1C44B4C4609932C
:10ADC000C34B0E935B460A9308E0220053460A9950
:10ADD0000B9DA84701343878002876D00137252804
:10ADE000F3D110239B46083B9946043B9846033B0E
:10ADF000002602259C463878791C0300203BDBB2F4
:10AE0000102B03D8099A9B00D3589F460300303B70
:10AE1000092B36D900252A2800D1A7E000230D935D
:10AE20002E283FD00300683BDBB2122B1BD80E9AB2
:10AE30009B00D3589F4663460F001E43DBE70F007D
:10AE40002E43D8E743460F001E43D4E75B460F006E
:10AE50001E43D0E74B460F001E43CCE78023787893
:10AE60005B001E4301310F00672845D82428ACD968
:10AE70000300253BDBB2422BA7D896499B00CB5859
:10AE80009F460025AB005D196D002D1808780F0056
:10AE90000300303B303D0131092BF3D900230D93E2
:10AEA0002E28BFD13022802052429046C000064357
:10AEB00078780B0080444246092A00D851E12A28BC
:10AEC00000D15EE10F000131ACE70A9BA1469B4631
:10AED000CA4503D801235B425344994653464A4628
:10AEE000594600200B9DA847200023B0F0BCBB466C
:10AEF000B246A946A046F0BD0300693BDBB20F2B6A
:10AF000000D962E7012199408846734A11408B4677
:10AF1000110042460A4200D013E10A2B2FD0072B22
:10AF200000D052E70C9D01CD002800D134E121234F
:10AF30001E43B0461F260D9A12ABF618A146944642
:10AF40005946340002E0000920290AD00F260640A5
:10AF500032003732092E00D8073A013162540F28E7
:10AF6000F1D863464C468B460D9322E10C9B20CBD7
:10AF7000002D52DB78780C930F0001314EE70C9BCB
:10AF80000D9904CB90469B46002900D128E1434609
:10AF900018784144002801D100F029FC0D9A94460C
:10AFA0000A0004E059780133002900D195E19A4262
:10AFB000F8D163460D934346D31A0F93730500D41B
:10AFC0006CE10F9B0D9A934200D90F9202231A0055
:10AFD00032400C92334200D191E20C930D9BB94662
:10AFE0001E1943461B1BA84622001F000B9D08E0AC
:10AFF000541C53460A99A847385D002800D163E1E4
:10B0000022009642F4D145464F4634000C9B002B5B
:10B0100000D097E15B460C93DDE602227878164378
:10B020000F006D420C930131F8E678786C2800D15E
:10B0300059E180235B001E43013114E780239B000C
:10B0400078781E4301310EE77878682800D150E106
:10B05000802301311E4306E7672800D1C2E047285C
:10B0600000D134E1452800D134E107210C9B0D9A31
:10B0700007338B4319000496039502920CC90B9871
:10B08000009201930C91220053460A99FFF7CCFBE2
:10B090000400A0E6462800D1A8E007210C9B0D9AE9
:10B0A00007338B4319000496039502920CC90B9841
:10B0B000009201930C91220053460A99FFF77AF906
:10B0C000040088E689AD00102C2B0020506401108C
:10B0D00094640110E0640110419000002200534686
:10B0E00025200A990B9DA847013474E60C9B043374
:10B0F0009B46631C9846B60700D4FFE00C9B2200D9
:10B1000018780A9953460B9EB0476419012D00D850
:10B1100049E245460B9EB8460A9F2A005346013530
:10B1200039002020B047A542F7D1474672E7DB4BF4
:10B1300038780B9300239946002800D03DE6002480
:10B14000C6E66F2855D000D8BCE21023782800D17D
:10B150009EE09E430A239C4600230F930A339B469E
:10B160004DE000218A00521852000133111818785E
:10B1700030390200303A092AF4D90D911F00591CC8
:10B1800050E60C9BB87804CB0237D143C9170A406C
:10B190000D920C93791C45E610233000984311332F
:10B1A0001843802380463000DB0018401E4200D147
:10B1B000C0E643460693082305930D9B22000493A3
:10B1C00010230393002302935B4601931AAB009371
:10B1D0000A9953460B98FEF7F9FF0C950400FAE51F
:10B1E0000139D4E680231B011E433EE720231E4382
:10B1F00053E708239C4600230F9308339B46802384
:10B200003000DB0018401E4200D11AE10D2331004E
:10B21000994380230A009B001A409146194200D0AE
:10B22000C3E180230A005B001A4090460C9A043266
:10B230000F92194200D08FE24B0600D597E10B0622
:10B2400000D4E5E20C9B1B8899464B46002B00D0AE
:10B2500005E210339943002800D100E2002398460C
:10B260000D9B069104935B4603930023059502937F
:10B270004346D9E0582808D0622878D102239C465A
:10B2800000230F9302339B46B9E720231E43103B54
:10B290009C4600230F9310339B46B0E702231A000D
:10B2A00032400C92334200D105E20C934346B9463A
:10B2B0000B9E0A9FA8461D1B2200534639000134ED
:10B2C000B047285D0028F7D145464F469EE68023CB
:10B2D0001B011E4320231E43C7E662460D924246D1
:10B2E0009B1A0F936AE6C0239B00B8781E43F91C93
:10B2F000B9E5C023B8781E43F91CB4E5012D00D888
:10B300004AE1631E9946A9444B4652462600A1468F
:10B31000BA461C001700A8460B9D32003B000136C0
:10B3200020200A99A847A642F7D13B0057469A46E3
:10B330004C460C9B320018780A9953460B9D4444A6
:10B34000A84767E6A0460F9B9D4200D862E62C19ED
:10B350000B9E4546B8460A9FE41A2A00534601351B
:10B3600039002020B047A542F7D1474652E6802356
:10B370003200DB001A4090461E4200D1F3E011215A
:10B380008E43B4469846802362469B001A409346FB
:10B3900062461A4259D180235B001A4091460C9AAA
:10B3A00004320F9262461A4200D0A0E163465B0667
:10B3B00000D5D4E063461B0600D412E20C9B0022A9
:10B3C0009B5ED8171918414089B2DA0F0C92002BF6
:10B3D00000D187E188461F2612ABBB461495F718AB
:10B3E00045464E46E046A14606E028000A21FDF704
:10B3F00081FE0500202E08D00A212800FDF77AFEE4
:10B4000001363031B955092DEFD84C46C446B14606
:10B410005F46149D634606930D9B059504930A238E
:10B4200003930C9B02934B4601931AAB22000093AB
:10B430000A9953460B98FEF7C9FE0F9B04000C9324
:10B44000C9E40C2331009943E3E608220721914621
:10B450000C9B07338B4399444A460ACB08000C9255
:10B46000DA0F9346184300D085E0002399464346FF
:10B47000002B2FD1002200231092119300231F26AE
:10B48000994612ABF6185B461495BB46E04637006A
:10B490000F934E46A146109C119D05E021A100107E
:10B4A00004000D00202E0CD00A22002320002900C9
:10B4B000FDF75EFE01363032BA55002DF0D1092C71
:10B4C000EED80F9B109411955F464C46C446B1468A
:10B4D0009B46149D634606930D9B059504930A2392
:10B4E00003935B4602934B4601931AAB22000093F1
:10B4F0000A9953460B98FEF769FE04006BE40F9B14
:10B500009D4200D896E18023DB000C930F9B2E19FF
:10B51000F61A43460F930D9BA84699465346BA46E2
:10B520001F000B9D22003B00013420200A99A847F0
:10B53000B442F7D10F9B454698464B460D933B00CE
:10B5400057469A4643461878002800D162E56B1C9E
:10B550000F930C9B002B00D1A8E600233DE50C9B2C
:10B560001B78190031E710239E43B4460BE70C9B70
:10B570001B78994669E6DA17129213924A401092A4
:10B58000129813990A005A401192109A119B121A9C
:10B590008B411092119371E70C9B220018780A9945
:10B5A00053460B9CA047444634E5082207269046A4
:10B5B0000C9B0733B343984442460C921A685B686D
:10B5C000149208931300089A134305D1103399433A
:10B5D00000239846002838D161208B0600D54120F1
:10B5E00000231F2698465A4612ABF61803001892FD
:10B5F0000F9A0A3BB146169517941997444666462A
:10B6000090469B46149F089D159103E007000D008E
:10B61000202C13D03200002338002900FDF7A8FDAC
:10B620005B46D2B2D318092A01D8130030334A46F8
:10B6300001341355A845E9D1BE42E7D9189BA0466D
:10B640009B461599169D179C199F0D9B0691049377
:10B650005B460393002305950293434644E761202C
:10B660008B0600D541201F2612ABF21803000A3BBF
:10B670000C934B464646A146A8461C005D461491D5
:10B68000BB46170002E00400202E0DD02900200048
:10B69000FDF730FD0C9BCB18092901D80B00303386
:10B6A0000136BB55AC42EED25F464C46AB461499D0
:10B6B0004546B046D4E50F9B9D4200D926E70133AD
:10B6C0000F93F3E5102332009A439446692800D083
:10B6D000A2E080233200DB001A4090461E4200D1D7
:10B6E00051E64CE64346002B00D093E673E60C9BF4
:10B6F0001B68DA0F002B70D0D9175B184B409846A7
:10B700001F2612ABF618A14614955C464546BB466B
:10B71000E04637000C9206E028000A21FDF7EAFC1B
:10B720000500202C08D00A212800FDF7E3FC013495
:10B7300030313955092DEFD85F46C446A3464C46F3
:10B74000149D0C9A634606930D9B059504930A235A
:10B75000029203935B4667E60C9B1B689846002B9E
:10B7600003D11033994300282DD161208B0600D5D9
:10B7700041201F2612ABF61803000A3B4A460C93E1
:10B78000149143463100A846A1465E461400BB46CC
:10B790001D000F0002E00500202C0DD03100280014
:10B7A000FDF7A8FC0C9BCB18092901D80B003033FE
:10B7B00001343B55B542EED223005F464C46454628
:10B7C000B346994614990D9B069104935B460393E7
:10B7D0000023059502934B4626E64346002BB1D144
:10B7E0008EE70C9B1B68D81719184140EDE58023A4
:10B7F0003200DB001A400F921E420FD002300200CE
:10B8000032400F92304219D00023A0460F939AE5A0
:10B810000C9B1B68994618E516009BE402231A004E
:10B8200032400C92334200D08CE5002D00D06DE602
:10B83000FFF7F0FB01330F93FFF7D0FB0C93F4E716
:10B840000EB410B5012485B007AA08CA01000392FE
:10B85000009204486242FFF797FA05B010BC08BC9A
:10B8600003B0184719A1001084460CB400B585B088
:10B8700006AB0A0002CB0548039300930B00614618
:10B88000FFF782FA05B008BC02B0184719A10010F2
:10B890000FB410B50C4984B006AA08CA0C6803920C
:10B8A000002C0BD0009201220848524202A9A04766
:10B8B000012004B010BC08BC04B01847180000F008
:10B8C000A3F90020F5E7C0462C2B0020A5A300100B
:10B8D00010B5094A0300146884B0002C08D0012276
:10B8E00000910648524203A9A047012004B010BDB0
:10B8F00000F08AF90020F9E72C2B0020A5A3001006
:10B9000000BEFDE77047C046094A1368002B06D009
:10B9100008491818884208D8106018007047064B6C
:10B920000449181813608842F6D901235B42F4E7F2
:10B93000A428002000000420FC2F002010B5FFF7F1
:10B94000DFFFC04610B584460C0082B01900002A03
:10B950000AD0074B01920093624623000548FFF787
:10B9600097FF0120FFF7CCFF034B1A00F2E7C04618
:10B970004461011054610110E04A011070B5FDF7F7
:10B9800067FA074D074EB54209D20024013E761BE7
:10B99000B608013608CD01349847B442FAD170BDDB
:10B9A000D4420110D8420110030010B50800110064
:10B9B0001B68984710BDC046F8B5437D07000D00D1
:10B9C0001600002B38D0002A1ADD0B780A2B18D06D
:10B9D0000020012E09D0012421006B5C01340A2BC8
:10B9E0001AD0B442F8D1864203DD311A3B682818D8
:10B9F0009847AD19013D2B780D3B5A4253413B7599
:10BA0000F8BD037D002BE3D102210E483B68984727
:10BA1000012EEED00120DEE76B1E5B5C0D2BE0D02B
:10BA2000884203DA091A3B6828189847054802211A
:10BA30003B6898472000D4E7036811002800984726
:10BA4000DEE7C04640660110F0B54646D6464F4692
:10BA5000C0B582B090461C0006000D00FDF744F80A
:10BA600000232F4A12184B41002B02DA01222D4BE2
:10BA700052422D4908008A4608F0FEFB81466B1CA5
:10BA800003D1300003F0BCFC0500002C27D0274F69
:10BA9000274B1C68002C18D04346002B21D1254B86
:10BAA000984602E02469002C0FD02368002BF9D0BF
:10BAB00043461B68002B01D09C42F3D120002A0092
:10BAC0003100B8472469002CEFD14B46002B23D11D
:10BAD000280002B0E0BCBA46B146A846F0BD164FF9
:10BAE000D6E7144B984602E02469002CEDD0236879
:10BAF000002BF9D043461B68002B01D0A342F3D1A1
:10BB00002A0031002000B8476B460A222000DA7173
:10BB1000D91D093AB847E7E7504608F0A5FBD7E733
:10BB200040420F00FFFFFF7F1C1D0020B9B900102D
:10BB30002828002034280020A9B900100A4A1368D8
:10BB4000002B05D10CE01A001B691032002B07D026
:10BB50008342F8D1002902D1186910601961704739
:10BB60000029FCD01060FAE72828002010B500F06A
:10BB70005BF910BDF0B5CE46474680B583B06B4645
:10BB80000600DD1D2870FCF7AFFF0023194A1218CC
:10BB90004B41002B02DA0122174B52421749080091
:10BBA000894608F069FB164B80461C68002C14D0AF
:10BBB000144F02E02469002C0FD02368002BF9D029
:10BBC0003B68002B01D09C42F4D1200001222900C7
:10BBD000FFF7F2FE2469002CEFD14346002B05D17C
:10BBE000300003B0C0BCB946B046F0BD484608F0CE
:10BBF0003BFBF5E740420F00FFFFFF7F1C1D0020CD
:10BC0000282800203428002070B5040003F0F8FB39
:10BC100001230100050001222000FFF715FF084B5A
:10BC20001C68002C06D06368002B05D09847246957
:10BC3000002CF8D1280070BD2469002CF3D1F9E75D
:10BC400028280020024B1860024B19607047C0463C
:10BC5000EC270020F027002070B5050000200E0022
:10BC600001F0A0FA002834D0002001F0B1FA002839
:10BC70002FD0FCF739FF0023174A12184B41002B35
:10BC800016DB164C200008F0F7FA002821D000201F
:10BC900001F088FA00280FD101200021404200F075
:10BCA00055FD03256D42200008F0DEFA280070BD26
:10BCB00001220B4B5242E4E7002001F089FA0028F0
:10BCC000EAD029003200002001F0A2FA051EEAD1D4
:10BCD000E7E703256D42E9E740420F00E82F002027
:10BCE000FFFFFF7F10B5FCF7FFFE00230D4A12187F
:10BCF0004B41002B02DA01220B4B52420B4808F059
:10BD0000BBFA00280CD001200021404200F01EFDAB
:10BD1000002001F095FA0028F5D1044808F0A4FAB3
:10BD200010BDC04640420F00FFFFFF7FE82F0020FC
:10BD3000F8B5CE46474680B505000C00FCF7D4FEAA
:10BD40000023344A12184B41002B02DA0122324BF5
:10BD5000524232490800884608F08EFA002803D182
:10BD6000C0BCB946B046F8BD002001F01BFA00285F
:10BD700048D00026002C41DD294B994613E0A91933
:10BD8000002001F051FA070001200021404200F09C
:10BD9000DDFC002001F054FAFCF7A6FE204BF6195A
:10BDA00003C3B4422ADD002001F056FAA71B0200AB
:10BDB000B84200DD3A00002AE1D1012000214042D2
:10BDC00000F0C4FC002001F03BFA002001F0EAF989
:10BDD000002813D0002001F03FFA0028E1D1FCF741
:10BDE00083FE4B460F000CCB002184460D481218F1
:10BDF0004B419F4202D8D4D19445D2D9404608F055
:10BE000033FAADE700200021054B03C3404608F09C
:10BE10002BFAA5E740420F00FFFFFF7FE82F00202D
:10BE2000C01E002020A10700D02310B51B061C68EF
:10BE3000FCF7CAFBFCF764FC0023A0420AD1084BC4
:10BE400008481B780368002B06D001210648FFF73D
:10BE500075FE0123180010BDFCF79CF9F5E7C046FC
:10BE600040DC0110E82F00207014002010B50248BB
:10BE700000F00CF810BDC046502D002010B508226F
:10BE80000149FEF743F910BD502D002010B588B0D0
:10BE900004000D2200216846FEF732F90D22002130
:10BEA00004A8FEF72DF96A464B236846137004A9CF
:10BEB00000230D2208F0A8F915210822200069446A
:10BEC000FEF724F908B010BD70B500F053FA0C234A
:10BED000144DFF22AB6705201349FBF7E9FF134C14
:10BEE000282200212000FEF70BF9002240218020AB
:10BEF0000F4BE1801A600F4B61830F49A360A08252
:10BF00000A60E36108F090F901232B6480239B050C
:10BF1000EB649023094A0120EA508022084B520228
:10BF2000DA6470BD000011507D050020AC280020AF
:10BF300084001050000110508000105010D00100FB
:10BF40000020115010B501210520FBF775FF10BD31
:10BF5000002300B583B000210348044A01930093F5
:10BF600000F034FA03B000BDC0280020800010505B
:10BF7000044B1970002904D080219023024A8902C1
:10BF8000D1507047F12F0020002011500B785B0634
:10BF900000D070474B78052BFBD18A78014B1A6093
:10BFA000F7E7C04600001150F0B546464F46D6466A
:10BFB0000F20C0B5CB7882B09B079B0F01938D7883
:10BFC0004B790A792840EC091B0213438700A20031
:10BFD000904639181219324E9200C9005218B554C1
:10BFE00000255B05B2185B0D5570D3802D4AC50046
:10BFF000AA18012C01D12C4AAA1800251560002886
:10C000000CD121004144294B890071188B6001201B
:10C0100002B0E0BCBA46B146A846F0BD244A254D60
:10C0200011689446019A4D4092062A43A0252D0698
:10C030003F331543019A89469B09C1008A469B01FB
:10C04000022A16D04246494612193F189200FF00B4
:10C05000D219B21891606246CB181360012C1AD025
:10C060005246154952181560144A9342CFD9FCF72D
:10C07000E9FE4A465B009BB23F18D318FF00012C33
:10C0800004D0F619B26062461360E9E7F719FA6165
:10C0900062467C761360524606495218E3E7C04672
:10C0A000AC28002084001050800010500001105077
:10C0B000A82800200000105004001050FF0F10505E
:10C0C00010B508F0B1F810BD94460F2230B5C64641
:10C0D0000A401D00CB09142100B5900080185C4275
:10C0E0002140C0004018114982B04018002A17D0E2
:10C0F0000F49541ED20052180E49E4006118012B5A
:10C100000BD00432002301950093634600F05EF9E2
:10C11000012002B020BCA84630BD074BE118F1E772
:10C120000021034A012BECD1ECE7C046AC280020EB
:10C13000800010500C00105008001050F8B50F256A
:10C1400014234746CE46CE090D4072421340AA0042
:10C150005119C9005B18244980B5CB189846002DA9
:10C1600003D1022321489B1B8366B3009B195219FC
:10C17000D2000F279B009B1801220124CB5CD90918
:10C180001F407B004A40134389469C40FBF766FDF5
:10C19000012806D9154B164A1C66536E23409C4253
:10C1A000FBD14A46134BFF00FB18012A01D1124B69
:10C1B000FB18002240461A6008F016F8FBF74EFD07
:10C1C000012802D90D4B5C661C660A4BED00EB188A
:10C1D000012E01D1084BEB18802212011A60C0BC5D
:10C1E000B946B046F8BDC046AC280020002011502A
:10C1F0000000115084001050800010500030115089
:10C20000F0B50F234546DE4657464E46E0B51D00C5
:10C2100089B00D400B421BD04E48CC098446A30088
:10C22000A900984689461B1949199B00C9005B184B
:10C23000634407009878EA00012810D00021597063
:10C24000454BD318012C01D1444BD31800221A605E
:10C2500009B0F0BCBB46B246A946A046F0BD664256
:10C2600013303040091861448A46D9680291198A0E
:10C270005B8A03936B1EDB00012C64D038481B18CB
:10C280003548079313189B465B461B6800225805E8
:10C2900001D59A05920D580103D59B019B0DD2182B
:10C2A00092B251188BB20493012C02D1029B9B1ABB
:10C2B000029343464A461B195219D2009B009B1811
:10C2C0000F22FB5C01261A40D90906925300012275
:10C2D0004A4013439E400591FBF7C0FC012806D954
:10C2E000204B214A1E66536E33409E42FBD1069B73
:10C2F0001A4A0599DB009A18012901D0164A9A18A2
:10C3000000235046136007F06FFFFBF7A7FC0128DE
:10C3100002D9164B5E661E664B4644445B19DB0031
:10C32000A400E4180023049A3C196370504601925B
:10C3300000935A46029B079900F048F8638A039AD3
:10C340009B18638284E70A481B1804480793131854
:10C350009B4699E7AC2800208400105080001050C4
:10C360000C001050002011500000115000301150EE
:10C370000800105080220E4B520410B51A600D4B6D
:10C380000D491A6010000B689843FBD180220021F0
:10C3900052010A48FDF7B4FE0922094B5A67FBF720
:10C3A0005DFC084B18700848FBF702FF10BDC04643
:10C3B00000E0004000F0004008C0004000001050C5
:10C3C0000000115088140020582F0020F0B54F466F
:10C3D0004646D646C0B584B091466A46928E884697
:10C3E0000282002202214282013282700400C36074
:10C3F00008002B4A126C10400700207806001142FA
:10C4000002D12279002A20D16379002B11D1BB07F8
:10C41000F209DB0F9B1A5A42534141464A4620001B
:10C42000DBB207F0F9FE04B0E0BCBA46B146A8465C
:10C43000F0BD802190231B4A8902D15007F024FFD0
:10C440000028E4D00223A370EDE71500E278A1688C
:10C450009201180089182A00FDF758FEE268638AE5
:10C460005219E26000225B199BB29A466382238ACA
:10C4700022715B1B9BB22382E270002BC4D120008F
:10C4800007F0B2FE237801A803715346802283602F
:10C490000023120100210280437107F0ADFEC2E7C4
:10C4A0000000115000201150002070477047C04616
:10C4B0007047C0460020704700207047002070473A
:10C4C0007047C0467047C0467047C0467047C04678
:10C4D0000023037000207047024B187E431E9841D2
:10C4E000C0B27047A8250020024B987D431E98419A
:10C4F000C0B27047A8250020F8B557464E46DE4624
:10C500004546E0B52E4F81463B788A46FF2B49D100
:10C5100000294ED000216C222A48FDF7F1FD0022AF
:10C52000294B2A481A70FBF743FE294C2000FBF7E1
:10C5300031FE284B1C60284C2000FBF739FE200000
:10C54000143801F093FB254B183C1C60244C200050
:10C55000FFF7BEFF234E2378A0463060FF2B28D084
:10C56000214A002500249346A34224D933685B194D
:10C57000002B1ED05B68002B1BD0984743461B78CE
:10C5800001345A1CE4B2D2B22435A242ECD84B4654
:10C59000514648463B70FFF797FC002809D04846B3
:10C5A000FFF7D0FC0120F0BCBB46B246A946A0462E
:10C5B000F8BD0020F7E7A342FBD15B46DDE7C046AC
:10C5C000AC140020A8250020F22F0020DC2600203B
:10C5D000A025002014260020A414002018260020E6
:10C5E000F02F00203822002071D2001010B5154C19
:10C5F00082B0E388002B22D02378DB43DBB2DB0957
:10C60000D90101221000E4184B34237818401A4253
:10C6100002D0002002B010BD0B4B1B789C46237843
:10C62000134323700022009000236046FFF74CFD67
:10C630000028EFD10522237893432370E9E70123F3
:10C640008021DEE7A8250020AC14002070B53C4C0A
:10C65000110082B0A260E288101C9A4200D9181C16
:10C6600083B2A081002A43D0002B01D0002943D0FF
:10C67000E289981A844680B2402822D8604686B261
:10C6800020787F2824D8934256D0002300212D4AB9
:10C6900001200500E4184B3423781D40AC461842B5
:10C6A0002AD10125284B187823782B432370634621
:10C6B00000933300FFF708FD002833D0012002B0BB
:10C6C00070BD40208446604686B220787F28DAD943
:10C6D00093422DD01B4B1D00994205D000290BD051
:10C6E00032001800FDF712FD012380212A00CFE758
:10C6F0004C21635CDB0701D50020E0E7124B0D0005
:10C700001878635C01210B4363558021002300925C
:10C71000FFF7DAFC0028D1D10522635D00209343A6
:10C720006355CCE705222378002093432370C6E7A6
:10C73000012380210022ABE7002300210022A7E78C
:10C74000A825002018250020AC140020F0B5DE46F6
:10C7500057464E464546E0B5B54B8FB006931B781D
:10C76000FF2B34D0B34B10259946B34B0BAC9B46F3
:10C7700004954B461E68B269EFF3108172B61368D8
:10C78000002BFCD0BFF35F8F00233288F161301D96
:10C79000210001F0A9FAB269F369BFF35F8F0021AC
:10C7A000116083F31088002811D063789846092B14
:10C7B00008D85A469B00D3589F466368002B01D087
:10C7C000A0689847049B013B0493002BD1D10FB084
:10C7D000F0BCBB46B246A946A046F0BD0F26217963
:10C7E000964F0E407300CA09FB189B1818000525C8
:10C7F0004B300278AA430270002E00D12CE1904EFB
:10C800002B331B783278934200D30BE18D4AD8004A
:10C810001268C3189B00D318002BD8D09E69A36858
:10C8200062792078B047CDE7874B1A78002AC9D0C3
:10C830001A78013A1A701B78DAB2002BC2D17F4FF6
:10C84000013339003B754A33FA540133FA542378E3
:10C850009A460CAB41CB41C160233878BA60FA608C
:10C860003A610340602B00D1A4E1402B00D185E266
:10C87000C206D20E012A00D12FE2022A00D170E1B5
:10C88000002A00D096E1202B00D1ADE2002B00D091
:10C8900090E17B78092B00D98CE16C4A9B00D3583E
:10C8A0009F46664F3B7D002B00D18BE7FFF70EFEC6
:10C8B00088E7624F3B7D002B00D183E7F87D80073E
:10C8C000C00FFFF701FE7DE75D4E3378FF2B00D1EF
:10C8D0001FE15F49227805915A491500002700227F
:10C8E0008A4613E05246FB001268DB199B00D318FE
:10C8F000002B00D18FE0DB682800984733780137A0
:10C90000591CC9B2FAB2914200D802E19342E9D867
:10C9100000D080E0059BEFE7494E3378FF2B4CD0E9
:10C920004B492278059147491500002700228A4685
:10C9300011E05246FB001268DB199B00D318002B54
:10C940004DD0DB682800984733780137591CC9B2AD
:10C95000FAB2914231D99A42EBD340D1059BF1E72B
:10C96000364FBB7EDB0700D42CE76068FFF7A0FDE5
:10C9700028E7334E3378FF2B35D03549227805919F
:10C9800030491500002700228A4611E05246FB007C
:10C990001268DB199B00D318002B36D0DB68280007
:10C9A000984733780137591CC9B2FAB291421AD963
:10C9B0009342EBD829D1059BF1E7204F6C2200214F
:10C9C0003800FDF79DFB38001022FF211B30FDF7DA
:10C9D00097FB38002022FF212B30FDF791FB00222E
:10C9E000194B1A70EEE6154F6C2200213800FDF746
:10C9F00087FB38001022FF211B30FDF781FB380038
:10CA00002022FF212B30FDF77BFB00220E4B1A70FA
:10CA1000FFF758FDD6E6094F00220B4B1A70237919
:10CA20007B76CFE6934200D0D1E60A4EF7E6C046C9
:10CA3000AC1400201826002050660110A825002004
:10CA4000F02F002038220020F22F002078660110FD
:10CA5000D9D2001029D50010A368FA889846257805
:10CA6000002A51D03B78DB43DBB2DB090593DB01C5
:10CA70009A46514560D03B78B8687F2B6DD8002826
:10CA800000D19FE6FB89B989C91A884567D8CF4983
:10CA9000884205D04246FDF739FBFB89B868FA8821
:10CAA000010043449BB24144FB81B960934203D0EF
:10CAB00042463F2A00D9DBE03B69002B06D03A0012
:10CAC000022128009847002800D1FDE00122110032
:10CAD000059BFF184B373B7819401A4200D071E68E
:10CAE0000122069B18783B7813433B70002200918B
:10CAF00000235146FFF7E8FA002800D062E605223D
:10CB00003B7893433B705DE6012305937F339A4660
:10CB1000AFE7AF4F6C2200213800FDF7F1FA380083
:10CB20001022FF211B30FDF7EBFA38002022FF21F5
:10CB30002B30FDF7E5FA6FE74346002B00D041E6C6
:10CB400039002800FFF722FA3B69002B00D139E6B3
:10CB50003A0003212800984734E6FB89A0E788467D
:10CB600095E70F2239799B4E0A4008925200CD0971
:10CB70000792BA1852192B321278059594463278DA
:10CB8000944500D302E16546934AEE00126866447C
:10CB9000B6009619002B00D1FDE0002E0AD0736973
:10CBA0003A00012150463B619847002800D009E631
:10CBB00023789A4650460021FFF7C0FA802120785A
:10CBC000FFF7BCFAFEE5BD783B7E9D4208D0002B06
:10CBD00000D003E23D76002D00D08EE1FFF772FC1D
:10CBE00039005046FFF702FDECE5122206ABD218E1
:10CBF0003B7E3900137050460123FFF727FDE1E526
:10CC00007888020A531E9BB2C0B20E2BD2D8734949
:10CC10009B00CB589F465046B978FFF799F90123FE
:10CC20007B75CFE57B88012BC4D1FA7DDB181343DC
:10CC300039005046FB75FFF7D9FCC3E57B88012B13
:10CC4000B8D10222FB7D390093435046FB75FFF7B4
:10CC5000CDFCB7E5122206ABD218FB7D40B21380A3
:10CC60000028A7DA022339005046FFF7EFFC9CE7C3
:10CC7000B889C21A904692B2402A01D94022904601
:10CC8000424692B290463A787F2A69D8834200D1D0
:10CC9000C7E000234D4A01210800FF184B373B78BD
:10CCA0001840194200D08DE5069B1B789C463B78C6
:10CCB0000B433B703100009043466046FFF704FA97
:10CCC000002800D07EE51AE728000021FFF736FA99
:10CCD00080212800FFF732FA74E53B79BA880F2BE0
:10CCE00000D967E7FF233B4E1340FB18D97E33780A
:10CCF000994200D390E0384ACB0012685B189B0041
:10CD0000D318002B00D155E75B693A00012150464A
:10CD10003B619847002800D054E5602210003B7822
:10CD200018401A4200D043E7797838610A2900D1C7
:10CD3000B4E00B2900D1ACE0002900D038E7122282
:10CD400006A812185BB211808B4200DB30E7022389
:10CD500039005046FFF77AFC002800D032E527E77B
:10CD6000834266D0194B9A46994203D04246180036
:10CD7000FDF7CCF90123802652468CE7184B3A0088
:10CD8000012150463B61FFF78FFB0EE7944554D1DC
:10CD9000002B4CD1134E7B7802251A00AA43012A9E
:10CDA0004FD0002B00D005E7079B059AFB189B1876
:10CDB00012224B331B7806A99B075218DB0F40B297
:10CDC0001380002800DBF5E6C1E7C04618250020E7
:10CDD000A8250020F02F002038220020A066011096
:10CDE000A9C40010F46601103B79BA880F2B00D952
:10CDF000E0E6FF23AD4E1340FB18D97E337899420D
:10CE000012D2AB4ACB0012685B189B00D318002BE0
:10CE100000D1CFE65B69C3E6994200D0CAE6A54BD4
:10CE200073E70023002236E7994200D0C2E6A14B07
:10CE3000B6E60123802600222DE70026002BAAD08B
:10CE4000B8E67A88002A00D0B4E6089A002A00D111
:10CE5000B0E6002E00D1ADE6069A1078012B27D05F
:10CE6000FFF76CF9079B059AFB189B1803224B33BD
:10CE700019780A431A7073693A003B6101215046E0
:10CE8000984700233B614C33FB5CDB0700D599E4FA
:10CE9000A6E6BB78002B00D08AE6A1E6122206ABFC
:10CEA000D2181070012339005046FFF7CFFB89E4F8
:10CEB000079B059AFB189B184B331D78FFF7A0F9C9
:10CEC00002231D4201D1013398464146079B059A32
:10CED000FB189B184B331A788A431A70CBE7FFF77D
:10CEE000E9FA021E00D163E6D37891781B020B4366
:10CEF00050463900FFF7AAFB57E6681EC0B2F4F7A8
:10CF00003DFC00285FD04378022B5CD10121C2791F
:10CF1000FB7D92110A408B431343FB75092398460E
:10CF200080444646B846C37882781B021343C31830
:10CF30000593059AB2424DD93378F3189A4249D3F2
:10CF400072780B2A44D0042A3CD1059B00259B1BF8
:10CF50009BB20893554B57460793554B099312E0E4
:10CF60002422099B6A431B689B18002B2AD0089A2D
:10CF7000310038001B6992469847082801D982453C
:10CF80000CD20135EDB2079B1A78531CDBB29D42DF
:10CF900018D2AA42E4D815D1474BE8E71023BA4685
:10CFA00002900700454A280045490196009300F089
:10CFB000ADFB002806D0079BF6191B780133DBB2C6
:10CFC0009D42B6D3474600233B7623789A46F1E547
:10CFD0001E00AEE74746FFF773FA01E60021504610
:10CFE000FEF7C6FF5046FFF76BF87B7E2F4E3049A9
:10CFF0000593337800220791FF2B19D0A84615001E
:10D0000010E02422079B6A431B689B18002B21D049
:10D01000DB685046984733780135591CC9B2EAB2EB
:10D02000914204D99342ECD814D1234BF0E7454602
:10D030006C2200213800FDF763F81022FF211F4801
:10D04000FDF75EF82022FF211D48FDF759F8059BEA
:10D050007B76BFE54546FAE7FFF72EFA021E00D1C0
:10D06000A6E5390050461378FFF7F0FA9DE5B98838
:10D07000F4F788FB021EF4D19AE5022A10D0FFF7DC
:10D080001DFA021E00D02FE792E5F4F773FB021E93
:10D0900000D18DE5122339005046FFF7D7FA84E519
:10D0A000F4F76CFB021E00D01EE781E5F02F002094
:10D0B0003822002059D40010F4660110C325002046
:10D0C000D32500204B790A791B021343002010B5A9
:10D0D0005B0503D0024B1878FEF766FF10BDC04613
:10D0E000AC1400200F20074B10B51A680840CB097C
:10D0F0004B334000C018044B1100C01800F0CCFAAC
:10D1000010BDC04614260020A82500200F20074B84
:10D1100010B51A680840CB094B334000C018044BC7
:10D120001100C01800F0D8FA10BDC0461426002027
:10D13000A825002070B582B068460F24007E0C4000
:10D1400084460E4864000419CD0964194B342078D4
:10D15000C00702D5002002B070BD0126257808481E
:10D1600035432570654600780095FEF7ADFF002831
:10D17000F1D10522237893432370EBE7A825002003
:10D18000AC140020002070477047C0467047C0466E
:10D190007047C0467047C0467047C0467047C0469B
:10D1A0007047C04610B5002801D0002010BDFFF721
:10D1B00093F90400FFF798F9002CF6D00028F4D179
:10D1C000024B0130DB781840F0E7C046BC2200205B
:10D1D00030B5002817D148234A2144250B4AD05A9C
:10D1E000515A83B2525B8CB2884207DB1B1B9BB245
:10D1F000101C9A4200D9181C80B230BD5100091B86
:10D200005B189BB2F4E70020F7E7C046BC22002081
:10D21000030010B50020002B02D1024800F086FC6C
:10D2200010BDC046F0220020030010B50020002BE6
:10D2300002D1024800F068FB10BDC046C8220020A1
:10D24000030010B50020002B02D1024800F0F2FAD2
:10D2500010BDC046C8220020030010B50020002BDE
:10D2600002D1024800F0DEFB10BDC046C8220020FB
:10D27000972270B5154C84B0002120009200FCF775
:10D280003FFFE1235B026360F8235B42638123007D
:10D29000802620000E4D5D337600FF33029500930B
:10D2A0000022002300210196343000F06BFA2000A8
:10D2B00040355C340123012200210295019600943F
:10D2C0000C3000F05FFA04B070BDC046BC220020F4
:10D2D0003C2200200120704770B5064C002520003C
:10D2E00001211830256000F0DFFC3623A573E554DA
:10D2F00070BDC046BC220020F8B54E46DE465746FB
:10D300004546E0B54B7906000C00022B02D18B7923
:10D31000022B06D00020F0BCBB46B246A946A04670
:10D32000F8BD4C493433CB5C8846002B02D08B7B54
:10D33000002BEFD141460E70A3784B70A31899468D
:10D34000207827187B784F4509D23A78BA1891454A
:10D3500005D3242B03D117007B784F45F5D3052B3C
:10D360004DD0042B02D0381B80B2D4E77B790A2B36
:10D37000F9D13B79002B5FD03B00002293461A780D
:10D3800099188A46994538D90D00894535D34B7887
:10D39000052BBFD1CA78023B1340022BBAD1300013
:10D3A000FFF790FE0028B5D06B7929791B020B435B
:10D3B000AA785B055B0DD109012931D040463421A3
:10D3C00005004654023142541A041343836340302B
:10D3D00000F04CFC2800343000F03AFB002899D0D3
:10D3E0005B460133DAB23B79934693422AD95346DE
:10D3F0001A7899188A469945C6D85746B3E739002E
:10D400003000FFF75FFE002800D183E74146BC46AD
:10D41000BB788B703B789C4463461F005B78A0E729
:10D4200041468A730A000B824023183210000E73A3
:10D430004B8200F01BFCD3E7BC463B789C44E246A1
:10D44000574690E75246D44613789C44E2465746E6
:10D4500089E7C046BC22002060238C461100127868
:10D4600070B513400022202B08D12D4C4B7926009B
:10D470000D7964781B022B439C4201D0100070BDD3
:10D480004B78222B19D008D8202B33D0212BF5D163
:10D490006346012B39D00122F0E7232BEED16346FE
:10D4A000012B38D0032BF6D18B78C97800200902E4
:10D4B0001943FFF775FE0122E0E76346012B2AD0EE
:10D4C000032BE8D10125CB788A781B0213431C007B
:10D4D0001D4033000121183318006940F47000F03A
:10D4E000E3FB012362081A4029000020FFF754FEE5
:10D4F0000122C3E76346012B07D0032BCBD10020C9
:10D50000311DFFF74BFE0122B8E7064A0723FFF75C
:10D510009DF80122B2E7FFF769F80122AEE7C046A5
:10D52000BC220020C0220020F0B5C6461E003623D3
:10D5300000B5434D0C00EB5C84B08B420CD0AB7B50
:10D540008B4238D0AB78994201D1002923D10020F9
:10D5500004B080BCB846F0BDE96B002905D02800B6
:10D560000023B2B2403000F025FCEB7AFF2B2DD126
:10D570004823EA5A0233EB5A9A4211D1314D28001E
:10D58000343D00F065FAAB7BA34214D0AB789C42EB
:10D5900001D00120DCE70020FFF7FCFD0120D7E7E8
:10D5A0000020FFF7F1FD274D2800343D00F050FA30
:10D5B000AB7BA342EAD10020FFF7EAFD224D280011
:10D5C00000F038F9002831D00C3DDFE7280069462B
:10D5D000403000F099FC6B461A89002A1FD0039B4B
:10D5E000013A9B18002BC3D0002EC1D0039A01989A
:10D5F00094466A4612880700013A82189046E97AF2
:10D60000002205E09F42B3D0013B01329642AFD0E9
:10D610001878884210D09C45F4D14346F5E71A8823
:10D62000002AA5D0019B013A9B18DBE728003100B6
:10D6300000F0CEF80C3DA9E70020FFF7A7FD97E723
:10D64000BC220020F0220020C822002000B50300E8
:10D6500083B0002910D00020012B07D80A78002AB7
:10D6600004D00C48C2540120012A01D003B000BDEF
:10D670001800FEF741FFF9E701236A46002001A9DF
:10D680009380FEF739FF0028F0D00122014B1A7079
:10D69000ECE7C0469C250020F0B504000525237862
:10D6A00008000F00002683B01D4202D0300003B0F6
:10D6B000F0BD0121494206F0C7FD23781D406E42AE
:10D6C0006E41F6B2002D03D1042223781343237058
:10D6D000380006F0C9FDE9E770B50D00012104002E
:10D6E0004942280006F0B0FD052223781A40131F96
:10D6F00059424B41DEB2042A02D12378934323706E
:10D70000280006F0B1FD300070BDC046F0B5C64639
:10D7100000B590461F006A466B46128C1E7E079B22
:10D720009A1893420BD21C78A4469C44624506D3B7
:10D730005C78052C12D0042C07D0624503D8012058
:10D7400080BCB846F0BD6346EDE7DC78002CF4D130
:10D750009C78A446BC4212D2444608E00F249D782F
:10D760002C40B4420BD26400A446EC098C446546BC
:10D7700060551C78A4469C446245E0D9E3E700204C
:10D78000DEE7C04670B5150004AA8C4602CA040044
:10D7900012880020002901D0002A00D170BD604607
:10D7A000607020000C3000F035FA20239C46A44421
:10D7B00066463000FAF7EEFC0023002D01D033005E
:10D7C0000026A361069B0120E661A360E6E7C04650
:10D7D00010B5828AC38A040082B09A420BD1002914
:10D7E00009D08388013B194205D18178002902D0F4
:10D7F0004378002B02D0002002B010BD0078FFF764
:10D8000071FC0028F7D06378002BF4D1A278A168CE
:10D8100094462078002906D0009300220023614618
:10D82000FFF788FCE8E7220000910C326146FFF721
:10D83000A9FCE1E730B50400808AE28A83B091B2A6
:10D840008C4683B2218A904212DB62469B1A9BB2BD
:10D850000A1C994200D91A1C92B2002A05D0A1785C
:10D86000002902D06378002B08D0002003B030BD1F
:10D8700060464A00121A9B189BB2E9E72078FFF72E
:10D8800031FC0028F1D0A168002918D02000002325
:10D89000E2880C3000F028FA05006378002D1FD0D4
:10D8A000002BE2D1A2682078A178002A25D000932D
:10D8B0002B00FFF73FFC0028D7D02800D6E7A08A2E
:10D8C000E18A83B28AB29446228A88420FDB61469B
:10D8D0005B1A9BB2101C9A4200D9181C85B2DCE777
:10D8E000002BC2D1A1782078FFF710FCBDE760467D
:10D8F0005100091A5B189BB2ECE70C3400922B0024
:10D900002200FFF73FFCD6E7F0B5040083B0101EFD
:10D9100001D103B0F0BD0C239C46A4440023604613
:10D9200092B2674600F046FA0600A08AE18A83B206
:10D930008AB29446228A884223DB61465B1A9BB2F4
:10D94000A088111C9A4200D9191C89B2814201D2C7
:10D95000904214D9A08AE18A83B28DB2884216DB44
:10D960005B1B9BB2111C9A4200D9191C89B2002979
:10D9700005D0A178002902D06378002B0CD03000AC
:10D98000C7E760465100091A5B189BB2D8E75100FF
:10D99000491B5B189BB2E5E72078FFF7A3FB002843
:10D9A000EDD0A16800291ED000233800E28800F0E5
:10D9B0009BF903006278002B0DD0002ADFD1A1680B
:10D9C0002078A478002925D000920A002100FFF7D2
:10D9D000B1FB30009DE7002AD1D1A1782078FFF774
:10D9E00095FB300095E7A08AE38A82B299B28C4613
:10D9F000218A984208DB6346D21A92B20B1C9142EC
:10DA000000D9131C9BB2D5E760464B001B1AD218F5
:10DA100092B2F3E700913A002100FFF7B3FB300028
:10DA200077E7C04610B5838AC18A9C46028A9BB2BA
:10DA30008CB28C4507DB1B1B9BB200209A4201D99C
:10DA4000D21A90B210BD5100091B5B189BB2F4E7CB
:10DA500030B50400808AE18A83B08AB2944683B2EA
:10DA6000228A884213DB61465B1A9BB200219A42EC
:10DA700001D9D21A91B2A3888B4205D8A178002986
:10DA800002D06378002B08D0002003B030BD604680
:10DA90005100091A5B189BB2E8E72078FFF722FBD8
:10DAA0000028F1D0A08AE18A83B28AB29446228A01
:10DAB000884228DB61465B1A9BB200219A4201D959
:10DAC000D21A91B2A38862788B4222D8002ADBD185
:10DAD0005B420B40E188181C8B4200D9081CA268ED
:10DAE00083B21D002078A178002A19D05C1EA341C2
:10DAF0005B421A40002300932B00FFF71BFB00281A
:10DB0000C2D02800C1E760465100091A5B189BB2D9
:10DB1000D3E7002AB8D1A1782078FFF7F7FAB3E766
:10DB20000C3400922200FFF72DFBE8E70C239C4603
:10DB3000844470B504006046002392B282B00500B0
:10DB400000F0D2F80600A08AE18A83B28AB2944635
:10DB5000228A884213DB61465B1A9BB200219A42FB
:10DB600001D9D21A91B2A3888B4205D8A178002995
:10DB700002D06378002B08D0300002B070BD604640
:10DB80005100091A5B189BB2E8E72078FFF7AAFA60
:10DB90000028F1D0A08AE18A83B28AB29446228A10
:10DBA000884224DB61465B1A9BB200219A4201D96C
:10DBB000D21A91B2A38862788B421ED8002ADBD198
:10DBC0005B42E0880B401A1C834200D9021C93B2CE
:10DBD000A2682078A178002A16D01C00651EAC41EE
:10DBE0006442224000240094FFF7A4FAC4E7604690
:10DBF0005100091A5B189BB2D7E7002ABCD1A17863
:10DC00002078FFF783FAB7E700922A00FFF7BAFA05
:10DC1000B2E7C046F8B51F00802304000E001500CF
:10DC20001B029A421FD8C068002803D00121494234
:10DC300006F00AFB2069002803D00121494206F0C2
:10DC400003FB0023E06863812660A580A771238120
:10DC5000002801D006F008FB2069002801D006F05A
:10DC600003FB0120F8BD0020FCE7C04610B504000E
:10DC7000C068002803D00121494206F0E5FA206976
:10DC8000002803D00121494206F0DEFA0023E068B3
:10DC900063812381002801D006F0E6FA206900287C
:10DCA00001D006F0E1FA10BD70B5837904000D00D3
:10DCB0008B4218D0C068002803D00121494206F0E9
:10DCC000C3FA2069002803D00121494206F0BCFABA
:10DCD000E068A571002801D006F0C6FA2069002886
:10DCE00001D006F0C1FA70BDF8B5CE464746060031
:10DCF00000698846914680B5002803D00121494239
:10DD000006F0A2FA31897289B5888BB294B2914239
:10DD100048DB1F1BBFB2002F3ED0BD4205D2AB4235
:10DD200045D25B199CB22F0074814B46B94531D85E
:10DD30009FB2A54203D8641BA4B2A542FBD93168A7
:10DD40002B1B9BB209199F421FD91A0040469946C6
:10DD5000FCF7DCF940467D1B62193168484492B2F9
:10DD6000FCF7D4F97189B588CB199BB26A00994246
:10DD700014D99B1A30697381002801D006F074FA17
:10DD80003800C0BCB946B046F8BD3A004046FCF782
:10DD9000BDF9E7E73B1CCBE773899BB26A0093426E
:10DDA000E8DBE6E76F003F1BDF19BFB2B3E75B1BA1
:10DDB0009CB2B8E7F8B557464E464546DE4688461B
:10DDC000E0B51C000600171E56D0C068002803D01E
:10DDD0000121494206F038FA3389B27999B2738940
:10DDE0008946B5889BB2002A35D1994258DBCB1AB7
:10DDF0009BB2AB425AD2EB1A1A1C9BB2BB4200D95F
:10DE00003A1C4B4697B2DB199BB29A467B1B9B464A
:10DE10004C46AC4203D3641BA4B2AC42FBD2306884
:10DE20002D1BADB20019BD4242D33A004146FCF76A
:10DE30006DF9B3885B00D14501D89A4502DB5246A3
:10DE4000D31A9A4653463D003381F068002814D017
:10DE500006F00AFA11E0AF4216D2994245DBCA1A1F
:10DE600092B26900781BD21983468A422DDA4B465A
:10DE7000FB189BB29A46CBE700252800F0BCBB46B6
:10DE8000B246A946A046F8BD002C37D0002DDCD004
:10DE90005A199946002392B292462F009B46B7E743
:10DEA0006A00D31A4B449BB2AB42A4D30025CCE703
:10DEB0002A004146FCF72AF95B46E21843463068DF
:10DEC00092B25919FCF722F9B3E75A1992B2924665
:10DED000D21B92B2914693420CD94B46591A8BB23F
:10DEE0009946FB189BB29A4692E76900CA1A4A44BF
:10DEF00092B2B7E7914200DD8AE7EEE7C4467F1BA6
:10DF0000BC44E046C2E7C046F8B50E00018942892C
:10DF1000070083888DB294B2914244DB291B89B2F9
:10DF20008B4214D23869002830D00121494206F0D2
:10DF30008BF9B98838698D423AD26C18A4B20B00BB
:10DF40007C8100280FD006F08FF9B9880B000029DA
:10DF500023D09D4207D3ED1AADB29D42FBD29C4225
:10DF600003D3E41AA4B29C42FBD23A681019706041
:10DF7000AC4206D3C91A181B641830803481F26091
:10DF8000F8BD0023002231803381F8E7AB4219D875
:10DF9000ED1AACB2191E7C81DED100230022338041
:10DFA00033817360EBE75900091B691889B2B7E741
:10DFB0006A1A94B27C810028C5D10029EDD00B00EB
:10DFC0001500C9E75C19A4B219007C819D42C2D238
:10DFD000C9E7C04610B50A4B0A4AC418240DA4006C
:10DFE00082B0009208482200E31CF9F793FE8442B5
:10DFF00002DC001B02B010BD01204042FAE7C0461F
:10E000000000E0AFBC610110FC270020F8B506005D
:10E010000C00F9F741FE1A4B1A4AF3181B0D9B002E
:10E020009F58012225790521AA4020236156013AF3
:10E030005B1B002914DB0E0099421ED813008B4095
:10E0400000251F4208D1A379002B05D1B24015004D
:10E050003D406B425D41EDB2F9F72AFE2800F8BD64
:10E06000002B02DA09E0013B07D3110099401E00A2
:10E070000F42F8D1A379002BE8D00025ECE7C04689
:10E080000000E0AFE4260020F0B54E464546DE46EF
:10E090005746E0B5050083B00F00F9F7FDFD324BA0
:10E0A000324AEB181B0D9B0091469C46D358012227
:10E0B0003E790521B240202479568046013AA41BBE
:10E0C00000293FDB8C423AD3100088400C00034209
:10E0D00035D1B879002843D18A40100092463F6874
:10E0E0001A40184239D180208001002E17D0A34653
:10E0F0002C0065469C4633000E00110001954A0035
:10E10000BD5A854200D2AD19721812329200013107
:10E1100015519942F3D3019A63465C4694465246A0
:10E12000614613434A4653504046F9F7C1FD20006B
:10E1300003B0F0BCBB46B246A946A046F0BD0124E0
:10E140006442F1E7002C02DA07E0013C05D310003D
:10E15000A04021000342F8D1BBE709246442E3E771
:10E1600014246442E0E7C0460000E0AFE42600204B
:10E17000F0B54E46DE4657464546E0B583B00C0046
:10E1800089460CA9844608781F2A42D8610001916B
:10E1900009196446C90064182500DC352E68B246AA
:10E1A0002600CC363668B3461B4EA1198026B6022F
:10E1B0000E60411E884141421F2008401749401807
:10E1C000052B0CD9A0271F267F05D83451013943D0
:10E1D0000532053B296032402060052BF6D85201FC
:10E1E0009B061343019A4A44D20062441100DC3179
:10E1F0000B601300D833186053460B605B46002059
:10E20000CC32136003B0F0BCBB46B246A946A04670
:10E21000F0BD05204042F5E7CC30000080E0000072
:10E22000944601228A4070B5C6461C00036800B5BA
:10E2300093430360002C30D04A005318DB00C3180E
:10E240001D002668C8352E60A66804356E606668B5
:10E25000E468DC332E601C605318DB00184CC218D5
:10E2600012198024240614601460164A0C1D8A407A
:10E27000826001221500A540802408318A40A40153
:10E2800004192560614622601F22C0180A40D83058
:10E290000260002040BCB04670BD4A005318DB004D
:10E2A000C3181D008026C83576022E60C0263603AE
:10E2B000AE60F82604357602DC332E601C60CBE7B6
:10E2C000D01000000101010130B583B0050068469F
:10E2D0000C00FDF7D3FD082C00D908242200694664
:10E2E0002800FBF713FF200003B030BD10B50B0C66
:10E2F000140C002B30D1002C44D18BB291B2594375
:10E3000000F064F8041E3BD00300083B5A68032366
:10E310009A43043A242A13D80300132A0BD9002362
:10E32000036043601B2A10D900238360C360242A42
:10E3300031D00300103300221A605A609A6002E064
:10E340000021FBF7DDFE200010BD03000022083392
:10E350001A605A609A60F6E7002C16D1141C89B234
:10E3600092B24A43A4B29BB26343110C5B18190CDE
:10E370000BD1190492B2114300F028F8041EC3D146
:10E380000024E0E7231C0C1CE9E700F0DDFF0C2370
:10E3900000240360D7E700220300026118334261C2
:10E3A000C9E7C04610B5034B0100186800F00EF82D
:10E3B00010BDC046C018002010B5034B01001868FE
:10E3C00001F0A6F810BDC046C0180020F0B54E46BA
:10E3D000DE46574645460C00E0B50B34814685B015
:10E3E000162C21D8102900D9D0E000F0A1FA102471
:10E3F00018230221C94DEB181A005F68083A9742AA
:10E4000000D172E103227B68B9689343FA68CA605D
:10E4100091600121FB185A6848460A435A6000F08F
:10E420008FFA38000830B5E007239C4300D5ADE0F3
:10E43000A14200D9AAE000F07BFAFC235B009C42D9
:10E4400000D2B9E1610A00D1ABE0042900D980E132
:10E4500038239C46A1098C44E0463931CB00082280
:10E4600052429446AD4DEB189C446346DF68BC4570
:10E4700012D00B00032661469C4607E0F868002A8C
:10E4800000DB2CE1814200D12DE107007B68B34322
:10E490001A1B0F2AF2DD41462A002F6908329742E3
:10E4A00000D10BE103207B688343181B0F2800DD9C
:10E4B00086E12A616A610028ABDA6A6894468022A4
:10E4C0009200934200D316E1DA08580901238340F1
:10E4D000604618438446D3005B199A686860FB6005
:10E4E000BA609F60D76001208B10984060455FD86C
:10E4F000634603420AD10323994363464000043133
:10E50000034203D1400004310342FBD00323A84659
:10E510009C4683460D00E80040440600AA46F36886
:10E520000BE061465A688A43171B1900DB680F2FFE
:10E5300000DD1BE1002F00DB2FE19E42F1D15346AD
:10E5400001339A4608369B07E9D1032205E00368A8
:10E550000838013D834200D0E2E12A42F7D1424629
:10E56000594653688B4353605A46520093469A4229
:10E570001DD8002A06D11AE05246043292465A4665
:10E58000520093461342F7D05546C4E70C234A463F
:10E590001360002005B0F0BCBB46B246A946A046B9
:10E5A000F0BD80233F22402190469B0057E745461F
:10E5B0000322AF687B6893439A46A34202D31B1B96
:10E5C0000F2B7EDC564B08201B6810331E1900F001
:10E5D000C5FE544B834601931B68013304D0731E60
:10E5E0001B18424213401E003100484600F09AFEBC
:10E5F0008046431C00D1FDE05346FB18834200D9FE
:10E60000F6E0494A11680292891911605A46013AA6
:10E61000834200D139E101980068013000D13FE127
:10E620004046C31A5B1802990B6041460723080055
:10E6300018400190194200D1F9E0C446310001337D
:10E640001B1A9C44614403915B4411405B1A1A40BD
:10E6500011004846E046160000F064FE431C00D15D
:10E660003AE1029B1968891919604346C21A0120D0
:10E6700092190243AB605A60AF4213D053460F2B3E
:10E6800000D811E107220C3B93437A680240052031
:10E690001A437A60FA18506090600F2B00D921E17C
:10E6A00043465A68214B1868884200D21960204BB3
:10E6B0001868884200D2196047469DE06B689C4606
:10E6C00011E701222100134311433C1979604846A8
:10E6D000AC60636000F034F9380008305AE7BA687B
:10E6E000D060826095E66146D6E6DF680231BB42C3
:10E6F00000D1D1E686E65A0A042A73D9142A00D931
:10E70000A7E010005C325B30D200AA18083A16006D
:10E7100092688846964210D181E0C046B814002025
:10E72000FC200020B0140020CC200020F420002089
:10E73000F82000209268964204D003215068884354
:10E740009842F7D84146D668FE60BA60B760D76095
:10E75000C9E614295CD9542900D982E06E239C466D
:10E76000210B8C446F31E046CB0078E601200E008F
:10E770004546091904437460B4680835E3603843BA
:10E780009C60A960E9604860CD6048468D60B750E4
:10E7900000F0D6F830000830FCE601200C008A18A2
:10E7A000516808340143516022684846D3609A603A
:10E7B00000F0C6F82000EDE62300E108083319E672
:10E7C0000126391934437C6029616961CA608A6015
:10E7D000320002434A60F850484600F0B1F8380071
:10E7E0000830D7E69A09100039323830D2008CE769
:10E7F000AF4242D0AF687A6803239A43131BA24208
:10E8000002D30F2B00DD5CE7484600F099F8C0E624
:10E810005B239C468C445C31E046CB001FE6012321
:10E820008010834060461843844668608CE733005C
:10E830005946434401931340CB1A1A4011004846ED
:10E84000160000F06FFD431C00D00AE70026019877
:10E8500007E7542A2BD81A0B10006F326E30D20003
:10E8600053E7AA235B0099422BD8DD3B9C46E10B82
:10E870008C447831E046CB00F1E52B4A11680292D6
:10E88000891911605A46013AC5E6104200D0C2E625
:10E8900052460123A86892191A438046426001E754
:10E8A0004146019B1960C0E643465860ACE7AA2088
:10E8B0004000824221D8DA0B100078327730D20043
:10E8C00023E71A4B994221D87C239C46A10C8C4407
:10E8D0007D31E046CB00C2E50198039B0838002655
:10E8E0001818BEE639004846083100F011FE029BB8
:10E8F0001968AB6898465A68D4E60C4882420BD82F
:10E900009A0C10007D327C30D200FEE6FE237E227F
:10E910007F2190469B00A2E5FE227E209200F4E635
:10E9200043465B6820E6C046CC200020540500002A
:10E9300010B5024800F00EFD10BDC046C8200020F2
:10E9400010B5024800F008FD10BDC046C8200020E8
:10E9500010B5034B0A000100186800F003F810BD61
:10E96000C0180020F0B545464E46DE465746E0B595
:10E9700080460D00914683B0002900D1A3E04C46AB
:10E980000B34FFF7D5FF162C6CD81024A1456CD89A
:10E990002F00083F796803230E00BB469A469E432A
:10E9A000A6426DDAB819B84A436801920093936899
:10E9B000009A834200D199E001239A43944684440B
:10E9C000624652681A4200D072E05346009A9A4357
:10E9D000B3189C469C424EDD01230B4210D139688E
:10E9E0007B1A5968009353469943521893199A46D3
:10E9F0009C4200DCC0E073189A469C4200DCBFE0F9
:10EA000049464046FFF7E2FC8146002800D10CE170
:10EA1000594601224B6893430200CB18083A9342AF
:10EA200000D1D2E0043E242E00D9D3E003002A0016
:10EA3000132E09D92B6803606B6843601B2E00D925
:10EA4000CDE003000832083311681960516859603D
:10EA500092689A604046290000F05AFD4046FFF750
:10EA60006FFF1DE007239C4390D50C2342461360A3
:10EA70000023994614E06646C3688268D3609A60B2
:10EA800001227B68311B1340B8190F2920D833436A
:10EA90007B604368134343604046FFF751FFA9463C
:10EAA000484603B0F0BCBB46B246A946A046F0BDFE
:10EAB00001230B42A4D15B461A689B1A5968009344
:10EAC0005346994397E71100FFF780FC8146E7E73B
:10EAD0003E19234311437B60716031004368083164
:10EAE00013434360404600F013FDD5E75346200032
:10EAF0009A43931910309C4683427ADAC90700D5AD
:10EB00007EE739687B1A5968009353469943521837
:10EB100093199A46984200DD6DE70099CB688A68A0
:10EB2000D3609A600B00321F08339946242A00D91B
:10EB300090E0132A09D92B688B606B68CB601B2A85
:10EB400000D98CE010310B0008352A681A606A6819
:10EB50005A60AA689A600098019B0119996053460F
:10EB600001221B1B13434B60436813402343436044
:10EB70004046FFF7E5FE93E7C3688268D3609A607A
:10EB800000990F008A68CB680837D3609A60321FFB
:10EB9000242A15D83B00132A08D92B688B606B6890
:10EBA000CB601B2A36D810310B0008352A681A6052
:10EBB0006A685A60AA689A603D005646009F5FE7FF
:10EBC0002900380000F0B0F8F6E703225B689343B1
:10EBD000F61855E73200290000F0A6F83AE7AB68CE
:10EBE0008360EB68C360242E23D0030010321033FF
:10EBF0002AE7019B39199960634601221B1B1343C5
:10EC00004B607B684046134023437B60FFF798FED0
:10EC1000A94645E7AB6800990B61EB684B61242A74
:10EC20000FD00B0010351833C0E74046FFF788FEC1
:10EC30001EE72B69183203610300696918334161CB
:10EC400002E72B6900998B610B006A692033CA6166
:10EC50001835ABE72900180000F066F87BE7AB68D1
:10EC600000990B61EB684B61242A03D00B0010352F
:10EC700018336AE72B6900998B610B006A692033AE
:10EC8000CA61183561E7C046B81400200EB470B5EB
:10EC900081239DB06A46002521AC9B0040CC938225
:10ECA0001B950290069000F0ABFB0B4B6A460A9353
:10ECB00001235B42D382094B03900790320018680E
:10ECC00002A923000E951395019400F06FFE1DB06C
:10ECD00070BC08BC03B01847E1EC0010C01800205D
:10ECE0000020704730B50400032A18D90B000343F5
:10ECF0009B070BD00023013A02E09A4211D0013366
:10ED0000E05CCD5CA842F8D0401B0BE020680B68AB
:10ED10009842EFD1043A04340431032AF6D8002A89
:10ED2000E8D1002030BDC046F0B5C6460D00160043
:10ED300000B5884212D9891881420FD98418032A54
:10ED400056D8731E002E06D0DA438918A418CA5C60
:10ED5000E254013BFBD280BCB846F0BD032E0BD879
:10ED60000400711E002EF6D000230131EA5CE2544B
:10ED700001339942FAD1EEE703242A00210002432D
:10ED800003001140144230D10F2E4BD91027BC463E
:10ED90002A003409013C2401A0460419A444146843
:10EDA0001C6054685C6094689C60D4681032DC60BD
:10EDB00010336345F3D10F221C000C231035324071
:10EDC000334045441600002BCBD06B5863500431C0
:10EDD000531A032BF9D8032616409208013A9200E1
:10EDE00004350434AD18A418BBE70400711EBBE75A
:10EDF00023000B439B0701D0531EA5E72B1F9C4606
:10EE00001300051F6246D258EA50043B032BF9D881
:10EE10000322B308013B9B00C91AE41A16400439C7
:10EE2000043C8EE732000400CFE7C04630B50C004A
:10EE300001788446002918D02578002D10D02200B2
:10EE40002B0003E053780132002B04D09942F9D112
:10EE50006346C01A30BD417801300029EFD1F7E791
:10EE6000417801300029FBD1F2E70020F2E7C046EB
:10EE700010B5002A2AD003000B439B0715D1032AA3
:10EE800013D9144B9C460CE0043A002A1ED0124CB5
:10EE90001C199C4363461C4218D104300431032AD8
:10EEA00003D903680C68A342EED003780C78013ACA
:10EEB0008218A34208D00BE0002B07D043784C788F
:10EEC00001300131A34203D19042F5D1002010BDA1
:10EED000181BFCE780808080FFFEFEFEF0B54746F1
:10EEE000CE46944680B501230F00012957D901264B
:10EEF000984601220021764206E09A1B90461900AE
:10EF000001228B189F420DD98419C55CA45CA542CF
:10EF1000F3D336D0012301220E00013198468B181D
:10EF20009F42F1D8424663461A6001239946023B4C
:10EF3000984601220021023307E042469A1A914680
:10EF4000190001228B189F420ED944460419C55C52
:10EF5000A45CA542F1D818D00123012288460131D2
:10EF600099468B189F42F0D84346701C0133834268
:10EF700003D36246494618001160C0BCB946B0468A
:10EF8000F0BD424505D00132BBE74A4504D001320D
:10EF9000D8E789180122B4E789180122D2E79946F7
:10EFA0000023E6E7F0B5DE4657464E464546E0B557
:10EFB0007A4C8246A544140089462000190005AA0F
:10EFC0001D00FFF78BFF06AB9B460190FFAA20C3F5
:10EFD0001C329342FAD1002D0BD02300681E661913
:10EFE00020185F461A78C11A92000133B950B34213
:10EFF000F7D1059B2000019AE1180293FFF772FEFA
:10F0000000286FD1002398464B46581B80231B01D4
:10F010002B4303932B006F1E00264546984608E0BD
:10F02000002D04D0029A9A4201D943469B1A00252A
:10F03000F618B04220D353465A469919CB5D9B002F
:10F04000D358002BECD1019A2B00954200D213002B
:10F05000BB4227D28446080002E00133BB421FD0E6
:10F06000E15CC25C9142F8D0010060469F4219D930
:10F07000019AB61A0136DAE750460399484402F07D
:10F0800091FA81444B464246981AB042D3D20020AE
:10F09000434B9D44F0BCBB46B246A946A046F0BDDA
:10F0A00001006046019B9D4276D28446013B0800E8
:10F0B00002E09D420FD0013BE15CC25C9142F8D07E
:10F0C00001006046013301359D4209D84246029B4A
:10F0D000F618D51AADE70135010060469D42F5D915
:10F0E0000800D5E7019AAB1A934253D30133029338
:10F0F0004B46581B80231B012B43002698466F1E4E
:10F10000B0420AD353465A46DB199B5D9B00D35845
:10F11000002B14D0F618B042F4D250464146484471
:10F1200002F040FA81444B46581BB042AFD35346DD
:10F130005A46DB199B5D9B00D358002BEAD15246FF
:10F14000019B91199F4214D98446080002E00133C3
:10F150009F420CD0E15CC25C9142F8D00100604655
:10F160009F4206D9019AB61A0136F618D3E7010074
:10F170006046019B013BB3D38446080002E0013B9B
:10F1800000D285E7E15CC25C9142F8D0029B604608
:10F19000F618B5E71300A9E7019B94E7E4FBFFFF2E
:10F1A0001C040000F0B54746CE4680B50F00097834
:10F1B0000500040091B0002950D07878002800D1D3
:10F1C00074E0BE78002E4FD0FB78002B00D188E091
:10F1D0003A79002A00D16EE0380000F011F9802160
:10F1E000890006000143280002F0DCF986424BD872
:10F1F000FE2E00D98DE0801B2B1840226846711C22
:10F200009846FAF77DFF002E0ED0BA1994461400E6
:10F210003F223B009146494668461A780A40E11A67
:10F22000013381549C45F6D12C003F22013CA35D63
:10F2300013406A46D35CE418A04503D226E0641963
:10F24000A04523D33F22A35D390013406A46200026
:10F25000D55C3200FFF746FD0028F0D1200011B048
:10F26000C0BCB946B046F0BD002309042A7801436A
:10F27000002A07D01B04013513432A789942F7D19D
:10F28000AC1EEBE79942FBD00024E7E74346981910
:10F290009B5D002BF8D08021090102F083F9C44660
:10F2A0008444E046A445C0D20024D7E7280002F0F9
:10F2B0001FF90400D2E72A78002AE5D000020843AB
:10F2C000360406431B06334319BA00232C001B02E5
:10F2D000013513432A78002A13D09942F6D1033C12
:10F2E000BCE709060004014336022A783143002AAC
:10F2F0000BD0134301351B022A789942F7D1EC1E3B
:10F30000ACE79942EBD00024A8E79942F7D000245B
:10F31000A4E7010033003A002800FFF743FE040091
:10F320009CE7C046002370B5064C0500080023602A
:10F33000FCF7EAFA431C00D070BD2368002BFBD019
:10F340002B60F9E730280020014B18687047C04651
:10F35000C01800207047C0467047C046802310B5D3
:10F360005B01082801D1180010BDFFF7EDFF16233F
:10F370000360173BF7E7C046024670B50A439207A1
:10F380002AD11E4DEE0104C808C9541B94433440D1
:10F3900017D0D0B2D9B2401A2106014310D190B291
:10F3A00099B2401A210401430AD110021902000A3D
:10F3B000090A401A2102014302D1100E190E401A07
:10F3C00070BD9A42DFD010BA19BA884201D9012023
:10F3D00070BD0020C04370BD02780B780130013150
:10F3E000002A09D09A4207D102780B780130013106
:10F3F000002A01D09A42EFD0D01A70BD010101015C
:10F40000030084469B070BD00300032102E0013375
:10F410000B4206D01A78002AF9D16246981A704732
:10F42000030019680C4A0D488A188A4302420FD11A
:10F430005968094A04338A188A43024208D1596834
:10F44000054A04338A188A430242F1D000E00133AE
:10F450001A78002AFBD1E0E7FFFEFEFE8080808064
:10F46000F0B5C646050000B5804608200C00FFF741
:10F4700075FF06002800FFF75BFA224F3100BB68DA
:10F480005D6803239D4328001138001B8019F9F79C
:10F4900031FE441E7443A64207DC00214046FFF7BC
:10F4A00041FFBB685B19984206D04046FFF748FA17
:10F4B000002080BCB846F0BD40466142FFF732FFF5
:10F4C00001300DD001222D1BBB6815430E4A5D6033
:10F4D000136840461B1B1360FFF732FA0120E8E770
:10F4E00000214046FFF71EFFBA68831A0F2BDCDDB0
:10F4F000064C05492468001B086001210B4353603A
:10F50000D3E7C046B8140020CC200020B01400205F
:10F51000F0B5C6460C00804600B5002940D0FFF784
:10F5200007FA210008394E68012533000320AB4358
:10F53000CA18944652688243280030400700644845
:10F540008468644500D171E064466260A418646810
:10F550002C40002F27D10E685E4F891B9B198E68A7
:10F56000BE4256D0CF68F760BE60002C1DD0624608
:10F570001D434D6013608022920093422DD2DA0821
:10F580005C090123A340446823434360D3001B1854
:10F590009A68CB608A609960D1604046FFF7D0F9E5
:10F5A00080BCB846F0BD002C0FD19B1862460124E8
:10F5B0009268484D1C43CE18AA4259D06546ED6862
:10F5C000D560AA604C603360D5E7624635434D6034
:10F5D0001360802292009342D1D35A0A042A3DD864
:10F5E0009A09140039323834D60086193268083E38
:10F5F0000325964203D14CE09268964203D05068AE
:10F60000A8439842F8D8D668CE608A60B160D160CD
:10F61000C3E7002C33D1D218604663468068DB68AC
:10F620001543C36098604D608A50B6E79A18002F62
:10F6300006D10B68C91A8C68D218CB68E3609C604D
:10F64000012313434B60244B81601B689342A4D871
:10F65000224B40461968FFF703FF9EE7142A13D98F
:10F66000542A1DD81A0B14006F326E34D600BCE732
:10F67000D1609160CA608A604C6033608DE76246F9
:10F680001D434D60136088E714005C325B34D60084
:10F69000ABE70123A410A340446823434360B3E7CE
:10F6A000AA246400A24205D8DA0B14007832773419
:10F6B000D6009AE70A4CA24205D89A0C14007D3273
:10F6C0007C34D60091E7FE267E24B6008DE7C04646
:10F6D000B8140020C0140020B4140020FC20002026
:10F6E00054050000F0B54E465746DE4645468A466C
:10F6F000E0B50C0091461E00082183B001904648F9
:10F7000023001D780134425D1142F9D12D2D5ED0C8
:10F71000002293462B2D33D0002E07D1302D62D0FE
:10F720000A23052198460A263C4F0DE0102E53D09F
:10F73000012031004042F9F7DDFC070001203100D3
:10F740004042B046F9F7D6FC002200202B00303BA7
:10F75000092B07D9113B192B03D92B00613B192B1E
:10F7600011D80A339E420EDD551C06D0B84221D86E
:10F770001ED0424650430122181825780134E5E78F
:10F7800025789C1CC8E7531C17D05B46002B00D083
:10F7900040424B46002B04D0002A15D14B4652461E
:10F7A0001A6003B0F0BCBB46B246A946A046F0BD05
:10F7B0008B42DEDD01225242DFE722230199100055
:10F7C0000B604B46002BECD0631E9A46E6E725788B
:10F7D0009C1C01239B469FE7302D0FD010230F2147
:10F7E00098460F4FB0E7202223789343582B0AD036
:10F7F0000823072198460B4F0836A5E720222378D7
:10F800009343582BEAD1102365780F219846102690
:10F81000034F023498E7C04625670110999999195A
:10F82000FFFFFF0FFFFFFF1F10B5FFF75BFF10BDCE
:10F8300070B50D0014004B1C1BD0938920229343FC
:10F84000A381FF23226B0B401E006368002A13D0A4
:10F85000626B9A4208DD2368013B23601D70636878
:10F8600001336360300070BD210001F005FE002807
:10F87000F1D001267642F5E721692268002905D0FA
:10F88000914203D2511E0878B0420ED0E3632300A8
:10F8900040332363032363633F33A263E5542300B0
:10F8A0004233236001236360DCE70133216063603E
:10F8B000D8E7C04610B50C00096B00290FD0230013
:10F8C0004033994201D0FFF723FE00232363E36B0B
:10F8D0006360002B03D00020A36B236010BD0022C7
:10F8E000202101206260A28923690A43A28140424B
:10F8F000F3E7C046F0B5DE4657464E4645468246DB
:10F900001800E0B5504383B00E009B460C9C0028C5
:10F9100035D00023984640339C466568A4440700D0
:10F92000E1462168A8421FD9009001922A003000C8
:10F93000FAF7ECFB2368216B5B1923604346636095
:10F94000002923D0494502D05046FFF7E1FD434648
:10F950002363E36B6360002B18D0A16B76197F1BC8
:10F9600021601D00BB42E1D33A003000FAF7CEFB24
:10F9700058466368DB1B63602368DB19236003B0B0
:10F98000F0BCBB46B246A946A046F0BD2369202183
:10F990002360002300986360A389019A0B43281811
:10F9A0001100A381C01BF9F7A5FBE8E7F0B5DE461F
:10F9B000574645464E4693468022E0B50D00CC4C56
:10F9C0009201A54402AFFB63F8650C23C95E6B6E20
:10F9D000114204D10A43AA81C64A13406B669B04B4
:10F9E00001D501F09AFC0823082058333818082262
:10F9F00018180021FAF784FB002300225C469B467E
:10FA0000BA64BD4A7B62BA65BC4A3B64BA63BC4A0D
:10FA1000FB617B64BA62E623BA6D5B00D65801F0E5
:10FA200007FE082108228C465832BC4462445431F7
:10FA30000092083103002200F86DC919B047002870
:10FA40005DDB7B6E002B41D002002418012865D0BD
:10FA5000252B1FD00028DED0A21A59465844521A2E
:10FA6000A146904604005E466B68002B22DD4346AB
:10FA70002A689B5D1178994228D16B680132013B5D
:10FA800001366B602A60A642EFD1B3464C46C2E70E
:10FA900001200122002300269A46944680462178C0
:10FAA0000B00253BDBB2621C552B0FD8B86B9B00BB
:10FAB000C3589F462900F86DFFF7FCFE0028D6D0FA
:10FAC000BB6C002B3FD0AB895B063CD43B6C002B5E
:10FAD0000AD0BB6C013301D101F07CFC3B6C18688F
:10FAE000002801D0FAF700FBBD46B86CB9239B0093
:10FAF0009D44F0BCBB46B246A946A046F0BD814B32
:10FB000008207B660823381858331818082200216B
:10FB1000FAF7F6FA7B6E002BD8D00134BA6AD25CC1
:10FB200012072FD4252BB3D00120621E95E733078F
:10FB3000CCD161781400B3E73307C7D102236178D1
:10FB40001E431400ACE73B6C002B01D101F0E5FB38
:10FB5000DB883B653B6C18683B6D002B0ED00500C5
:10FB600000240026814698462B6801341868FAF76D
:10FB7000BBFA08CD1E604445F6DB484601235B42D4
:10FB8000BB64ADE7BA6AA14608265C4690466B683E
:10FB90000BE041462A681378CB5C1E420DD06B689F
:10FBA0000132013B01346B602A60002BF1DC29003B
:10FBB000F86DFFF77FFE0028EBD0A3464C462AE7FE
:10FBC0008F23334200D081E753469B0053445B00B0
:10FBD0005B18302149428A4661789A4414005FE7F5
:10FBE0006B687A63002B01DC01F007FB0423994664
:10FBF0002A68434C1378E35C1B0725D508239846F5
:10FC000023005C46B3461E0007E0414601322A60ED
:10FC100013780134F35C194212D06B68013B6B60BE
:10FC2000002BF2DC2900F86DFFF744FE002800D01D
:10FC300046E741462A6801341378F35C1942ECD157
:10FC400033005E46A3461C004B46022B01D100F058
:10FC500005FE032B01D100F044FDF86D01F0F0FC2E
:10FC60000368AE2219005346013B5200934201D86B
:10FC700001F017F85D3BFF3BFB605E23FF339A46C4
:10FC8000F023DB001E4300233B65FB647B613B618B
:10FC9000FB62BB612133FF339C46C83B9846503B17
:10FCA0009946B944C844C4446346B146E0465E46FA
:10FCB0008B463B62144B3B632A6811780B002B3B4D
:10FCC000DBB24E2B00D92AE3386B9B00C3589F460A
:10FCD00080239B001E436B687A63002B00DCA5E247
:10FCE0000A4B7B6210237B640D3B994680E7C0463C
:10FCF00014FDFFFFFFDFFFFFC81A00202868011076
:10FD000025670110FDFF00008069011029F800102F
:10FD10006B687A63002B01DC01F065FA5346D0462C
:10FD2000002B01D101339846F30701D501F04FF9BB
:10FD3000F30601D501F09EF8FB6B1C68360601D472
:10FD400001F01CF8002C00D1C0E64046FAF7A8F9F3
:10FD50008146002800D1F6E63B6C2060DA883A65DF
:10FD60009E88B24201D301F07AF918683A6D396C75
:10FD7000531CCB8093001C500095434601224946FA
:10FD8000F86DFFF7B7FD061E01D101F01BFB8045A2
:10FD900006D931002068FAF795F9002800D02060D4
:10FDA000FB6B7C6B0433FB63BB6CB3440133BB6400
:10FDB00031E66B687A63002B01DC01F043F9724B8A
:10FDC0007B620A237B64073B994611E7330700D027
:10FDD0007CE66178682901D101F0EDF80423140074
:10FDE0001E435DE641246B687A633443002B01DCDB
:10FDF00001F0E5F95346D046002B01D10133984676
:10FE000010231A002240FA64234201D001F02BF89B
:10FE1000FB6B04CB3A63FB63240601D401F095F934
:10FE2000002A00D152E68020FAF73AF981460028EC
:10FE300000D188E63B6B18603B6CDA883A659C8899
:10FE4000A24201D301F04EF818683A6D396C531C88
:10FE5000CB8093003A6B1A504B463B622023FB62E7
:10FE600090235B003B60C83B9C46503B9A463B68F6
:10FE7000BA44D444634400249A46FE693B6001F0CE
:10FE8000D7FBA04200D11BE651462B68621C3A65A5
:10FE90001A7801330A556A682B60013A18236A60A0
:10FEA00008225833BA189C18032E02D1BB6F042BBA
:10FEB00004D0082200212000FAF722F900945246CB
:10FEC00049463B6DF86D02F035FE0600431C00D13B
:10FED000F6E5002800D006E23B6D9B4401235B421F
:10FEE0009844FB6C002B0FD14A4613603B6B002BF0
:10FEF00008D04B463A6A9C1AFA6AA310934201D37F
:10FF000000F06DFE042399446B68002B0ADD434624
:10FF1000002B0DD00024B2E7FB6C002BE6D06B6801
:10FF2000002BF7DC2900F86DFFF7C4FC0028EED0A9
:10FF3000FE613B6B002B08D04B463A6A991AFA6A6D
:10FF40008B10934201D201F0ADF8FB6C7C6B5A42EE
:10FF50005341BA6C94469C446346BB645BE56B6852
:10FF60007A63002B01DC01F018F9074B7B62002358
:10FF70007B64033399463BE66B687A63002B01DCB4
:10FF800001F009F9014B1BE7A127011029F8001026
:10FF90001100202308225833BA18981801F028FAC3
:10FFA0006B680400002B01DC01F0FFF85346002BC6
:10FFB00002D101235B429A4601231A003240904647
:10FFC000102232403A63334201D100F082FD002A10
:10FFD00001D000F008FFFB6B04CB3A62FB633606EE
:10FFE00001D401F0C2F8002A00D16FE58020FAF7B1
:10FFF00057F8F864002800D1A5E53B6AFA6C1A604E
:020000041001E9
:100000003B6CDA883A659E88B24201D300F0BFFFAC
:1000100018683A6D396C531CCB8093003A6A1A50B9
:10002000FB6C7B612023BB61002398465B46FE6925
:100030003B607C60444601F0FBFAA04200D13FE502
:1000400008202B68621C9021904684461A78013360
:100050002B6010234900BC44583161449C4648330E
:100060009946503B9B46BB44D944CC4463460A5511
:100070006A683B65013A6A60032E02D13B6F042B2C
:1000800004D008220021386DFAF73AF808214346D7
:1000900090228C46FB623B6D52000093FC6CBC448A
:1000A000583243462100F86D624402F043FD0600D9
:1000B000431C00D104E5002800D027E12060002483
:1000C0001823082058333818082200211818FAF786
:1000D00017F8E423BA6D5B00D25858217A630822DE
:1000E0009446B13BFF3BBC44583308312200F86DC5
:1000F0007C6B6344C919A0470024012802D158230E
:100100000833FC5C0822202394465833BC446344E3
:100110001B5D002B01D101F074F83B6843443B6048
:10012000032E1BD001235B429A443B6B002B0DD165
:10013000FB6C3A6A0433FB64002A07D07A699C1A84
:10014000BA69A310934201D300F05AFC6B68002BEC
:100150000EDD5346002B11D000246CE73B6D1B686D
:10016000042BDFD13B6B002BE2D06B68002BF3DC60
:100170002900F86DFFF79EFB0028EAD03B687C68F9
:100180009B46FE613B6B002B00D044E4FA6C13608D
:100190003B6A002B0ED07B69D11A8B10BA690133F0
:1001A0009A4207D93E6A04313068F9F78BFF00287C
:1001B00000D03060BB6C0133BB642CE401231E43D0
:1001C0006B687A63002B01DC00F0DBFFB54B7B62D0
:1001D00008237B64053B99460AE501231E436B68AF
:1001E0007A63002B00DDEAE52900F86DFFF762FB7A
:1001F000002800D1E3E563E46B687A63002BE5DC5B
:10020000A84B7B6208237B64053B99462900F86D67
:10021000FFF750FB002800D1EAE451E488239B005B
:100220001E436B687A63002B00DD59E52900F86DE9
:10023000FFF740FB002800D152E541E46B687A6388
:10024000002B01DC00F099FF02239946D0E4140052
:100250007A63F30601D5FFF7DEFBFA6B08CAFA638F
:10026000320701D500F0F6FE720701D401F022F842
:100270005A461A80FFF7CFFB330700D026E4617897
:100280006C2901D100F09DFE012314001E43FFF7ED
:1002900007FC8F2319003140334201D0FFF716FCD1
:1002A0003B6C002B01D100F013FF80231E4340E480
:1002B0006B687A63002B01DC00F08BFF01231E4387
:1002C0000133994694E4534633439A4601D0FFF7ED
:1002D000FDFB617810261400FFF7E2FB1400404696
:1002E0006246FFF7B7FB831C00D1E7E13B6D9B44FF
:1002F000032803D12368042B00D10DE601235B42C0
:100300009844FB6C002B00D1F0E5FDE5831C00D187
:100310005EE3FB6C1C68631C00D0D1E6F2E64B4642
:100320009B0563D55B461B788B425FD15346002407
:10033000B246BB605E4607E001322A601178335D49
:10034000994218D101239A44A3460134335D002B0E
:1003500001D100F091FC6B68013B6B60002BEBDC82
:100360002900F86DFFF7A6FA002804D12A68335D4A
:1003700011789942E6D032005B46D346CA46A94678
:1003800015003B633C6BFE6D295D4A463000FFF76C
:100390004FFA013CF8D25B463A6B56469B1A4D46E3
:1003A0009B4625E04B461B0520D5FB6C3A6D9B1800
:1003B000002B1BD14A463C4B1A40002391463B651B
:1003C000FB644346197001235B429A44023398440C
:1003D0006B680136013B6B60002B00DC66E12B682B
:1003E00001332B605346002B00D065E4B3464E46E4
:1003F000FB6CFA6A013B002A75D0012B01D800F092
:1004000094FF2A4B3A6D1E40531E062B01D800F074
:100410008FFD10231A007C6B3240334201D0FFF76E
:10042000FAFA43461A70C0238022DB003340D20020
:10043000934200D08DE0BB69FA6A934200D18DE00F
:100440009A1A43467B6108218C46194BBC445833A9
:100450007969634499420AD3164B9C4658239846BF
:10046000503B9946B944C844C44463467B61124931
:100470007869FBF7E5F971E04B461B0504D5FB6C89
:100480003A6D9B18002B95D0FB6C012BAED102234B
:10049000FB6496E780234A461342A7D09A439146CD
:1004A0008FE7C04629F800107FFEFFFFFFFEFFFF29
:1004B0007302000072020000E46101103B6D002B2A
:1004C00000D0D1E3FB6A002B01D000F04CFCE0230C
:1004D0004A46DB001A409A4201D100F009FFB346B8
:1004E0004E46FB6C013B012B01D800F01EFF0022A1
:1004F0003B6DFA62013B062B01D800F040FDF3058D
:1005000087D5730501D500F034FF01235B424344D6
:10051000994619785B465C1E65290BD0452909D0A0
:100520002A00F86DFFF784F902235B4243449946A1
:100530001978013C2A00F86DFFF77AF910231A00A8
:10054000A34632407C6B334201D0FFF764FA4B463E
:100550001A703B69002B01D000F0E7FD0022396AD8
:10056000F86D02F06BF8FB6B3865796510CBFB63B7
:10057000F30700D4EFE303C4BB6C7C6B0133BB64B3
:10058000FFF749FA4B461B0505D5FB6C3A6D9B18E6
:10059000002B00D10EE73B6D022B00D026E7032392
:1005A0003B650EE74B461B0500D5FEE6A0224B46F9
:1005B000D2001340013AFF3A934206D04B46134211
:1005C00000D113E7FB6A002B89D04B469B0505D46D
:1005D000FB6ABA699B1A3B6143467B614A46974B6B
:1005E0001A401300C02252001A4300239146FB62B6
:1005F000E7E63B6D072B00D0F8E608233B65E0E615
:1006000098234A461B01134080225200934200D097
:10061000ECE6FB6A012B00D0E8E64A46884B1A401C
:100620001300802212011A43914630234246137070
:10063000313B9A44023398440023FB62C1E63B6D90
:10064000062B00D0D2E607233B65BAE64B461B05D6
:10065000ACD4CBE6FB6C002B00D0FDE2FB6A002B98
:1006600007D1E0234A46DB001A409A4201D100F04C
:1006700047FE3B6D012B02D0042B00D0B6E63B6D4C
:100680000133DBB23B659CE64B46DB0500D48CE6D0
:1006900080234A469A43FB6A91460133FB62FB681A
:1006A000002B00D097E3013B9A4491E62900F86DB6
:1006B000FFF700F9002800D194E697E66B68002B5D
:1006C00002DD3C6DFFF7DBFB2900F86DFFF7F2F868
:1006D0000028F6D0FE613E6D002E00D129E4FFF720
:1006E000EFF95346AE22013B00215200934205D957
:1006F000544B534419005E23FF339A4600233B6555
:100700002133FF339C46C83B9946503B9846D8243A
:10071000B844C144CC444C4B62462401344399460E
:1007200056468846E2463A622A6811780B002B3B0F
:10073000DBB24D2B16D848469B00C3589F467B6CB6
:100740000A2B0FDD414B1C405346197001239A447C
:100750006B68013B6B60002B68DD01322A60013E53
:10076000002EE1D1D146E30508D53B6A9A4500D970
:1007700011E33B6A994501D1FFF7A8F910231A004C
:100780002240234214D14B46396A1A70F86D002278
:100790007B6C7E6AB047FA6B131D9846A30600D4A3
:1007A000D2E213681860BB6C0133BB644346FB6341
:1007B0004A463B6AD61A3B6DF618B3447C6BFFF78A
:1007C0002AF9786C224B4000C35E7B641F4B1C40AF
:1007D000BAE7C0238020DB00234080008342C1D1E0
:1007E0001C4B2340A024E4001C4310237B64ABE794
:1007F00080232342B6D09C43A6E7786C144B40007C
:10080000C35E7B64082B9DDCACE723059CD57B6C29
:10081000002B05D180239B001C43F93BFF3B7B64ED
:10082000630500D483E20C4B1C408DE72900F86D72
:10083000FFF740F8002892D094E7C0467FF0FFFF12
:10084000FFFEFFFFA3FEFFFFBC6A01107FF4FFFF66
:10085000F46B0110FFFDFFFF7FFAFFFF5346002BF3
:1008600001D1013B9A4601231A00324090461022E2
:1008700032409146334200D1D4E0002A00D0BCE29D
:10088000FB6B04CBFA64FB63360601D400F065FC15
:10089000002A01D1FFF71AF98020F9F701FC804600
:1008A000002801D1FFF74FF9FB6C18603B6CDA8828
:1008B0003A659E88B24200D327E318683A6D396CD6
:1008C000531CCB809300FA6C1A504346FB622023E2
:1008D0003B652B681B78E35C1B0700D5A3E15346FF
:1008E00000267B6000F0A4FEB04201D1FFF7E8F8DB
:1008F000902149003960C8398A4650398C462B68A6
:100900003968721CBC443A63E2441A78514401339A
:100910008A556A682B60FB69013A396039626A60FE
:10092000032B00D089E3182308225833BA189E18E5
:10093000BB6F042B04D0082200213000F9F7E0FB44
:100940003B6B4146BB6100963A6AF86D02F0F2F8E3
:10095000F861431C01D1FFF7B3F8002800D0BEE3D3
:1009600042461060002002F017F9002800D048E14C
:100970003B6B9B4401235B429C467B6863447B60EA
:100980004B46002B01D000F05BFC04339844FB6C19
:10099000002B01D100F0C6FC4346FA6A9E1A0022E1
:1009A0003A633A6DB310934201D300F0D0FC6B6808
:1009B000002B01DC00F089FC2B681B78E35C1B0733
:1009C00000D530E17B68002B00D12CE13E6B89E73C
:1009D0006B68002B01DDFFF72DFB2900F86DFEF79A
:1009E00069FF002801D1FFF725FBFE6146463B6801
:1009F0007C689B46002E01D1FFF7C4FBFFF760F82F
:100A00007869D100F9F75EFB7861002801D1FFF722
:100A10009AF8BB690219FA643A6A5B001060BB611C
:100A2000FFF794FB002A01D000F00EFCFB6B1B6863
:100A30009846360600D446E3002B01D1FFF746F86E
:100A40002020F9F72DFB061E01D1FFF77CF8434665
:100A50003A6C1860D18839659388994200D3A3E134
:100A600010683A6D396C531CCB80930042461A5083
:100A700020233B652B681A78A25C120700D5AFE1F2
:100A80002200310054469246FE646A684E1C013AC8
:100A90006A605A1C2A601B780B704346002B06D0F4
:100AA000FB6CF31A99463B6D994500D32DE3013C4D
:100AB000002C00D11EE16B68002B00DC13E15146D5
:100AC0002B681A788A5C0821114200D012E13100AB
:100AD000DBE73B6B002B00D098E1FB6B1B68994672
:100AE000360600D42CE3002B01D1FEF7EFFF2020C7
:100AF000F9F7D6FA061E01D1FFF725F84B463A6CF6
:100B00001860D18839659388994200D3D3E1106881
:100B10003A6D396C531CCB8093004A461A50202002
:100B20002B6820211A785831944608229046624654
:100B3000B84441448A5C002A01D1FEF7C7FF5A46F7
:100B4000FC64B046834654463A6518E04346D31ADF
:100B50009A4616005B4531D2013C002C00D1A4E03E
:100B60006B68002B18DD0820202184462B68583143
:100B70001A78BC4461448A5C002A00D195E06A6816
:100B8000013A6A605A1C2A601B78721C33704B460B
:100B9000002BDBD11600DFE72900F86DFEF78AFE97
:100BA0000028E0D03B6D5846FC6C9B46464501D181
:100BB000FEF786FF4346F31A9A4681E05B465B00E8
:100BC000404619009B46F9F77DFA8046002801D17E
:100BD000FEF7B9FF56464B4646441860BCE7386AF4
:100BE000D100F9F76FFA3862002801D1FEF7ABFFA8
:100BF0008146FB6A3A6B5B00A1441060FB62FFF721
:100C000081F920230822FF33AA465833BA18BC6959
:100C1000FD6D9E18315D52462800013CFEF708FE2E
:100C2000002CF7D155464B46002B00D0C6E5434675
:100C30004A461A60FB6C002B08D04346FA6A991AA0
:100C40008B103A6D01339A4200D921E2BB6C7C6B68
:100C50000133BB64FEF7DFFEFB6C022B00D008E51E
:100C60000323FB64FFF7ADFBFD223B6D033B134207
:100C700001D0FFF7BBFB02E54A46B346BB685646C8
:100C80009A46E14B40461A4091465946220000F0F0
:100C900099FC01235B429A44FB6A8046BB61FFF7E3
:100CA00097FB0023FB60FEF7EBFF3B6D58469B462E
:100CB0004346F31A9A46FC6C464501D1FEF706FFFF
:100CC000FB6B0433FB63002333704B46002B04D0D3
:100CD0005346591C884200D9DCE2BB6CD344013333
:100CE000BB64FEF798FE2900F86DFEF7E3FD0028CF
:100CF00000D1E4E6B146FA6CB31A591C9B44FB6B75
:100D00004A460433FB63002313704346002B00D193
:100D100032E43B6D994200D32EE443461868F9F75C
:100D2000D1F9002800D127E44346186024E4B74BEA
:100D30001C404346002B03D001235B4298440136FC
:100D40003B6D01333B6503E5230700D443E1FB6BB7
:100D50001B68187027E5B60700D45FE13A6D7B6D1C
:100D60000CC4FFF709FCFB6CB346013B4E46012B5C
:100D700000D8DAE2A64B1E40FFF74BFB0095434636
:100D800001222100F86DFEF7B5FD061E01D0FFF728
:100D900007F8FEF795FE5646013E2A003178F86DB9
:100DA000FEF746FDB146E4E49A4A934201D9FEF7C4
:100DB000D1FE0822914699444B4699003B6C186835
:100DC000F9F780F93B6C002801D1FEF7C1FE4A46D5
:100DD00018609A8045E6FB68013BFB60FFF7F8FA74
:100DE000B14601218BE70023BB617B613B625C3331
:100DF0000833DB19FB64FFF717F900233B65FB623F
:100E0000FB645C330833DB19984662E50820202137
:100E100084462A6858311378BC446144CB5C002B6B
:100E200001D1FEF753FE4646A046544609E008208D
:100E30002021844613785831BC446144CB5C002B9C
:100E400035D06B680132013B01366B602A60A642E7
:100E50002DD0002BEBDC2900F86DFEF72BFD0028D0
:100E600025D12A68E3E700239946FB623B623B6396
:100E7000FEF7F6FFFB6D4646002498460AE0D218BE
:100E8000290040462A60E418F61AFEF713FD0028F0
:100E900000D009E26B682A689E42F0DC9B1B921925
:100EA000A4196B602A60A3447C6BFEF7B4FD444632
:100EB000B344FEF7B0FD574A934201D9FEF74AFE0C
:100EC000082290469844434699003B6C1868F9F70D
:100ED000F9F83B6C002801D1FEF73AFE4246186053
:100EE0009A8015E64B4A944201D9FEF72CFE3E6CDF
:100EF00008343068A100F9F7E5F8002801D1FEF7C1
:100F000022FE3060B480FEF7A0FF424B9E4201D922
:100F1000FEF719FE3B6C08361868B100F9F7D2F8F5
:100F2000002801D1FEF70FFE3B6C18609E80C5E4DF
:100F3000022A00D82EE2032A01D1FFF76AFA4446BA
:100F4000B1464646A8463D6D013C42462178F86DC3
:100F5000FEF76EFC63199B1BDBB2032BF4D15A46E0
:100F60004546B0463B6D013A043BDBB2D21A93468C
:100F70004246013AD31A4E469846FFF7C0FA3B6DF7
:100F8000022B00D806E2032BD9D1FFF7B8FA214A89
:100F9000964201D9FEF7D7FD3B6C08361868B100C0
:100FA000F9F790F8002801D1FEF7CDFD3B6C1860F1
:100FB0009E80FFF72EF80823A1781E430234FEF727
:100FC0006FFD0223A1781E430234FEF769FD402421
:100FD0003443FEF715FF630755D4E30700D582E1DC
:100FE000A40700D47FE10C4B7A6A9A4200D1E2E177
:100FF00000227B6C396AF86D01F0B2FCFB6B1B6858
:1010000003C3FFF7D0FBC0467FFDFFFF7FFCFFFF60
:10101000FFFEFFFFF6FF000029F80010386D796D24
:1010200002000B00F8F737FB002846D1386D796DC8
:10103000F8F7C2FB2060FFF79FFA18236246583387
:101040009E1878E4E54B7B620A237B64073B994654
:10105000FFF7DCF85A467C6B1A70FEF7DCFCE04BBD
:101060009E4201D9FEF776FD3B6C08361868B10048
:10107000F9F728F83B6C002801D1FEF769FD1860EC
:101080009E80FEF773FEFB6B1B681880FFF78BFBDF
:10109000FC6C04312068F9F715F8002800D1D5E57B
:1010A0002060D3E53C6B2068F9F70CF8002801D1EB
:1010B000FEF74BFF2060FEF748FFCA4800F0C4FA75
:1010C0002060FFF759FA1E00002398463B65D1E4E3
:1010D00082B002AB3B6402910391FFF7E6F8FB6933
:1010E000023300D163E44346186801F055FD00283F
:1010F00000D086E53B6B9B44FB69032B00D039E4B1
:101100003368042B00D035E43AE45B001900F86C36
:101110003B65F8F7D7FFF864002801D1FEF713FD0F
:10112000060042464E441060C1E47B690022591C0F
:10113000F86D0A2301F034FB3B69C21AFFF783F90B
:101140001E00002318009946EAE43B6B99460023F1
:10115000FB623B623B63FEF783FEFB6C9846002319
:101160003B65FB62FB64FFF7B4FB3B6AFB64002357
:10117000BB617B613B62FEF757FF02239946FFF795
:1011800045F82900F86DFEF795FB002801D1FFF71F
:101190001DF8FEF795FC944B55E7904B7B620023BE
:1011A0007B6403339946FFF731F82900F86DFEF7A9
:1011B00081FB002801D1FEF7F9FEFEF781FC290032
:1011C000F86DFEF777FB002801D1FEF713FEFEF75E
:1011D00077FC2900F86DFEF76DFB002801D1FFF7C1
:1011E0006DF8FEF76DFC2900F86DFEF763FB002833
:1011F00001D1FEF793FDFEF763FC04239946FFF748
:1012000005F8FE6146463B687C689B46002E01D18E
:10121000FEF7B8FF20235032FF339B186246A846E2
:10122000FE6AFD6DA1469C18A15D42462800013E64
:10123000FEF7FEFA002EF7D14C464546FEF7A2FF18
:1012400000233B63FFF7B3FB2A681378E35C1B07BB
:1012500001D5FFF7B3FA230008264446984605E077
:1012600041461378CB5C1E4200D01CE66B6801320D
:10127000013B01346B602A60544500D113E6002B1A
:10128000EEDC2900F86DFEF715FB002800D00AE619
:101290002A68E5E74B461868F8F714FF002800D1E4
:1012A0001BE54B46186018E5002C01D1FEF708FC41
:1012B000A344F9E5F2072BD4B60729D55A461A609C
:1012C000D2177C6B5A60FEF7A6FB2900F86DFEF77B
:1012D000F1FA002801D1FFF76FFB3B6B002B01D027
:1012E000FEF7EEFB9FE4FB6B1B681860FFF75BFAF1
:1012F0004A463E4B1A40012391463B65FFF761F891
:101300004A463A4B1A4001239146FB64FFF759F8CD
:101310005A461A607C6BFEF77EFB01235B42BB647E
:10132000FEF7E2FB3B63FFF742FB3A6A904501D8C8
:10133000FEF7CCFB2E0044461500013C320021781C
:10134000F86DFEF775FAAC42F7D1FEF7BFFBF86A0D
:10135000D100F8F7B7FEF862002801D1FEF7F3FBE1
:1013600080463B6DFA6C5B00B04410603B65FFF754
:101370001EFB3A6A904501D8FEF7A8FB44461600CA
:10138000013C2A002178F86DFEF752FAB442F7D1F9
:10139000FEF79CFB3A6A44461600904501D8FEF7DA
:1013A00095FB013C2A002178F86DFEF741FAB44222
:1013B000F7D1FEF78BFB00227B6C396AF86D01F0E8
:1013C000B5FB1BE6BB6C002B04D0AB895B0601D4DC
:1013D000FEF77FFB3B6CFEF7BBFBC046A12701106D
:1013E000F6FF0000E04A011029F800107FF8FFFF27
:1013F00030B50C785E2C20D000234D1C9C4600217B
:101400000300421CFF32197001339342FBD1002CC0
:1014100010D00122634653401A0002556B1C9C46B3
:101420002B782D2B11D05D2B0DD0002B03D01C0061
:101430006546F2E7013D280030BD01234C788D1C44
:101440009C460121DCE76546F5E769785D2910D007
:101450008C420EDC230002350133C2549942FBDC7E
:101460008C4203DB002101340C19D7E7091B013939
:10147000F9E72D246546D0E7F8B50C002300096B89
:101480004033994211D0666B77003A00FDF76AFA53
:10149000051E23D0010032008019F8F737FEAB1982
:1014A0002360256367630020F8BD8021C900FCF735
:1014B0008DFF002812D08023DB006363422320636A
:1014C000E25C084BC2544123E25C074BC254402308
:1014D000E25C064BC254C0182060E4E701204042A1
:1014E000E2E7C046FF030000FE030000FD0300002A
:1014F0000323CAB230B503400C00002A2CD00321CC
:10150000002B24D1FF2121400B025B189C461904BB
:101510008C4400E0043064460168204D4C404B1977
:101520008B436119A1430B431D490B42F2D0037851
:10153000002B05D09A4204D043780130002BF9D11A
:10154000002030BD9342FCD001300842DAD003784D
:10155000002BF7D10020F4E7002B08D0032202E093
:101560000130104203D00378002BF9D1E9E702687B
:101570000A4B0B49D31893430B4206D14268074BE1
:101580000430D31893430B42F8D00378002BD8D003
:1015900043780130002BFBD1D3E7C046FFFEFEFEAF
:1015A000808080800A0003004118002A03D107E0F0
:1015B00001338B4202D01A78002AF9D1181A7047E9
:1015C0000020FCE730B50C0004430300A4071CD145
:1015D000032A1AD9144B9C4665460C68030013482D
:1015E0002018A043284210D11800043A043110C03A
:1015F000032AF1D803001C00002A09D00878013A18
:10160000013320700131002804D01C00002AF5D1DC
:10161000200030BD0021D018002AF9D01970013304
:101620009842FBD1F4E7C04680808080FFFEFEFE3A
:101630008422024B9200985C7047C046C81A002072
:1016400000487047A01C0020004870470000C07F81
:1016500082B000290AD0002A0BD0002B0BD01378BF
:101660000B601078431E984102B0704701A9002A10
:10167000F3D10020F8E702204042F5E770B51600EC
:101680000D0002F021FC002E0DD06B236A00520DDC
:101690009B1A002B07DD0024034A1B059D182B0015
:1016A0002200F7F792FF70BD0000F03FF0B5DE4674
:1016B00057464E4645460C0081468B460020002189
:1016C000E0B592469FB000220490059121001A9245
:1016D00019910A780D002D2A03D8A64C90002058A5
:1016E00087460021069100210791302A00D1BDE0F4
:1016F0002F2A00D881E217002800002100260024AC
:101700000BE0B30001309E1976001990B6180278EC
:10171000303E170001342F2A0FDD392A6BDC082CEC
:10172000EFDD8B005B1801305B001990991802788F
:101730003039170001342F2AEFDC0A9101228E493B
:10174000FDF796FB002800D145E20023A0460C934C
:101750000B93089343461F00102B00DD1027300029
:10176000F7F7A6FF434604900591092B18DD3A00D0
:10177000824B093AD2009B180CCBF7F726FF049056
:1017800005910A98F7F794FF0B0002000498059959
:10179000F7F7F4FE4346049005910F2B00DDACE013
:1017A0000B9B002B01D100F037FC0B9B002B00DCC6
:1017B0003EE3162B01DC00F01FFD424625239B1A59
:1017C0000B9A934200DA98E043460F246B4DE41ADB
:1017D000E1006918049A059B03C9F7F7F6FE0B9B15
:1017E0001C1BE4002D190CCDF7F7EFFE04000D00D3
:1017F00011E201316CE70A9101225F49FDF738FBE4
:10180000002846D1199B581C19905B7884461A0011
:10181000002C00D0E3E163460021302A08D11900F2
:10182000013319931A78302AF9D06346C91A013165
:101830001300313B082B00D873E220239A43452A3A
:1018400000D113E3079B0B4300D0E2E15346002491
:101850000025002B01D05A461A60200029001FB035
:10186000F0BCBB46B246A946A046F0BD6A7820311E
:101870008A436C1C582A00D1D1E3250019942A7898
:101880000134302AF9D0002A00D1C2E101230793A4
:101890002EE700230021002210940C93202338000F
:1018A0009843030000200890452B00D1C1E1002C93
:1018B00000D02BE2079B0B4300D0AAE1002AC5D140
:1018C000692F00D1E0E201DD00F08AFC492F00D150
:1018D000DAE24E2FBAD12A4919A801F0B1FD002849
:1018E000B4D0199B1B78282B01D100F068FD254846
:1018F00001F050FA04000D008DE143460B9ADB1B0A
:101900009B18002B00DC66E20F221F00110097439A
:1019100019401A4201D100F003FC184BC9005918B4
:1019200003C9049A059BF7F750FE04900591002F18
:1019300001D000F0F5FB00230A9343462200290062
:101940004846009601F00CFF1490002801D100F0E9
:101950005FFC0B990027CB4300260C9A0898DB17F5
:10196000101ACA1710401940B3463D001090159147
:10197000EFE0C046186C0110EC43011060A30110A9
:101980003C620110E04A0110D648C91A521A83423B
:1019900000DAFAE201238B401193002312930A9B91
:1019A000B918B618F61808913B008F4200DD0B00FD
:1019B000B34200DD3300002B04DD089AF61AD21A78
:1019C0000892FF1A109B002B00DD84E2089B002B7D
:1019D00000DD9AE20B9B002B00DDC7E2002E00DD4C
:1019E000B7E2002F08DD59463A00484602F0FCF8FD
:1019F0008346002800D1B5E248461A99079A02F0BA
:101A000093F9051E00D1ADE2C368594698460023FC
:101A1000C36002F063F9002801DA00F0FAFC059BCC
:101A2000089301D100F07EFC5946280002F036FBF5
:101A300080230022DB0506000F00F7F717FE0028C1
:101A400000D137E24346002B00D0ABE2049B002BD1
:101A500000D032E3089B1B0300D0D4E20022300008
:101A60003900A14BF7F7FCFD002801D000F036FC4F
:101A700000229E4B30003900F7F7A7FD0A00010055
:101A8000130012911392802212069B180E900F934E
:101A9000974A089B0E9E0F9F13401A001193954B77
:101AA0009A4200D185E20A9B002B28D0D423119AB8
:101AB000DB049A4223D8129813998F4A8F4BF7F779
:101AC000D5FD002816D012981399F7F731FE00289B
:101AD00000D10130F7F7ECFD434612901391002B33
:101AE00001D000F0E6FB802212068B1816901793A7
:101AF000169E179FD623119ADB04FB189F1A0C9889
:101B00000D9902F0E1F902000B0030003900F7F7FF
:101B10005CFD0C9A0D9BF7F731FD0E0004900591CA
:101B20000A9B002B05D1724B119A33409A4200D187
:101B300090E248461A9901F0B7FD4846079901F02E
:101B4000B3FD5946484601F0AFFD2900484601F073
:101B5000ABFD149C4846616801F07AFD031E0790B6
:101B600000D1FFE122690C3302320C34210018004D
:101B70009200F8F7CBFA0499059A1CAB01931BABC2
:101B80000C910D920093484613000A0002F01EFAD1
:101B9000011E1A9000D1C1E10121484601F0AEFEBC
:101BA0008346002800D1DDE11B9B002B00DAA8E171
:101BB000109A159E9F180A991C9A5B1A36219B1839
:101BC0008A1A4F49013B8B4200DADDE6002312936B
:101BD00001331193E3E6199B581C19905B781A00A6
:101BE000303A092A00D9DDE0171E01D100F0F2FCDD
:101BF0000123210010940C93DEE2012228004149C8
:101C0000FDF736F9002800D147E3079B002B00D1F0
:101C10001CE6002400255246002A01D0199B1360BF
:101C2000069B002B00D118E6802109066B181D00C9
:101C300013E623000B430798034300D106E6199BE4
:101C40009B465846431C199347782B2F00D1D7E168
:101C50002D2F00D0BCE0012398465846831C1993D1
:101C600087783B00303B092B00D989E11998302F48
:101C70000ED1431C19931F7818000133302FF9D06F
:101C8000002308933B00313B082B00D90FE60133BA
:101C9000471C1997BC46477808932F2F00DCA5E214
:101CA0000B9161469446089A09E093009B18013114
:101CB0005B001991DA190F78303A2F2F01DD392F97
:101CC000F3DD0892081A62460B99082800DC8DE2C1
:101CD0000D4B08934346002B00D1E8E5089B5B427F
:101CE0000893E4E5E3FBFFFF0000F03F0000E03F66
:101CF0000000F07F0000E07F0000C0FFFFFFDF4139
:101D000002FCFFFFEC4301101F4E0000089B0C9AE1
:101D1000A0469B1A0B93109B002B00D11AE51C00C8
:101D200018E54B1C199D303A0C930023170028002E
:101D3000012410930021B3009B195B00FE18431C83
:101D400019931F7818003B00303B092B00D9C2E1E2
:101D50001F004A1C431C002F01D100F056FC0C9BB5
:101D60009C46944463460C93012A01D100F04BFC3D
:101D70003200631C80462E009C4615000A9808E03D
:101D8000AA0055196D0001331A1B013A914200DC7B
:101D90000BE25A1E082AF3DD102BF4DC8200101827
:101DA0004000F0E720229343452B66D03000F7F740
:101DB0007FFC04900591092C00DC2DE12700102CFC
:101DC00000DD10270023A0460C9308930B93CEE46C
:101DD0000023984645E7002B00D1ACE50F22110007
:101DE0005B4219401F111A4200D068E21F2F00DD2C
:101DF000DEE210231A003A400A923B4201D05A33E5
:101E00000A93B64B04980599049301233B420DD0E5
:101E1000049B7F100CCBF7F7D8FB002F00D167E2B3
:101E2000049B0833049301233B42F1D17F10F7E771
:101E30000B9B163300DA60E508990C9AA84B521AEE
:101E4000D2009B180CCB04980599F7F7A0FB04006F
:101E50000D00E0E6002206924D1C19954A78002AF2
:101E600000D040E4F2E401220692F5E700220B00E4
:101E700010920C9200240132DDE6002383460021FB
:101E8000012210940C93DCE6964919A801F0D8FAC7
:101E9000002800D1DAE4199B9349013B19A8199352
:101EA00001F0CEFA002802D1199B013319930024C6
:101EB0008E4DB0E68E4B002230003900F7F785FBDF
:101EC000434612901391002B67D1802212068B1883
:101ED0000E900F93DCE559461A00484601F01AFEB1
:101EE0001A998346002819D00A000100484601F0DB
:101EF00035FD1A99041E11D0484601F0D5FB1A94FD
:101F000064E5159A109FD61A55E61A994846089A1C
:101F100001F06AFE011E1A9000D05BE55E462F00BC
:101F200022234A460024714D1360484601F0BCFB51
:101F30004846079901F0B8FB3100484601F0B4FB70
:101F40004846149901F0B0FB3900484601F0ACFB5B
:101F500061E632004846079901F046FE07900028E6
:101F600000D03EE55E462F001A99D9E74846159AFB
:101F7000079901F0CFFD0790002800D02EE5F1E78A
:101F80005B4619930023089391E45A49CB1A012127
:101F9000994001231291119301E5129B139C0E931A
:101FA0000F9475E50023544C0E930F9412931394E1
:101FB0006EE5524A089B9B180593049E059F3000CE
:101FC000390001F081FF0E9A0F9BF7F7FEFA3200FD
:101FD0003B00F7F7D3FA454B494A049005910B4073
:101FE000934200D8F7E00C980D99464A914201D1EE
:101FF000441CB7D00123434C5B420493059498E5FD
:102000000023984629E600233F4C0E930F940023AB
:10201000394C129313943BE5049C059DFBE5029318
:10202000069B484601931AAB0093384A1BAB19A98B
:1020300000F00AFF0F231E0005000640034200D1F6
:10204000E7E5062E00D0E7E00023199400250024E0
:102050000693E0E512981399F7F782FBF7F774FB04
:1020600002000B0012981399F7F77FFA4346049A7F
:1020700036031343360B08900991254A33430DD19B
:1020800008980999234BF7F7EBFA002800D150E59F
:102090005E462F00049C059D1A9946E71E4BF7F7F4
:1020A000DFFA0028F4D1089809991C4A104BF7F779
:1020B000EDFA002800D13CE5EAE7012BA3D1089B0B
:1020C000002BA0D15E462F0022234A460024002583
:1020D0001A99136029E70122FFF7E0FB106D011048
:1020E00060A3011030620110346201100000F07F23
:1020F0000000E03FE2FBFFFF0000F03F0000B0FC0B
:10210000FFFF9F7CFFFFEF7F0000F0BFFC6C011022
:102110009535A094FFFFCF3FFFFFDF3F35E5AF359B
:102120009A235B009F4273DC3F11012F00D1C9E16C
:1021300004980599D14B049407969B462E001C00E9
:10214000002501233B4203D022686368F7F73DFA7C
:1021500001357F100834012FF3D1049C04900591C0
:102160002F003500079E059BC54AF9009B18059373
:102170005944049A059B03C9F7F727FAC14BC24A91
:10218000049005910B40934242D8D420BF4A80046A
:1021900009180591934201D8FFF7CDFB0122BC4BF2
:1021A000524204920593FFF7C6FB2B000A903500BC
:1021B00040461E00013961444C1C082900DCB9E589
:1021C0000021102C00DDBAE50A9A93009B185B00F1
:1021D000FB180A93B3E5D4239B04CE1805969FE41D
:1021E0006E2F01D1FFF777FBFFF730FB0898A94B63
:1021F000984200DC6EE56CE50B9AA74BD1005918AC
:1022000003C9049A059BF7F7E0F904000D0002E505
:1022100022234A4613604AE61A9A002A07D035213B
:102220001CA801F069FF48461A9901F03DFA052EF5
:1022300000D9C1E1994BB6009B599F461C9B984918
:1022400004931D9B1B9A0B40964952181205134389
:102250000593ED0503D58022120613430593894AA1
:10226000049C059D134200D0D5E4FDF76DF82223B0
:102270000360D0E401238C4C5B4204930594ED058C
:1022800000D4C9E6059BE6E77E4B0593F7E71C996A
:102290001D9A1D9B04910592DBE7199B01229C4628
:1022A0009444624619925A78002300260A93FFF755
:1022B000B2FA129B139C16931794FFF719FC764BF6
:1022C000C9005B180CCB04980599F7F760F90490E6
:1022D0000591002F01D1FFF72EFB87E50023734CFA
:1022E0000E930F940023724C12931394FFF7D0FBBC
:1022F0000A9B04900591002B52D06B234A00520D8B
:102300000F009B1A002B4BDD1F2B42DD0021049197
:10231000342B00DC47E1DC239B0405936A230A93FA
:10232000FFF70BFB4146059A2F000C9C0D9D1203F5
:102330005E46129B120B002954D05E498A4200D19E
:10234000E0E0002B00D1EBE0089A1A420CD0049890
:1023500005990A9AFFF792F902000B002000290064
:10236000F7F70CF904000D000A9B002B00D193E64F
:1023700020002900504B0022F7F727F9414B0400B9
:102380000D000B4200D087E622234A461A991360BB
:10239000CBE5012252429A400240049204980599EA
:1023A00000220023F7F754F9002801D1FFF7C5FAFE
:1023B00022234A46002400251360FFF72CFC3F49E6
:1023C0001CAA19A801F054F8052801D0FFF78FFACC
:1023D0001D9B2C4A1A431C9B05920493049C059D4B
:1023E000FFF719FC002A71D1049A002A00D0D3E02B
:1023F0000A9B434500D1BFE0224B089A1A40D623DE
:102400009046DB049A422CD8DC239B049A42AFD836
:102410005AE643460499059A2F000C9C0D9D5E4692
:102420000B43A1D1089213039ED1164B1A40D62319
:102430009046DB049A4297D97B69002B02D13B6915
:10244000012B91DD39000122484601F0CDFB31001E
:10245000070001F043FC002886DD0A9B002B00D119
:102460008AE04346164A9B18124A1A4301235B42EC
:1024700005920493049C059D7AE7C04638A3011099
:102480000000B0FC0000F07F0000A07C0000907C09
:10249000FFFFEF7F1F4E000060A30110D06C011002
:1024A000FFFFEFFF33040000FFFFFF7F0000E0BFEE
:1024B0000000E03FFFFF0F0000005039E86C011002
:1024C0000000F0FF584B00279B464CE6002B2DD117
:1024D000119B049A134200D146E7049805990A9A81
:1024E000FFF7CCF802000B0020002900F7F73DF8B9
:1024F0000022002304000D00F7F7AAF8002800D1FD
:1025000032E7E1E50A99049A814225D1511C12D0A3
:10251000834259D0089A1A4200D018E71A9904E564
:10252000119B049A134200D11EE710E7089A1A4241
:1025300000D119E7D1E73D4B0899994268D03C4B4F
:10254000089A1A401300802252039B180593002317
:102550000493049C059D07E7089835490140D42061
:10256000C004814240D9511CE5D0002B37D00898D7
:10257000184200D1FCE6EAE62D4B089A1A991A4057
:1025800013002C4A9B182C4A1A4301235B420592E4
:102590000493049C059DC8E4002BC7D1119B1342F2
:1025A00000D1E1E699E74B239A1A4C3B93401F4038
:1025B000059704980599F3E6ED0532D580231B06AF
:1025C0000593049C059D50E6119B134200D0BEE686
:1025D0001A99AAE4012110940C92FFF7B0FB119B09
:1025E000134200D1C4E6B2E66B20090D401A012166
:1025F000494281408A429ED0002BF0D0089A1A426C
:1026000000D1B5E6A3E62100D6E51100FFF798FB5F
:10261000013294D122234A4600241A99044D1360B2
:1026200083E40024002520E638A30110FFFFEF7F9C
:102630000000F07F0000F0FFFFFF0F0010B5024B1D
:10264000FFF734F810BDC046C81A0020F0B5574651
:10265000DE464E464546E0B58346894692461D0015
:102660001F0083B0242B3DD8012B3BD00B0008204A
:10267000494E1A0014780133315D0842F9D1984669
:102680002D2C00D172E02B2C38D0444B009300232A
:102690000193002D4ED1302C00D170E00A270A257D
:1026A00039000098F6F726FD434606008C460020C8
:1026B00000212200303A092A07D9113A192A03D9F0
:1026C0002200613A192A21D80A3295421EDD4C1C9B
:1026D00005D086422BD328D00121784310181C78CE
:1026E0000133E6E7FCF730FE16230360002003B059
:1026F000F0BCBB46B246A946A046F0BD1C78931C70
:102700009846264B009300230193C2E74A1C23D02E
:10271000019A002A00D040425246002AE7D0002900
:1027200036D153464A461A60E1E79445D4DA01218E
:102730004942D4E7102DB3D11027302CB0D14346F5
:1027400020221B789343582BAAD143465C7802235E
:10275000102710259844A3E7222259460A605246C2
:10276000002A17D0013B99460098DAE71C78931CA1
:10277000984680231B0600930123019389E7434673
:1027800020221B789343582BDFD00827083587E792
:102790000090E7E70098AAE725670110FFFFFF7F99
:1027A00010B5FFF753FF10BD002909D0FF2A02D84A
:1027B00001200A7070478A23036001204042F9E734
:1027C0000020F7E7F0B54E464546DE465746E0B5F1
:1027D0008BB00D0005911E00082107905E48019204
:1027E0002B001C780135025D1142F9D12D2C00D14E
:1027F00083E02B2C4AD001235B420393574B049375
:1028000000230693002E08D1302C00D17FE00A234C
:102810009B4600230A26009305E0102E00D181E09C
:10282000B346F31700935A46009B03980499F6F7B2
:102830009FFC0F008246029200200022002123000C
:10284000B146B84610E0414501D150451BD88245FC
:1028500040D05A46009BF7F73FFB2600E717801948
:10286000794101222B7801351C00303C092C04D918
:10287000113C192C0DD8373B1C00A14511DD531C10
:10288000F0D04145DFD901225242EBE72C789D1C64
:10289000B1E71C00613C192C03D8573B1C00A14533
:1028A000EDDC531C1ED0069B002B04D003000C0053
:1028B00000215842A141019B002B04D0002A45D1A0
:1028C000019B059A1A600BB0F0BCBB46B246A94604
:1028D000A046F0BD8845BCD1029BA342B9DA0122D3
:1028E0005242BFE72223079A1360019B002B30D08E
:1028F0006B1E039804990593E2E72C789D1C002336
:10290000039380231B060493012306937AE7202276
:102910002B789343582B11D008239B46002308366D
:10292000009380E7302C04D010239B4600230093B3
:1029300079E720222B789343582BF5D110239B461F
:1029400000236C781026023500936CE70390049105
:10295000CEE703980499B6E725670110FFFFFF7FD4
:1029600010B5FFF72FFF10BDF0B54E464546DE46C9
:102970005746E0B589B00D0003911E00082105906F
:10298000654801922B001C780135025D1142F9D196
:102990002D2C00D18DE0002204922B2C51D0002E42
:1029A0000DD1302C00D189E0052302935B4B0A2620
:1029B00098460A239B460023594F009316E0102E99
:1029C00000D18BE0F317320001204042C117994635
:1029D0000093F6F7CDFB320080460F004B460120F6
:1029E0004042C117F6F7C4FBB3460292C24600222A
:1029F000002000212300B146B84610E0414501D136
:102A000050451BD8504540D05A46009BF7F764FA12
:102A10002600E7178019794101222B7801351C0027
:102A2000303C092C04D9113C192C0DD8373B1C0023
:102A3000A14511DD531CF0D04145DFD9012252429E
:102A4000EBE72C789D1CAAE71C00613C192C03D8ED
:102A5000573B1C00A145EDDC531C1ED0049B002BF2
:102A600004D003000C0000215842A141019B002B1F
:102A700004D0002A1AD1019B039A1A6009B0F0BC55
:102A8000BB46B246A946A046F0BD4145BCD1029B1B
:102A90009C42B9DD01225242BFE72223059A012060
:102AA0004042C1171360019B002BE7D06B1E0393BC
:102AB000E1E72C789D1C0123049370E720222B78FA
:102AC0009343582B1BD007230293083B98460933A6
:102AD0009B460023134F0093083687E7302C09D01C
:102AE0000F230293103B984611339B4600230E4F51
:102AF00000937BE720222B789343582BF0D10F23B0
:102B00000293103B984611339B4600236C781026A5
:102B1000054F0235009369E7256701109999999946
:102B200099999919FFFFFF1FFFFFFF0F10B5FFF7DE
:102B30001BFF10BD30B583B00400069800280DD0EF
:102B4000E62513486D004559002A12D006980090DA
:102B50002000A847431C15D003B030BDF430844694
:102B6000A4446046E625069009486D004559002AB0
:102B7000ECD1069B0021009320000123054AA847C1
:102B8000431CE9D10023069A13608A332360E3E7EC
:102B9000C81A0020E04A011010B5002100F002F828
:102BA00010BDC04610B500F0BBF8040001F0EEFA0D
:102BB0001A38C0B2022806D9230000200422093B9B
:102BC0009A42404110BD0120FCE7C046030A8446FA
:102BD000DBB2C0B2022922D0032903D0803B803867
:102BE000DBB2C0B21A005032D2B21F2A0AD91A0080
:102BF0003032D2B2242A35D83C4A94452FD901200C
:102C0000404270473A4A9445F9D83A49B03BDA0114
:102C1000D21A5200A13810184000405AF1E79E28FD
:102C20000ED923308022C0B29F2B0ED8703B5B00A0
:102C3000D318DBB21A005032D2B21F2AD7D8E1E73C
:102C40007E387F22C0B29F2BF0D950335B00D3185F
:102C5000DBB21A005032D2B21F2AC8D8D2E72649B6
:102C6000D03BD4E75F33DAB2072AC8D8234B9200AF
:102C70009B589F46F128C2D8214AA1384000805A6B
:102C80000028BED10138BCE7D828B8D81D4AA138E1
:102C90004000805A0028B4D10138B2E7F628AED8F7
:102CA000C0239B01C018ACE7F328A8D8164BC01866
:102CB000A7E7164BC35C002BA1D0154BC018A0E7AB
:102CC000144AA1384000805A00289AD1013898E768
:102CD000114AA1384000805A93E7C02800D98EE7F6
:102CE0000E4AA1384000805A8BE7C046A6F4000087
:102CF000D3CF0000D4870110586D0110386D01103A
:102D0000409F0110E49F0110A02F0000B39F01100D
:102D100060FE0000B0A001106CA10110009F011026
:102D20004B1E70B5050003330CD8154BCC18200092
:102D30001449FCF721FB00280BD101212800FFF7E3
:102D400045FF70BD104C0F492000FCF715FB002813
:102D5000F3D020000D49FCF70FFB002804D102211D
:102D60002800FFF733FFECE720000949FCF704FBDC
:102D700003002800002BE4D10321FFF727FFE0E741
:102D80001202000040620110DA1C002044620110AF
:102D90004C620110002001497047C0460000F87FD6
:102DA000F0B5CE46474603698446994680B54D1135
:102DB000AB4209DC00236246136100236246536183
:102DC000C0BCB946B046F0BD1F260400370014341D
:102DD0009800AB002018E3180F400E421AD040CBE9
:102DE000FE40984228D92022A046D11B1A688A406A
:102DF0003243464604C6B04640CBFE409842F5D822
:102E00004B46591B8900611804390E60002E0CD006
:102E100004310AE022009842CCD940CB40C298420B
:102E2000FBD84B46591B8900611862460B1B9B104F
:102E30001361A142C4D1C0E763465E61002EB9D0E0
:102E400021000431F1E7C046F0B557464E46DE4654
:102E50004546E0B58946096892468A7887B003906E
:102E60000593302A00D02EE2CB1C1D0001335A1EE0
:102E70001278302AF9D0691A8B1E0193C04FBB5CBF
:102E8000002B00D1FAE0002200242B789046BD4AA6
:102E9000FB5C0292002B00D166E12E0073780136B4
:102EA000FB5C002BFAD1012230000299FBF7E0FF16
:102EB0008346002852D0002233789346002C02D05B
:102EC000A41BA2009346202234009343502B51D0E0
:102ED0004B461E604346002B7BD1631B013B002108
:102EE000072B03DD01315B10072BFBDC039800F09F
:102EF000AFFB0190002800D191E2019B14330493B1
:102F0000A54200D3F4E19846002399463B000026F1
:102F10004746A8464D4699460CE0202E19D032006F
:102F2000043649462378CB5C0F210B4093401D4368
:102F300044455CD0013C23782E2BEED14445ECD3A4
:102F4000012220000299FBF793FF0028F0D0202EE9
:102F5000E5D120C7002204260025E2E7002C00D19D
:102F6000A4E12022A41BA3009B46337834009343A2
:102F7000502BADD163782B2B00D17EE12D2B00D0CF
:102F8000E7E00122A378A11CFB5C2600581E18284C
:102F90009ED84E1C4978103B795C180000290AD154
:102FA0000CE083001B185B0001365818337810388A
:102FB000F95C002901D01929F3DD0300002A00D0B3
:102FC0005B42DC469C444B461E604346E346002B76
:102FD00083D0019B06245A4253415B421C4020008F
:102FE00007B0F0BCBB46B246A946A046F0BDB84605
:102FF000A94646464B4608C6049B019AF61AB310EA
:103000001361484600F004FC53461D68F600301A70
:10301000A84251DC00DA32E19B685A465B4500DA8F
:1030200022E153465B689A4200DB95E09C1A671EDA
:10303000AC426EDA0026002F00D074E11F2101237C
:1030400039408B407A11049992008A5801982100E6
:103050002D1B1A4200D150E1FFF7A2FE53465B68D8
:103060009B465346DC68022C00D199E0032C00D12A
:103070006AE1012C00D197E112246EE0414B01225C
:10308000190028000293FBF7F3FE804600286DD15B
:103090006B786C1CFA5C002A6AD02500302B00D0BB
:1030A00086E16B780135302BFBD0FB5C5A425A41EC
:1030B000904601220192EDE6441B2100019801F0A7
:1030C0003DF8061E0FD01F210123601E01408B40DA
:1030D0004211049992008A5801261A4203D001280D
:1030E00000DD26E1022621000198FFF759FE534634
:1030F000DC469B68A444E346634500DAB4E05346EB
:103100005B686246634500DCE1E09C1AA54200DD95
:10311000FAE05246D268022A36D0032A00D11AE1D8
:10312000012A34D1AC4232D1012C07D00198611E62
:1031300001F004F800282AD053465B68059A0499E8
:1031400013600123019A622413610B60109B1A60C3
:1031500045E70022611C17E70124109B019A1A60C1
:103160005A46059B1A603AE72E009CE62C002B7805
:1031700020229343502B00D1E8E04B461C6028E707
:1031800028A20110EC430110119A002AD6D001990F
:10319000039800F089FA0023109A502413601EE768
:1031A0000123119A9B1A1193119B002B00D19CE0D3
:1031B000019B00211E69049BB200914618009846AD
:1031C000484403E002C3984200D8C9E01A68571C7B
:1031D000F8D001321A60022C00D1D1E01F231C006C
:1031E0002C402B4200D1ADE04B464344043B1868D1
:1031F00000F00EFB20231B1B984200DBA2E0019B8A
:103200001969002900DCFCE0019A890053694144F6
:10321000183210005B08914200D8F9E044461A00C9
:103220000368DB07134308C404C852088142F7D877
:103230001300019A8A1A4146193A92089200043101
:1032400052181360002B00D0043243460199D31A60
:103250009B100B61424500D1D6E053465A469B680D
:103260000132934693426DDA0199039800F01CFAFB
:103270000023109AA3241360B1E6002282E62C1AE0
:1032800022000199039800F0AFFC5B461A1B5346DD
:103290009B68934601909A42E6DC53465B689A42EB
:1032A00000DB59E7010014310491BFE67378741C08
:1032B000FA5C2600002A00D105E673780136FA5C34
:1032C000002AFAD1FCE500238D1C0193D6E50124E8
:1032D000002E00D141E75346DB68022B00D15FE7A7
:1032E000032B00D160E7012B14D010231C4334E7DB
:1032F000049B9846002399467BE6FFF751FD534611
:103300005B6802249B46E3E7671E002E00D191E62E
:10331000012693E6B307E8D5049B1B681E43F60716
:1033200000D545E7E1E73900019800F007FF060006
:1033300084E60198A11E00F001FF002800D1D1E62B
:103340000326D0E6212408E702242DE700239B462C
:10335000013398460EE6119A002A00D0EEE616E7F1
:10336000019B9B689E4226DA019A711CB300D31818
:10337000116101225A61049B9846022C00D040E75B
:1033800053461B682224013BAB4200D0E5E61F21D7
:10339000012329408B4041466A11920054581C4039
:1033A00063425C412134D8E6022302241E43B3E782
:1033B0000123019371E5019B03985968013100F0E5
:1033C00047F9071E31D0019B0C301A690C330232C9
:1033D00019009200F6F79AFE0199039800F064F93B
:1033E00001223B690197591C9B00FB1839615A6106
:1033F00014239846B844022CC2D08E4200DBEDE67E
:10340000FFE60023019A13610023019A536124E728
:1034100042461360002BF4D04246043215E70022E6
:10342000E421054B0548F8F78DFA3A008421024B58
:103430000248F8F787FAC04654620110686201102A
:10344000844610B5026808E0137801311C00413C45
:10345000192C00D82033834207D108780132002884
:10346000F2D1634601301A6010BD0020FCE7C0466F
:10347000F0B51F245746DE464E46454692460A683A
:103480002100E0B50300501187B080001140504486
:103490000391144200D098E00400021F0020211F75
:1034A0000860186802914178002900D1A4E0002644
:1034B00001906648170014000D009146B0460200C6
:1034C00000210198019315E0202D00D98DE046459B
:1034D0000CDDBC4201D2072956DD0821A24505D2E8
:1034E000271F0023B0463C0000213B608578013057
:1034F000002D12D0535D002BE6D001310136082992
:103500003ADC25682D01AC460F252B4065462B4340
:10351000236085780130002DECD10D004A46002E45
:103520006AD0BC4202D2072D00DC74E0A2454FD223
:103530005046230002CB02C09A42FBD2601C551CAD
:103540000023854263D251460024081D1B18190030
:1035500004330C609342FAD9029B1B68002B09D1FB
:10356000514603E0043A1368002B03D19142F9D18C
:1035700001230B60052040E0A245B7D20021043CA6
:103580008C4621600131BFE708235B1A9B009C46F3
:10359000202361465D1A0494210023682C005546BF
:1035A00083469246604605954A681500A5401D432E
:1035B0001300C3400D604B600431B942F4D3059B46
:1035C000524658469A46049C87E70200041D65E768
:1035D000029903980B680028C0D02024241A0120E7
:1035E0004042E04003400B60B8E7AC460D00614646
:1035F0004A46019B292907D0042007B0F0BCBB46EE
:10360000B246A946A046F0BD0230186087E7141BF9
:10361000A408A30097E708235B1B9B0019001E006A
:1036200020235B1A984623689446250019004246D9
:103630006868030093400B430100F1402B60696010
:103640000435BD42F4D3624670E7C04628A201109B
:1036500070B50400406C0D0000280AD0AB00C31800
:103660001868002812D002681A6000230361C36042
:1036700070BD212204212000FAF738FE6064002882
:10368000F6D0AB00C31818680028ECD10123AB407A
:103690005A1D0121200092001E00FAF727FE002883
:1036A000E6D045608660E0E7002906D04A68436CB2
:1036B00092009B181A680A6019607047F0B5C646F8
:1036C0001E008046002300B50D000C691431086807
:1036D000013307043F0C5743000C5043BF193E0C05
:1036E00080193F04060C3F0C0004C01901C19C4224
:1036F000EDDC002E07D0AB68A34208DDA300EB1879
:1037000001345E612C61280080BCB846F0BD696858
:1037100040460131FFF79CFF071E16D029002A6999
:103720000C31023292000C30F6F7F0FC43466A6826
:103730005B6C92009B181A682A601D603D00A30014
:10374000EB1801345E612C61DDE73A00BA21024BCF
:103750000248F8F7F7F8C04654620110D862011029
:10376000F8B54746CE46060080B50C0090461F00CF
:10377000092B41DD180009210830F5F793FC0123DE
:1037800000215B0001319842FBDC3000FFF760FF55
:10379000011E33D0089B4361012303614346092B7B
:1037A00016DC092398460A34434647450BDDE719E2
:1037B000FF1A23780A223000303BFFF77FFF0134E5
:1037C0000100BC42F5D10800C0BCB946B046F8BD06
:1037D00009239C46A444E146654644442B780A22CA
:1037E0003000303BFFF76AFF01350100A542F5D1FB
:1037F0004C464444083CD7E70021C6E70A00024B88
:103800000248D331F8F79EF854620110D8620110D3
:103810008022030052020020934201D21B04103088
:1038200080225204934201D208301B0280225205AA
:10383000934207D38022D205934214D29B0014D422
:10384000033008E0802104301A01C9058A4203D3FD
:10385000D243D20F801870479A019B0105D40A42C7
:10386000EED12020F7E71A00F2E70230F3E7C04676
:1038700003685A0708D0DA072BD49A072ED50122FD
:103880005B080360100070471A0410D1FF211B0C65
:103890001022194201D108321B0A190716D09907C4
:1038A0000ED0D90701D401325B080360EAE7FF229A
:1038B0001A4210D01A0719D104221B099907F0D116
:1038C00059070FD59B0802320360DBE704321B095E
:1038D000F4E70022D6E708221B0ADEE79B08022253
:1038E0000360CFE7DB0805D12022CBE7DB0803220A
:1038F0000360C7E703320360C4E7C046436C70B59A
:1039000004000D00002B0AD05868002815D002686A
:103910005A600023C36001234561036170BD212209
:103920000421FAF7E3FC031E6064EDD14621002276
:10393000084B0948FF31F8F705F81C220121200047
:10394000FAF7D4FC0028F1D00123436001338360EF
:10395000DFE7C04654620110D8620110F0B54E4650
:1039600057464546DE46E0B50B691669894617009D
:10397000984687B0B34204DB33000F0046469146B9
:1039800098464346F518BB687968AB4200DA0131C6
:10399000FFF75EFE8446002800D1AFE014236344A5
:1039A0009A46AC0054440022A34202D204C39C4273
:1039B000FCD8434649469B0098461431884441450B
:1039C00000D387E014239946B9444B4602933B0049
:1039D0000022B6004E44F71B153F1533BF089E4228
:1039E0005241BB0003934346A34650460C00E246B7
:1039F000A946B4460193049206E02D0C37D1019BF1
:103A000004340430A34262D925682B04190C002B1E
:103A1000F3D0029D5B46A04600260C0083462F0093
:103A2000059308CF01681A04120C62431B0C0D04A5
:103A300063432D0C52199219090C5B18110C5B1879
:103A400012041E0C120C1B04134308C0BC45E8D81A
:103A5000059B58469B46049B44465A1E9341039A35
:103A60005B421340C3185E6025682D0CC7D006006A
:103A70000368A046604619000024B446029F3A88B5
:103A8000090C6A43121952181B0411041B0C0B4336
:103A9000336010CF7168240C6C430B041B0CE318CB
:103AA000120C9B181C0C0436B842E8D862468446B7
:103AB0001000049A4446511E8A41039952420A401A
:103AC00082185360019B04340430A3429CD85C46A6
:103AD0004D46D446002D03DC06E0013D002D03D009
:103AE000043C2368002BF8D0634660461D6107B094
:103AF000F0BCBB46B246A946A046F0BDB1210022AB
:103B0000024B03484900F7F71DFFC04654620110FD
:103B1000D86201100323F0B5C64614001A0080468F
:103B20000E0000B52240234237D1A41031D04346C5
:103B30001D6C002D3AD001273B0023406410002B60
:103B400008D1286800281AD005003B0023406410E3
:103B5000002BF6D02A0031004046FFF7FFFE002E72
:103B600007D0434672685B6C92009B181A683260FB
:103B70001E60002C0ED0060028680028E4D12A0020
:103B800029004046FFF7EAFE002328600500036095
:103B9000DBE7300080BCB846F0BD0F4B013A920025
:103BA000D2580023FFF78AFD0600BEE701214046F8
:103BB000FFF74EFD051E08D0084B4361012303614A
:103BC0004346186400230360B5E746212A00044BEE
:103BD0000448FF31F7F7B6FE28A301107102000078
:103BE00054620110D8620110F0B54E46DE465746C9
:103BF0004546E0B50D002E6953119946330083B058
:103C00004B4401935C1CAB688346170049689C4297
:103C100003DD01315B009C42FBDC5846FFF718FDD9
:103C2000804600284FD04B4614308246002B0ADDD8
:103C30004A4696003200030000211432424402C377
:103C40009342FCD1B2441F222B0010002969143387
:103C500089003840814659183A422ED00132121A52
:103C600094465746002648461A688240324304C7A5
:103C7000624640CBD6409942F5D82A00153200233F
:103C8000914203D34B1B153B9B089B0053445E6042
:103C9000002E00D1019C43461C615B4640466A6889
:103CA0005B6C92009B181A682A601D6003B0F0BC20
:103CB000BB46B246A946A046F0BD504604CB04C060
:103CC0009942FBD8E6E7EF210022024B0248490067
:103CD000F7F738FE54620110D862011010B5C646DD
:103CE00002690B6900B5D41AA4469A4218D114305F
:103CF0009A00143104008318891801E09C420FD205
:103D0000043B043918680A689042F7D000239042B7
:103D10005B4102205B421840012384465B429C4485
:103D2000604610BCA04610BDF0B557464E4645460D
:103D3000DE46E0B515000A692B6984460E0083B0A3
:103D4000D71A9A4214D1080029009A00143014316D
:103D50008318891802E0984200D38FE0043B0439AD
:103D60001A680C68A242F6D000D392E0012705E061
:103D7000002FFBDB2B0000270D001E00604669684A
:103D8000FFF766FC002800D18FE014221421914631
:103D90008C46A9442B693500C7604F46346984447A
:103DA000A4009A004A44A04661461435CB46824698
:103DB0000196002466469946944638002A00A84495
:103DC000009120C880CA29043B041B0C090CC91AA5
:103DD00009192D0C3F0C0B14ED1BED1809042C14C4
:103DE000090C2D04294302C69045EAD8019E4B4692
:103DF000350015356246D94650460027A84504D3FC
:103E00004546AD1B153DAD08AF00009DAA46BA441E
:103E10004F443E1D57460437BC462F004D46B04622
:103E20007F1BB24239D9994682463B002000F718E1
:103E300002CE0D042D0C2D192D140C0C09182D1962
:103E400009042C14090C2D0429433960B242EDD821
:103E50004446013A121B920892004B465046624477
:103E600002E0043A1168013B0029FAD0036103B073
:103E7000F0BCBB46B246A946A046F0BD0021604654
:103E8000FFF7E6FB00280AD001230361002343610A
:103E9000EDE72B0035001E0070E75246E4E70022F4
:103EA000054B06480649F7F74DFD0022024B034833
:103EB0000449F7F747FDC04654620110D86201106B
:103EC00037020000450200000D4B0E4A0B409B18C4
:103ED0000022002B02DD1900100070475B4219150B
:103EE000132903DC80231B030B41F4E7143901225F
:103EF0001E2902DC80221206CA400023EBE7C046DE
:103F00000000F07F0000C0FCF8B504690600A400C2
:103F1000CE46A1461436B14447464B46884680B546
:103F20001F1F3D682800FFF773FC202341461A1A23
:103F30000A600A2828DD0B22524294468444BE427D
:103F400016D24F466246083F3968002A13D0981AA5
:103F50000B009540C3401C4C1D432C432300914053
:103F6000BE420BD24C460C3C2468C440214305E0C1
:103F700000210B2821D11448284303000800190010
:103F8000C0BCB946B046F8BD0B210B1A98462B00B1
:103F90004246D34019000C4C21430B0000218C46B3
:103FA000BE4204D24C46083C2468D440A4462900B2
:103FB0001530814060460143E0E763469D40024979
:103FC00029430B000021D9E70000F03FF0B5C646B9
:103FD00000B5012182B016001F00FFF739FB8046B3
:103FE00000284AD03B037D001B0B6D0D02D08022C0
:103FF000520313430193002E19D101A8FFF738FC97
:104000004246019B01245361434620301C61002D30
:1040100025D035241C4BED18089B2D181D60201A47
:10402000099B1860404602B080BCB846F0BD6846A7
:104030000096FFF71DFC019C009B002805D0202264
:104040002100121A9140C4400B43424653619461CF
:10405000631E9C41434601341C61002DD9D10B4B9A
:10406000C018089B18600023E3189B00434418699C
:10407000FFF7CEFB6401201AD2E70022044B05486B
:104080000549F7F75FFCC046CDFBFFFFCEFBFFFF06
:1040900054620110D86201100F030000F0B587B020
:1040A0000E0004A90700FFF72FFF04000D003000E9
:1040B00005A902940395FFF727FF3F693669009031
:1040C0000191BE1B7301059F049EF61BF618002E7E
:1040D0000CDD360573190393029C039D2000009AA2
:1040E000019B2900F5F753FA07B0F0BD019B32059B
:1040F000991A00900191F1E7944601394B1101336F
:1041000061469B00C2186346096914338900591837
:1041100030B58B420BD2040020CB20C49942FBD88F
:104120006346CB1A153B9B089B000430181882424B
:1041300003D9002308C08242FCD830BD8C46010060
:104140006346026910B51431581182420ADA9200AE
:104150008B1803E0043B1A68002A15D18B42F9D86A
:10416000002010BD8300CB188242F7DD1F2260467D
:10417000644610402242F1D01A689446C240824000
:1041800001209445EDD1E9E70120EAE7124BF0B5B3
:10419000060098421BD80024104D114F02E0541C19
:1041A000A54214DB6319DA0FD218521053009B1882
:1041B0005B00FB1859885878090201439888401819
:1041C0008642ECD88E4204D2551EA542EADAFF2080
:1041D000F0BD1878FCE7C046EF010E00530900005F
:1041E00028A401100000000001B40248844601BC6C
:1041F000604700BFAD08002001B40248844601BCFE
:10420000604700BF010C002001B40248844601BC95
:10421000604700BF9902002001B40248844601BCF7
:10422000604700BFAD09002001B40248844601BCCC
:10423000604700BFE103002001B40248844601BC8E
:10424000604700BF4D0E002001B40248844601BC07
:10425000604700BF5901002001B40248844601BCF8
:10426000604700BF4D0E002001B40248844601BCE7
:10427000604700BFE501002001B40248844601BC4C
:10428000604700BFC100002001B40248844601BC61
:10429000604700BF89080020798E0010A58E0010AD
:1042A00089900010F1A00010D19700100DA000100F
:1042B000B18F0010C18E0010E18E0010F58E00103D
:1042C00045810010FD8E0010FD840010418E00100D
:0842D000F17D00106DBE00102D
:1042D8004C4F57004849474800000000544F474793
:1042E8004C494E47000000007B2274797065223AE1
:1042F800227369676E616C2E737461747573222CF6
:1043080022636D64223A25752C22636C6B223A2550
:10431800752C2264617430223A25752C22636D64F1
:104328005F7374617465223A222573222C22636CB0
:104338006B5F7374617465223A222573222C2264A0
:104348006174305F7374617465223A222573222C7C
:10435800226672657175656E63795F687A223A259F
:104368006C752C227265717565737465645F66720D
:10437800657175656E63795F687A223A256C757D1B
:104388000A0000004F4B0000434C4B00444154309E
:1043980000000000434D4400747275650000000081
:1043A80066616C73650000000D0A0000494E4954AF
:1043B80000000000454D4D43000000005B25735D83
:1043C8002025730D0A000000496E697469616C69E3
:1043D8007A696E6720654D4D432048617264776144
:1043E80072652E2E2E0000004F4B20494E49540A6C
:1043F800000000005349474E414C5F4D4F4E495411
:104408004F525F5354415254000000007B2274798C
:104418007065223A227369676E616C2E73746172DB
:10442800746564222C226F6B223A747275652C2293
:104438006672657175656E63795F687A223A256C74
:10444800752C227265717565737465645F66726533
:104458007175656E63795F687A223A256C757D0A95
:10446800000000005349474E414C5F4D4F4E4954A0
:104478004F525F53544F50007B2274797065223A33
:10448800227369676E616C2E73746F707065642235
:104498002C226F6B223A747275657D0A0000000049
:1044A800434845434B5F50494E530000434D443AFF
:1044B80025732C434C4B3A25732C444154303A25F0
:1044C800730A000050494E5F5445535400000000E1
:1044D8002531357320253135730000006869676818
:1044E800000000006C6F7700636C6B00636D640004
:1044F80064617430000000007B2274797065223A90
:1045080022656D6D632E70696E5F746573742E72AB
:104518006573756C74222C226F6B223A25732C22DA
:1045280070696E223A222573222C226770696F22E5
:104538003A25752C226C6576656C223A2225732201
:104548002C22726561646261636B223A25757D0A6B
:10455800000000007B2274797065223A22656D6D37
:10456800632E70696E5F746573742E726573756CF3
:1045780074222C226F6B223A66616C73652C226D53
:104588007367223A2255736167653A2050494E5F36
:104598005445535420434C4B7C434D447C44415434
:1045A8003020484947487C4C4F57227D0A0000007C
:1045B800475054007B2274797065223A22656D6DEC
:1045C800632E6770742E726573756C74222C226F5B
:1045D8006B223A66616C73652C226D7367223A22EE
:1045E8002573227D0A000000454649205041525457
:1045F800000000007B2274797065223A22656D6D97
:10460800632E6770742E726573756C74222C226F1A
:104618006B223A66616C73652C226D7367223A22AD
:10462800475054207369676E6174757265206E6FA8
:104638007420666F756E64227D0A00007B2274798F
:104648007065223A22656D6D632E6770742E7265EF
:1046580073756C74222C226F6B223A66616C7365D9
:104668002C226D7367223A22496E76616C69642048
:1046780047505420686561646572227D0A00000015
:104688007B2274797065223A22656D6D632E67709E
:10469800742E626567696E222C226F6B223A7472DF
:1046A80075652C2266697273745F757361626C65D7
:1046B800223A256C6C752C226C6173745F7573617A
:1046C800626C65223A256C6C752C22656E74726971
:1046D8006573223A256C752C22656E7472795F7346
:1046E800697A65223A256C757D0A00007B22747907
:1046F8007065223A22656D6D632E6770742E72653F
:1047080073756C74222C226F6B223A66616C736528
:104718002C226D7367223A2247505420656E7472BA
:10472800792072656164206661696C65643A202548
:1047380073227D0A000000007B2274797065223A9A
:1047480022656D6D632E6770742E726573756C7457
:10475800222C226F6B223A66616C73652C226D7372
:1047680067223A2247505420656E74727920636F2D
:104778006E74696E756174696F6E2072656164200C
:104788006661696C65643A202573227D0A00000021
:104798007B2274797065223A22656D6D632E67708D
:1047A800742E706172746974696F6E222C22696E3E
:1047B800646578223A256C752C226E616D65223A03
:1047C800222573222C2273746172745F6C626122D9
:1047D8003A256C6C752C22656E645F6C6261223AB6
:1047E800256C6C752C22736563746F7273223A257D
:1047F8006C6C757D0A0000007B2274797065223A22
:1048080022656D6D632E6770742E656E64222C228E
:104818006F6B223A747275657D0A000052454144F7
:104828005F4558544353440045585443534400008B
:104838007B2274797065223A22656D6D632E6C61F6
:10484800796F75742E72656164227D00656D6D6384
:104858002E6C61796F75742E7265616400000000BA
:1048680056455253494F4E0046575F564552534995
:104878004F4E00007B2274797065223A2266697275
:104888006D776172652E696E666F222C226E616D7E
:1048980065223A22654D4D432053657276696365FA
:1048A80020546F6F6C222C2276657273696F6E22AA
:1048B8003A225245414C5F4750545F434D4454455A
:1048C80053545F434C4B54455354222C2262756910
:1048D8006C64223A22323032362D30392D31302272
:1048E8007D0A00004944454E5449465900000000DD
:1048F8007B2274797065223A22656D6D632E696436
:10490800656E74696679227D00000000656D6D63CF
:104918002E6964656E74696679000000434D445FD2
:1049280054455354000000007B2274797065223A84
:1049380022656D6D632E636D645F74657374222CDC
:10494800226379636C6573223A25757D0000000047
:10495800656D6D632E636D645F746573740000002C
:10496800434D44315F5445535400000025752025BC
:10497800750000007B2274797065223A22656D6D9E
:10498800632E636D64315F74657374222C227265C3
:104998007472696573223A25752C22617267223A0E
:1049A80025757D00656D6D632E636D64315F74657B
:1049B8007374000053445F54455354007B22747948
:1049C8007065223A22656D6D632E73645F7465733A
:1049D80074222C2272657472696573223A25752CCB
:1049E80022617267223A25757D000000656D6D634E
:1049F8002E73645F7465737400000000434C4B5F52
:104A080054455354000000007B2274797065223AA3
:104A180022656D6D632E636C6B5F746573742E62B3
:104A28006567696E222C226F6B223A747275652C49
:104A3800226672657175656E63795F687A223A25B8
:104A4800752C226475726174696F6E5F6D73223A9A
:104A580025752C2268616C665F6379636C657322C7
:104A68003A256C757D0A00007B2274797065223ABC
:104A780022656D6D632E636C6B5F746573742E7243
:104A88006573756C74222C226F6B223A747275658B
:104A98002C226672657175656E63795F687A223A51
:104AA80025752C226475726174696F6E5F6D73224F
:104AB8003A25752C22746F67676C6573223A256CEA
:104AC8006C757D0A0000000053544F500000000030
:104AD8004F4B2053544F500A0000000052454144A8
:104AE80020000000256C7520256C75004552524F3A
:104AF8005220554E4B4E4F574E20434F4D4D414E31
:104B0800440A0000303132333435363738394142BF
:104B180043444546000000004D61706C654C696E69
:104B28006B000000654D4D4320526561646572005D
:104B380053657269616C20506F7274007B227479BE
:104B48007065223A22656D6D632E636F6E666967C4
:104B5800222C22706F7274223A22656D6D633022A6
:104B68002C22737461747573223A2269642D7265FC
:104B78006164222C2270696E73223A7B22636D6411
:104B8800223A25752C22636C6B223A25752C2264F7
:104B9800617430223A25757D2C22747269737461B0
:104BA80074655F64656661756C74223A25732C229E
:104BB80070756C6C7570735F656E61626C6564228C
:104BC8003A25732C2273706565645F687A223A25EA
:104BD8006C752C226964706F6C6C5F696E74657299
:104BE80076616C5F6D73223A256C752C2272657440
:104BF80072795F69646C655F636C6B73223A2575C3
:104C08002C226465746563745F656E61626C6564AB
:104C1800223A25732C226964706F6C6C5F656E6133
:104C2800626C6564223A25732C226964706F6C6C1F
:104C38005F6D6F6E69746F725F6265747765656EBC
:104C4800223A25737D000000222573223A000000D5
:104C58007B2274797065223A22656D6D632E6475C6
:104C68006D702E737461747573222C227374617461
:104C780065223A222573222C2264657461696C22AC
:104C88003A222573222C2273746172745F6C6261FC
:104C9800223A256C752C2263757272656E745F6C8E
:104CA8006261223A256C752C22646F6E655F626CB6
:104CB8006F636B73223A256C752C22746F74616C68
:104CC8005F626C6F636B73223A256C752C22726578
:104CD80061645F617474656D707473223A256C75D4
:104CE8002C22726561645F6F6B223A256C752C22E9
:104CF800726561645F657272223A256C752C227246
:104D08006561645F6572725F7063745F78313022C9
:104D18003A256C752C22636D6431375F747269654E
:104D280073223A256C752C226E6F5F7231223A25F8
:104D38006C752C22646174615F6661696C223A2526
:104D48006C752C226372635F6661696C223A256C0C
:104D5800752C22726573796E635F6661696C223A9D
:104D6800256C752C2274785F62757379223A256CEC
:104D7800752C22626C6F636B5F6E6F726D616C2253
:104D88003A256C752C22626C6F636B5F616C6C30BA
:104D980030223A256C752C22626C6F636B5F616CF4
:104DA8006C6666223A256C757D0000006F6B00000A
:104DB80053572077616974204441543020737461DB
:104DC80072742074696D656F75740000434D4431C9
:104DD8005F52454144590000434D44315F4E4F54A2
:104DE8005F52454144590000535441525400000059
:104DF8004944454E544946595F53544147453D251A
:104E08007320434D443D257520434C4B3D2575206B
:104E1800444154303D257500656D6D630000000008
:104E28004255535F505245504152454400000000DE
:104E380049444C455F3136305F444F4E45000000D1
:104E4800434D44305F315F424547494E0000000002
:104E5800434D44305F315F444F4E4500434D44302D
:104E68005F325F424547494E00000000434D4430E1
:104E78005F325F444F4E4500434D44305F524541D9
:104E880044590000434D44315F424547494E0000B4
:104E9800434D44315F415247256C755F5452592543
:104EA8006C750000434D44315F524553504F4E538B
:104EB80045000000434D44312074696D656F757479
:104EC80020286E6F20726573706F6E7365206F6E29
:104ED80020434D44206C696E653B20434D443D257D
:104EE8007520434C4B3D257520444154303D257574
:104EF80029000000434D44312074696D656F757455
:104F080020284F43522062757379206E657665724A
:104F180020736574290000004944454E5449465998
:104F28005F4944535F424547494E0000434D44336F
:104F380020696E76616C696420726573706F6E7338
:104F480065000000434D4439206661696C65642042
:104F5800286E6F2043534420726573706F6E7365BB
:104F680029000000434D4433206661696C65642064
:104F7800286E6F2052434120726573706F6E73659F
:104F880029000000434D4432206661696C65642045
:104F9800286E6F2043494420726573706F6E736585
:104FA80029000000494420696E6974206661696CB3
:104FB8006564000025730000434D44313620666166
:104FC800696C6564202873657420626C6F636B205C
:104FD8006C656E2900000000434D44372073656CF2
:104FE800656374206661696C65642C2074727969E4
:104FF8006E672064697265637420434D44313700DD
:105008004558545F43534420726561642066616962
:105018006C6564004558545F43534420646174616F
:105028002074696D656F7574000000007B227479C7
:105038007065223A22656D6D632E6C61796F7574A7
:105048002E726573756C74222C226F6B223A66611E
:105058006C73652C226D7367223A222573227D00BA
:105068007B2274797065223A22656D6D632E6C61BE
:10507800796F75742E726573756C74222C226F6B40
:10508800223A747275652C227365635F636F756E5F
:1050980074223A256C752C22757365725F62797477
:1050A8006573223A256C6C752C22626F6F745F737E
:1050B800697A655F6D756C74223A256C752C22626D
:1050C8006F6F745F62797465735F65616368223AB4
:1050D800256C752C22706172746974696F6E5F63D8
:1050E8006F6E666967223A256C752C22706172743E
:1050F8006974696F6E696E675F737570706F7274CB
:10510800223A256C752C2268635F65726173655F4E
:105118006772705F73697A65223A256C752C22680C
:10512800635F77705F6772705F73697A65223A258B
:105138006C752C2267705F756E69745F627974652F
:1051480073223A256C6C752C226770315F6D756C13
:1051580074223A256C752C226770325F6D756C74F9
:10516800223A256C752C226770335F6D756C74223A
:105178003A256C752C226770345F6D756C74223A11
:10518800256C752C226770315F6279746573223AD9
:10519800256C6C752C226770325F62797465732296
:1051A8003A256C6C752C226770335F62797465736D
:1051B800223A256C6C752C226770345F62797465AD
:1051C80073223A256C6C757D00000000434D44380D
:1051D80020284558545F43534429206E6F20726538
:1051E80073706F6E7365000070696F3000000000A7
:1051F80070696F31000000006E6F205231207265B7
:1052080073706F6E73650000636D643A20666F7229
:1052180063696E67206D696E696D756D2064756D63
:1052280070207370656564203130306B00000000B9
:10523800626C6F636B207265616420776174636868
:10524800646F672074696D656F757400636D643A87
:1052580020626C6F636B2072656164207761746390
:1052680068646F672074696D656F7574000000006D
:1052780070696F3A20776169742B63617074757215
:10528800652073746172740070696F3A20696E6981
:1052980074206F6B2070696F3D257320736D3D25F9
:1052A80075206F66663D25750000000070696F3ACD
:1052B80020696E6974206661696C65642C20756E5E
:1052C800617661696C61626C6500000050494F202D
:1052D800756E617661696C61626C650050494F203A
:1052E8007478206669666F2066756C6C2074696DC9
:1052F800656F75740000000070696F3A207478203B
:105308006669666F2066756C6C2074696D656F756B
:105318007400000070696F3A2073746172742063BE
:105328006C6B6469765F78313030303D256C752060
:1053380074696D656F75745F75733D256C750000D4
:1053480050494F2072782074696D656F757400003C
:1053580070696F3A2072782074696D656F75742072
:105368006174206279746520256C752F257500009D
:1053780070696F3A20637263206F6B2028626974CA
:105388002D7265766572736564292C206372633D9E
:10539800253034580000000070696F3A206372634A
:1053A800206D69736D61746368207261773D253083
:1053B80034582072783D25303458207265763D2562
:1053C8003034582072785F7265763D253034580045
:1053D80070696F3A20637263206F6B207261773D4A
:1053E800253034580000000050494F2043524320D4
:1053F8006D69736D617463680000000050494F2047
:10540800626C6F636B2072656164206661696C65AC
:105418006400000070696F3A20626C6F636B2072E1
:10542800656164206661696C65640000636D643A57
:105438002066756C6C2072652D707265706172657E
:105448002061667465722072657065617465642098
:105458006E6F2D5231000000636D643A2072652D25
:1054680070726570617265206661696C656420613F
:1054780066746572207265706561746564206E6F0C
:105488002D523100636D643A2072652D707265701B
:10549800617265206C696D69742072656163686505
:1054A8006420666F7220626C6F636B00726573793B
:1054B8006E63206661696C656420286E6F205231C6
:1054C80020726573706F6E7365290000636D643AAE
:1054D80020726573796E63206661696C6564202843
:1054E8006E6F20523120726573706F6E736529007C
:1054F800434D443137206661696C656420617420CE
:105508004C424120256C7520616674657220256CBB
:1055180075207472696573202825732900000000BE
:10552800766572696679206D69736D617463682048
:105538004C424120256C752069647820256C7520C3
:10554800657870202530325820676F7420253032F6
:10555800582028617474656D707420256C752F252A
:105568006C752900766572696679206661696C6573
:1055780064206174204C424120256C7500000000B5
:10558800524553554C545F53454E5400494420727C
:10559800656164206661696C65640000656D6D63B2
:1055A8002E0000007B2274797065223A22656D6DA9
:1055B800632E6964656E746966792E726573756C9D
:1055C80074222C226F6B223A747275652C226369DF
:1055D80064223A222573222C22637364223A2225FC
:1055E80073222C226F6372223A256C752C22726307
:1055F80061223A25757D00007B2274797065223A14
:1056080022656D6D632E6964656E746966792E72A4
:105618006573756C74222C226F6B223A66616C7309
:10562800652C226D7367223A222573227D000000C3
:10563800656D6D632E73746F700000007B22747942
:105648007065223A22656D6D632E73746F702E72C9
:105658006573756C74222C226F6B223A74727565AF
:105668007D000000656D6D632E6765745F636F6E06
:1056780066696700656D6D632E7365745F696F0099
:1056880074726973746174655F64656661756C745E
:105698000000000070756C6C7570735F656E6162F8
:1056A8006C656400656D6D632E7365745F737065FA
:1056B8006564000073706565645F687A00000000C7
:1056C8006964706F6C6C5F696E74657276616C5F2B
:1056D8006D73000072657472795F69646C655F63ED
:1056E8006C6B7300656D6D632E6465746563742EF1
:1056F80073746172740000007B2274797065223AB9
:1057080022656D6D632E70696E73222C22636D6441
:10571800223A25752C22636C6B223A25752C22645B
:10572800617430223A25752C227472616E73697423
:10573800696F6E73223A7B22636D64223A256C7519
:105748002C22636C6B223A256C752C2264617430B0
:10575800223A256C757D7D00656D6D632E646574D8
:105768006563742E73746F7000000000656D6D635F
:105778002E6964706F6C6C2E737461727400000013
:10578800696E74657276616C5F6D73006D6F6E69BA
:10579800746F725F6265747765656E00656D6D63C1
:1057A8002E6964706F6C6C2E73746F70000000004B
:1057B800656D6D632E64756D702E737461727400FF
:1057C80073746172745F6C6261000000626C6F6375
:1057D8006B5F636F756E74006368756E6B5F62797B
:1057E80074657300646F75626C655F7265616400EF
:1057F8007573655F70696F007665726966795F7247
:1058080065747269657300006175746F5F726574A1
:1058180072696573000000006572726F72000000A3
:1058280064756D70207374617274656400000000A3
:1058380072756E6E696E6700656D6D632E64756D49
:10584800702E73746F70000064756D702073746FC0
:1058580070706564206279207573657200000000BD
:1058680073746F7070656400656D6D632E7363612A
:105878006E2E737461727400736B69705F626C6F03
:10588800636B7300746F74616C5F626C6F636B73CE
:10589800000000007B2274797065223A22656D6DE4
:1058A800632E7363616E2E737461747573222C2278
:1058B8007374617465223A222573222C22646574FC
:1058C80061696C223A222573222C227374617274E6
:1058D8005F6C6261223A256C752C22736B69705F6C
:1058E800626C6F636B73223A256C752C22746F742B
:1058F800616C5F626C6F636B73223A256C752C2246
:10590800646F6E655F626C6F636B73223A256C75AA
:105918002C2263757272656E745F6C6261223A251F
:105928006C752C226E6F6E656D7074795F626C6F2A
:10593800636B73223A256C752C2272616E676573EE
:105948005F666F756E64223A256C757D00000000F5
:105958007B2274797065223A22656D6D632E7363BC
:10596800616E2E726573756C74222C226F6B223AED
:1059780025732C226D7367223A222573222C226408
:105988006F6E655F626C6F636B73223A256C752C62
:1059980022746F74616C5F626C6F636B73223A255B
:1059A8006C752C226E6F6E656D7074795F626C6FAA
:1059B800636B73223A256C752C2272616E6765736E
:1059C8005F666F756E64223A256C757D0000000075
:1059D8007363616E20737461727465640000000003
:1059E800656D6D632E7363616E2E73746F70000046
:1059F8007363616E2073746F7070656420627920C0
:105A08007573657200000000656D6D632E66696EC2
:105A1800645F73746172742E737461727400000031
:105A28006D61785F626C6F636B7300007B227479C1
:105A38007065223A22656D6D632E66696E645F73C8
:105A4800746172742E737461747573222C2273746A
:105A5800617465223A222573222C22646574616977
:105A68006C223A222573222C2273746172745F6C43
:105A78006261223A256C752C226D61785F626C6FC9
:105A8800636B73223A256C752C22646F6E655F62B6
:105A98006C6F636B73223A256C752C226375727276
:105AA800656E745F6C6261223A256C757D0000003A
:105AB8007B2274797065223A22656D6D632E666962
:105AC8006E645F73746172742E726573756C742280
:105AD8002C226F6B223A25732C22666F756E642216
:105AE8003A25732C22666F756E645F6C6261223A88
:105AF800256C752C2273746172745F6C6261223A32
:105B0800256C752C22646F6E655F626C6F636B73B6
:105B1800223A256C752C226D61785F626C6F636B1D
:105B280073223A256C752C226D7367223A222573ED
:105B3800227D000066696E642D737461727420732F
:105B48007461727465640000656D6D632E66696EBC
:105B5800645F73746172742E73746F700000000058
:105B680066696E642D73746172742073746F7070DB
:105B78006564206279207573657200006379636CCF
:105B8800657300007B2274797065223A22656D6D19
:105B9800632E636D645F746573742E726573756CC0
:105BA80074222C226F6B223A747275652C226379E9
:105BB800636C6573223A256C757D0000726574729A
:105BC8006965730061726700636D64315F74657342
:105BD800742074727920256C753A2072313D2573D2
:105BE8002073746172743D256C752074783D256C42
:105BF8007520636D643D256C75206F63723D25309B
:105C0800386C5820637263373D2530326C582065F4
:105C18006E643D256C750000636D64315F74657357
:105C2800742074727920256C753A206E6F20726525
:105C380073706F6E73652028434D443D257520436E
:105C48004C4B3D257520444154303D2575290000B5
:105C58007B2274797065223A22656D6D632E636DBF
:105C680064315F746573742E726573756C74222C5D
:105C7800226F6B223A747275652C227361775F729A
:105C88006573706F6E7365223A25732C2272656195
:105C98006479223A25732C22726573706F6E73656E
:105CA80073223A256C752C227265747269657322A9
:105CB8003A256C752C22617267223A256C752C2264
:105CC8006F6372223A256C757D0000007B2274791F
:105CD8007065223A22656D6D632E73645F74657317
:105CE800742E726573756C74222C226F6B223A7451
:105CF8007275652C22636D64385F6F6B223A257369
:105D08002C22636D64385F6563686F223A256C7571
:105D18002C22636D64385F7231223A256C752C220F
:105D2800636D6435355F6F6B223A25732C2261638E
:105D38006D6434315F6F6B223A25732C2272656172
:105D48006479223A25732C22617474656D707473BA
:105D5800223A256C752C2261636D6434315F61725F
:105D680067223A256C752C226F6372223A256C756E
:105D78007D0000007B2274797065223A2265727278
:105D88006F72222C22636F6465223A22454D4D437F
:105D98005F554E535550504F52544544222C226D56
:105DA8007367223A22656D6D6320636F6D6D616E56
:105DB80064206E6F7420696D706C656D656E7465B6
:105DC80064227D007374616C6C206465746563740F
:105DD80065643B207265636F7665727920666169D8
:105DE8006C6564006E6F6E2D656D707479000000CF
:105DF8007B2274797065223A22656D6D632E696421
:105E0800706F6C6C2E77696E646F77222C22636CCE
:105E1800656172223A25732C22746F74616C223A80
:105E2800256C752C227472616E736974696F6E7358
:105E3800223A7B22636D64223A256C752C22636CAE
:105E48006B223A256C752C2264617430223A256CD9
:105E5800757D7D00253032582025303458000000EB
:105E68007B2274797065223A22656D6D632E6964B0
:105E78002E726573756C74222C226F6B223A7472C1
:105E880075652C22706F6C6C5F636F756E74223A47
:105E9800256C752C2269645F686578223A2225731F
:105EA800222C226D6964223A25752C226F6964229E
:105EB8003A25752C226F6372223A256C752C227252
:105EC8006361223A25752C22636964223A2225737C
:105ED800222C22637364223A222573227D0000005B
:105EE8007B2274797065223A22656D6D632E696430
:105EF8002E726573756C74222C226F6B223A666160
:105F08006C73652C22706F6C6C5F636F756E742296
:105F18003A256C752C226D7367223A222573227DEF
:105F280000000000696E2070726F677265737300FD
:105F38007374616C6C2064657465637465643B207C
:105F48006C696E6B207265636F76657265640000BC
:105F580064756D7020636F6D706C6574650000000A
:105F6800636F6D706C657465000000007265747213
:105F780079696E67204C424120256C75202825756B
:105F88002F2575293A2025730000000074782062B7
:105F98007573793B207265747279696E67000000C9
:105FA80073747265616D207374616C6C656420280C
:105FB8007478206275737929000000007B22747957
:105FC8007065223A22656D6D632E7363616E2E7261
:105FD800616E6765222C2272616E67655F747970E5
:105FE80065223A222573222C2273746172745F6CC5
:105FF8006261223A256C752C22656E645F6C626161
:10600800223A256C752C227370616E5F626C6F6327
:106018006B73223A256C757D000000007363616E16
:1060280020636F6D706C6574650000004C42412000
:106038006F766572666C6F77000000006E6F206E79
:106048006F6E2D656D70747920626C6F636B20665E
:106058006F756E6400000000666F756E64206E6F69
:106068006E2D656D70747920626C6F636B00000033
:106078000A2A2A2A2050414E4943202A2A2A0A005D
:106088004E6F207370696E6C6F636B7320617265FD
:1060980020617661696C61626C65000048617264B8
:1060A8007761726520616C61726D20256420616C76
:1060B800726561647920636C61696D6564000000D4
:1060C8004861726420617373657274004F7574203F
:1060D8006F66206D656D6F727900000052656C65A2
:1060E80061736500626F6F74325F77323571303873
:1060F80030000000322E332E310000007069636FCB
:1061080000000000656D6D635F7265616465725FB4
:1061180077726974657200005365702031362032D9
:1061280030323600666E692B00000000666E69002A
:106138006E616E00666E692D000000002C20667589
:106148006E6374696F6E3A200000000061737365B6
:106158007274696F6E2022257322206661696C65EE
:10616800643A2066696C6520222573222C206C69AC
:106178006E65202564257325730A00005553422057
:10618800737464696E202F207374646F75740000D3
:106198006275665F6374726C2040203078256C5895
:1061A80020616C726561647920617661696C6162F5
:1061B8006C6500004E6F2050494F20737461746500
:1061C800206D616368696E65732061726520617610
:1061D80061696C61626C65004C45440065256C64BE
:1061E800000000004C435F434F4C4C4154450000B5
:1061F8004C435F4354595045000000004C435F4DE9
:106208004F4E4554415259004C435F4E554D4552EF
:10621800494300004C435F54494D45004C435F4D92
:1062280045535341474553006E660000696E6974D3
:1062380079000000616E00004A495300534A4953EF
:10624800000000004555434A5000000042616C6C54
:106258006F6320737563636565646564000000009F
:106268002F7661722F746D702F6A656E6B696E730D
:106278002F776F726B73706163652F676E755F74CC
:106288006F6F6C636861696E732F61726D5F6275A1
:10629800696C64732F61726D2D31352F7372632FA2
:1062A8006E65776C69622D63796777696E2F6E65A5
:1062B800776C69622F6C6962632F7374646C6962AE
:1062C8002F6764746F612D6765746865782E630045
:1062D8002F7661722F746D702F6A656E6B696E739D
:1062E8002F776F726B73706163652F676E755F745C
:1062F8006F6F6C636861696E732F61726D5F627531
:10630800696C64732F61726D2D31352F7372632F31
:106318006E65776C69622D63796777696E2F6E6534
:10632800776C69622F6C6962632F7374646C69623D
:106338002F6D707265632E630000000058630110B2
:10634800204B01102C4B011000000000384B0110AD
:106358000904000009024B000201008032080B000A
:1063680002020200000904000001020200040524E0
:10637800002001052401000104240206052406006A
:10638800010705810308000109040100020A000051
:1063980000070502024000000705820240000000D5
:1063A80012010002EF020140FECA01400101010290
:1063B800030100005AA53CC3F00F0000303132330E
:1063C80034353637383941424344454600000000E9
:1063D8000080FF400080FF0000000000EC63011017
:1063E80007FF0000A098207842B0C21842B00150C0
:1063F8004418000006005250D3F07542E4600110C2
:1064080006005250E182887FEC600110060052506D
:10641800ABB36053FC60011006005250BBFF3CB6A2
:106428000461011006005250861C03020C61011021
:10643800060052505422A29D2061011005005250BE
:10644800DE65F468A8F8011054AE00100CAE001018
:106458000CAE00104CAE00100CAE00100CAE0010CC
:106468000CAE00100CAE00100CAE00100CAE0010FC
:106478000CAE001044AE00100CAE00103EAE001082
:106488000CAE00100CAE001036AE001048B0001074
:1064980066AE00103CB0001066AE00102AB00010C6
:1064A80066AE001066AE001066AE001066AE001054
:1064B80066AE001066AE001066AE00105CAE00104E
:1064C80066AE001066AE001066AE001066AE001034
:1064D80066AE00105CAE0010DCB00010CAAD001053
:1064E800CAAD0010CAAD0010CAAD0010CAAD001088
:1064F800CAAD0010CAAD0010CAAD0010CAAD001078
:10650800CAAD0010CAAD0010CAAD0010CAAD001067
:10651800CAAD0010CAAD0010CAAD0010CAAD001057
:10652800CAAD0010CAAD0010CAAD0010CAAD001047
:10653800CAAD0010CAAD0010CAAD0010CAAD001037
:10654800CAAD0010CAAD0010CAAD0010CAAD001027
:10655800CAAD0010CAAD001058B0001094B00010B9
:1065680058B00010CAAD0010CAAD0010CAAD001076
:10657800CAAD0010CAAD0010CAAD0010CAAD0010F7
:10658800CAAD0010CAAD0010CAAD0010CAAD0010E7
:10659800CAAD0010CAAD0010CAAD0010CAAD0010D7
:1065A800CAAD001074B20010CAAD0010CAAD001018
:1065B800CAAD0010CAAD0010CAAD0010CAAD0010B7
:1065C800CAAD0010CAAD0010CAAD001074B20010F8
:1065D800ECB0001074B2001058B0001094B0001065
:1065E80058B0001000000000000000000000F03F5C
:1065F8000000000000002440000000000000594096
:106608000000000000408F40000000000088C340E8
:1066180000000000006AF8400000000080842E415D
:1066280000000000D01263410000000084D79741A9
:106638000000000065CDCD410D0A00000600525053
:1066480053B4F4A184610110C4C7001018C9001024
:10665800C8C8001072C9001060C90010B2C8001084
:10666800A2C8001028C80010DCC70010BAC7001064
:1066780054CC00103CCC0010B4CB001024CC00103B
:10668800B4CB001016CC001000CC0010B4CB001016
:10669800EACB0010C6CB00108AD000107AD00010C8
:1066A8006ED00010B4CB0010B4CB001058D000103E
:1066B8007AD00010B4CB0010B4CB0010B4CB0010CB
:1066C800B4CB0010B4CB0010B4CB0010B4CB001086
:1066D800DECE00101E0C0020000D0020FE0D002054
:1066E8000E0E00209A0C0020A40C002000000000D0
:1066F80071D20010D5D20010D9D20010F9D20010F2
:1067080059D4001029D50010000000000000000036
:106718000900525000000002E06101100020202012
:106728002020202020202828282828202020202039
:106738002020202020202020202020202088101009
:106748001010101010101010101010101004040465
:106758000404040404040410101010101010414123
:106768004141414101010101010101010101010111
:106778000101010101010101101010101010424225
:1067880042424242020202020202020202020202E1
:106798000202020202020202101010102000000081
:1067A80000000000000000000000000000000000E1
:1067B80000000000000000000000000000000000D1
:1067C80000000000000000000000000000000000C1
:1067D80000000000000000000000000000000000B1
:1067E80000000000000000000000000000000000A1
:1067F8000000000000000000000000000000000091
:106808000000000000000000000000000000000080
:106818000000000000000000000000000000000070
:10682800DC020110CCFA0010CCFA0010CCFA0010EF
:10683800CCFA0010C6020110CCFA0010CCFA0010F5
:10684800CCFA0010CCFA0010CCFA0010C0FB0010F3
:10685800C0FB0010C0FB0010C0FB0010C0FB001004
:10686800C0FB0010C0FB0010C0FB0010C0FB0010F4
:10687800C0FB0010CCFA0010CCFA0010CCFA0010C3
:10688800CCFA0010CCFA0010CCFA0010CCFA0010A8
:10689800E0FB0010CCFA0010E4FD0010DA01011052
:1068A800E0FB0010E0FB0010E0FB0010CCFA001049
:1068B800CCFA0010CCFA0010CCFA001038FB00100B
:1068C800CCFA0010CCFA0010BC010110CCFA001070
:1068D800CCFA0010CCFA0010B0020110CCFA00106B
:1068E800CCFA0010CCFA0010CCFA0010D0FC001042
:1068F800CCFA0010CCFA001090FF0010CCFA00106F
:10690800CCFA0010CCFA0010CCFA0010CCFA001027
:10691800E0FB0010CCFA001010FD0010B2FD0010D2
:10692800E0FB0010E0FB0010E0FB0010CCFD0010C5
:106938005EFF001038FB0010CCFA0010780201103E
:10694800920201104E020110F80101101C02011000
:10695800CCFA0010CCFA00103C0201102EFB0010FB
:1069680078FF0010CCFA0010CCFA0010D0FC001010
:10697800CCFA00102EFB0010940401101E03011025
:10698800940401101E0301101E0301108806011053
:10699800AA030110AA030110AA030110AA030110F7
:1069A800AA030110AA030110AA030110AA030110E7
:1069B800AA0301101E0301101E0301101E0301107B
:1069C8001E0301101E0301101E0301101E030110F7
:1069D80078040110A4030110A4030110A4030110FA
:1069E800A4050110840501101E0301101E030110E7
:1069F800BC0401101E0301101E0301101E03011028
:106A08001E030110540601101E0301104C0601104C
:106A18001E0301101E0301101E0301103E06011083
:106A28001E0301101E0301101E03011000060110B1
:106A3800F20501101E0301101E0301101E030110B0
:106A48001E0301101E0301101E0301101E03011076
:106A580078040110A4030110A4030110A403011079
:106A6800A4050110840501101E0301101E03011066
:106A7800BC0401101E0301101E0301101E030110A7
:106A88001E030110540601101E0301104C060110CC
:106A98001E0301101E0301101E0301103E06011003
:106AA8001E0301101E0301101E0301100006011031
:106AB800F2050110F007011064070110F00701103A
:106AC80064070110640701100A080110C2070110C9
:106AD800C2070110C2070110C2070110C207011046
:106AE800C2070110C2070110FA070110FA070110C6
:106AF800640701106407011064070110640701109E
:106B08006407011064070110640701103E070110B3
:106B18003E0701103E0701103E0701103E07011015
:106B28003E07011064070110640701106407011093
:106B3800640701106407011064070110640701105D
:106B4800640701106407011064070110640701104D
:106B5800640701106407011064070110640701103D
:106B68006407011064070110D207011064070110BF
:106B7800640701106407011064070110640701101D
:106B88006407011064070110640701103E07011033
:106B98003E0701103E0701103E0701103E07011095
:106BA8003E07011064070110640701106407011013
:106BB80064070110640701106407011064070110DD
:106BC80064070110640701106407011064070110CD
:106BD80064070110640701106407011064070110BD
:106BE8006407011064070110D20701100A000100B0
:106BF8000200030004000500060007000800090061
:106C08000A000B000C000D000E000F001000000021
:106C18004C180110E2160110E2160110E2160110DC
:106C2800E2160110E2160110E2160110E216011038
:106C3800E2160110F2170110F2170110F2170110F5
:106C4800F2170110F2170110E2160110E2160110F6
:106C5800E2160110E2160110E2160110E216011008
:106C6800E2160110E2160110E2160110E2160110F8
:106C7800E2160110E2160110E2160110E2160110E8
:106C8800E2160110E2160110E2160110E2160110D8
:106C9800F2170110E2160110E2160110E2160110B7
:106CA800E2160110E2160110E2160110E2160110B8
:106CB800E2160110E2160110E2160110541E01102E
:106CC800E2160110661E0110B82501103C220110C1
:106CD8008E22011088220110742201103C2201101A
:106CE80034000000CEFBFFFFCB03000001000000D2
:106CF8000000000035000000CEFBFFFFCB030000C2
:106D08000100000000000000BC89D897B2D29C3C6A
:106D180033A7A8D523F649393DA7F444FD0FA5327A
:106D28009D978CCF08BA5B25436FAC642806681121
:106D3800D02C0110C02C0110B22C0110A82C01106D
:106D48009C2C0110882C0110742C0110DA2C0110D5
:106D58000C5F104E154E2A4E314E364E3C4E3F4E6D
:106D6800424E564E584E824E854E6B8C8A4E12823B
:106D78000D5F8E4E9E4E9F4EA04EA24EB04EB34E0D
:106D8800B64ECE4ECD4EC44EC64EC24ED74EDE4E39
:106D9800ED4EDF4EF74E094F5A4F304F5B4F5D4F68
:106DA800574F474F764F884F8F4F984F7B4F694FBC
:106DB800704F914F6F4F864F964F1851D44FDF4FFA
:106DC800CE4FD84FDB4FD14FDA4FD04FE44FE54F7E
:106DD8001A50285014502A50255005501C4FF64F71
:106DE800215029502C50FE4FEF4F11500650435060
:106DF800475003675550505048505A5056506C50A1
:106E0800785080509A508550B450B250C950CA50EA
:106E1800B350C250D650DE50E550ED50E350EE501E
:106E2800F950F5500951015102511651155114519B
:106E38001A5121513A5137513C513B513F51405120
:106E480052514C5154516251F87A69516A516E51FC
:106E580080518251D8568C5189518F5191519351FB
:106E680095519651A451A651A251A951AA51AB517D
:106E7800B351B151B251B051B551BD51C551C951BC
:106E8800DB51E0515586E951ED51F051F551FE5174
:106E980004520B5214520E5227522A522E52335277
:106EA80039524F5244524B524C525E5254526A52CB
:106EB8007452695273527F527D528D52945292523B
:106EC800715288529152A88FA78FAC52AD52BC52C2
:106ED800B552C152CD52D752DE52E352E652ED9826
:106EE800E052F352F552F852F952065308533875E6
:106EF8000D5310530F5315531A5323532F53315314
:106F080033533853405346534553174E49534D5303
:106F1800D6515E5369536E5318597B537753825336
:106F28009653A053A653A553AE53B053B653C35369
:106F3800127CD996DF53FC66EE71EE53E853ED539D
:106F4800FA5301543D5440542C542D543C542E545F
:106F5800365429541D544E548F5475548E545F54CE
:106F680071547754705492547B548054765484549A
:106F780090548654C754A254B854A554AC54C4541D
:106F8800C854A854AB54C254A454BE54BC54D85486
:106F9800E554E6540F551455FD54EE54ED54FA5487
:106FA800E2543955405563554C552E555C55455559
:106FB80056555755385533555D5599558055AF54E5
:106FC8008A559F557B557E5598559E55AE557C558F
:106FD8008355A9558755A855DA55C555DF55C45564
:106FE800DC55E455D4551456F7551656FE55FD553F
:106FF8001B56F9554E565056DF7134563656325692
:1070080038566B5664562F566C566A5686568056B6
:107018008A56A05694568F56A556AE56B656B456AE
:10702800C256BC56C156C356C056C856CE56D1567F
:10703800D356D756EE56F9560057FF5604570957F8
:1070480008570B570D57135718571657C7551C573E
:107058002657375738574E573B5740574F5769575A
:10706800C057885761577F5789579357A057B357C9
:10707800A457AA57B057C357C657D457D257D35750
:107088000A58D657E3570B5819581D5872582158A3
:1070980062584B587058C06B52583D5879588558AB
:1070A800B9589F58AB58BA58DE58BB58B858AE585C
:1070B800C558D358D158D758D958D858E558DC5856
:1070C800E458DF58EF58FA58F958FB58FC58FD585F
:1070D80002590A5910591B59A66825592C592D5976
:1070E800325938593E59D27A555950594E595A59E8
:1070F80058596259605967596C5969597859815971
:107108009D595E4FAB4FA359B259C659E859DC593E
:107118008D59D959DA59255A1F5A115A1C5A095AE0
:107128001A5A405A6C5A495A355A365A625A6A5A41
:107138009A5ABC5ABE5ACB5AC25ABD5AE35AD75A5F
:10714800E65AE95AD65AFA5AFB5A0C5B0B5B165B9D
:10715800325BD05A2A5B365B3E5B435B455B405BE8
:10716800515B555B5A5B5B5B655B695B705B735B33
:10717800755B785B88657A5B805B835BA65BB85BD5
:10718800C35BC75BC95BD45BD05BE45BE65BE25B7C
:10719800DE5BE55BEB5BF05BF65BF35B055C075C7A
:1071A800085C0D5C135C205C225C285C385C395CF4
:1071B800415C465C4E5C535C505C4F5C715B6C5C44
:1071C8006E5C624E765C795C8C5C915C945C9B59DD
:1071D800AB5CBB5CB65CBC5CB75CC55CBE5CC75CEE
:1071E800D95CE95CFD5CFA5CED5C8C5DEA5C0B5D8E
:1071F800155D175D5C5D1F5D1B5D115D145D225D96
:107208001A5D195D185D4C5D525D4E5D4B5D6C5DA0
:10721800735D765D875D845D825DA25D9D5DAC5D1D
:10722800AE5DBD5D905DB75DBC5DC95DCD5DD35D97
:10723800D25DD65DDB5DEB5DF25DF55D0B5E1A5EE2
:10724800195E115E1B5E365E375E445E435E405ECD
:107258004E5E575E545E5F5E625E645E475E755E5C
:10726800765E7A5EBC9E7F5EA05EC15EC25EC85ED0
:10727800D05ECF5ED65EE35EDD5EDA5EDB5EE25E4A
:10728800E15EE85EE95EEC5EF15EF35EF05EF45EA0
:10729800F85EFE5E035F095F5D5F5C5F0B5F115F19
:1072A800165F295F2D5F385F415F485F4C5F4E5F17
:1072B8002F5F515F565F575F595F615F6D5F735F07
:1072C800775F835F825F7F5F8A5F885F915F875F99
:1072D8009E5F995F985FA05FA85FAD5FBC5FD65F58
:1072E800FB5FE45FF85FF15FDD5FB360FF5F216024
:1072F80060601960106029600E6031601B60156065
:107308002B6026600F603A605A6041606A6077605F
:107318005F604A6046604D606360436064604260DD
:107328006C606B60596081608D60E76083609A6013
:1073380084609B60966097609260A7608B60E16054
:10734800B860E060D360B460F05FBD60C660B560EF
:10735800D8604D6115610661F660F7600061F46000
:10736800FA6003612161FB60F1600D610E614761A4
:107378003E61286127614A613F613C612C6134614B
:107388003D614261446173617761586159615A6135
:107398006B6174616F61656171615F615D615361AA
:1073A8007561996196618761AC6194619A618A613E
:1073B8009161AB61AE61CC61CA61C961F761C861B5
:1073C800C361C661BA61CB61797FCD61E661E36172
:1073D800F661FA61F461FF61FD61FC61FE610062C2
:1073E800086209620D620C6214621B621E622162ED
:1073F8002A622E6230623262336241624E625E629B
:1074080063625B62606268627C62826289627E62D9
:10741800926293629662D46283629462D762D16206
:10742800BB62CF62FF62C662D464C862DC62CC62AF
:10743800CA62C262C7629B62C9620C63EE62F16291
:10744800276302630863EF62F56250633E634D632E
:107458001C644F6396638E638063AB637663A36338
:107468008F6389639F63B5636B636963BE63E96315
:10747800C063C663E363C963D263F663C463166417
:10748800346406641364266436641D6517642864CE
:107498000F6467646F6476644E642A6595649364C8
:1074A800A564A9648864BC64DA64D264C564C764EA
:1074B800BB64D864C264F164E7640982E064E1648F
:1074C800AC62E364EF642C65F664F464F264FA6415
:1074D8000065FD6418651C650565246523652B65D5
:1074E800346535653765366538654B754865566565
:1074F80055654D6558655E655D657265786582653B
:1075080083658A8B9B659F65AB65B765C365C665F3
:10751800C165C465CC65D265DB65D965E065E165A3
:10752800F16572670A660366FB65736735663666DA
:1075380034661C664F664466496641665E665D66EB
:107548006466676668665F66626670668366886694
:107558008E668966846698669D66C166B966C966E0
:10756800BE66BC66C466B866D666DA66E0663F661E
:10757800E666E966F066F566F7660F6716671E67E2
:107588002667276738972E673F67366741673867EA
:10759800376746675E6760675967636764678967C7
:1075A8007067A9677C676A678C678B67A667A1673E
:1075B8008567B767EF67B467EC67B367E967B8676C
:1075C800E467DE67DD67E267EE67B967CE67C667BF
:1075D800E7679C6A1E684668296840684D68326893
:1075E8004E68B3682B685968636877687F689F68D6
:1075F8008F68AD6894689D689B688368AE6AB9684F
:107608007468B568A068BA680F698D687E68016992
:10761800CA680869D86822692669E1680C69CD6872
:10762800D468E768D568366912690469D768E36879
:107638002569F968E068EF6828692A691A69236981
:107648002169C668796977695C6978696B69546981
:107658007E696E69396974693D695969306961691A
:107668005E695D6981696A69B269AE69D069BF6935
:10767800C169D369BE69CE69E85BCA69DD69BB695E
:10768800C369A7692E6A9169A0699C699569B469FB
:10769800DE69E869026A1B6AFF690A6BF969F269BF
:1076A800E769056AB1691E6AED69146AEB690A6AD5
:1076B800126AC16A236A136A446A0C6A726A366A71
:1076C800786A476A626A596A666A486A386A226AE0
:1076D800906A8D6AA06A846AA26AA36A976A178602
:1076E800BB6AC36AC26AB86AB36AAC6ADE6AD16A3C
:1076F800DF6AAA6ADA6AEA6AFB6A056B1686FA6AB8
:10770800126B166B319B1F6B386B376BDC76396BE2
:10771800EE98476B436B496B506B596B546B5B6BC3
:107728005F6B616B786B796B7F6B806B846B836B42
:107738008D6B986B956B9E6BA46BAA6BAB6BAF6BE9
:10774800B26BB16BB36BB76BBC6BC66BCB6BD36BEC
:10775800DF6BEC6BEB6BF36BEF6BBE9E086C136C23
:10776800146C1B6C246C236C5E6C556C626C6A6CBC
:10777800826C8D6C9A6C816C9B6C7E6C686C736C83
:10778800926C906CC46CF16CD36CBD6CD76CC56C8E
:10779800DD6CAE6CB16CBE6CBA6CDB6CEF6CD96C2A
:1077A800EA6C1F6D4D88366D2B6D3D6D386D196D0A
:1077B800356D336D126D0C6D636D936D646D5A6D1F
:1077C800796D596D8E6D956DE46F856DF96D156EDA
:1077D8000A6EB56DC76DE66DB86DC66DEC6DDE6D84
:1077E800CC6DE86DD26DC56DFA6DD96DE46DD56D52
:1077F800EA6DEE6D2D6E6E6E2E6E196E726E5F6E88
:107808003E6E236E6B6E2B6E766E4D6E1F6E436EE4
:107818003A6E4E6E246EFF6E1D6E386E826EAA6EC4
:10782800986EC96EB76ED36EBD6EAF6EC46EB26E13
:10783800D46ED56E8F6EA56EC26E9F6E416F116F3E
:107848004C70EC6EF86EFE6E3F6FF26E316FEF6E3D
:10785800326FCC6E3E6F136FF76E866F7A6F786FEC
:10786800816F806F6F6F5B6FF36F6D6F826F7C6F6F
:10787800586F8E6F916FC26F666FB36FA36FA16FF2
:10788800A46FB96FC66FAA6FDF6FD56FEC6FD46F37
:10789800D86FF16FEE6FDB6F09700B70FA6F1170B4
:1078A80001700F70FE6F1B701A70746F1D70187066
:1078B8001F7030703E7032705170637099709270A2
:1078C800AF70F170AC70B870B370AE70DF70CB7021
:1078D800DD70D9700971FD701C7119716571557170
:1078E8008871667162714C7156716C718F71FB7120
:1078F80084719571A871AC71D771B971BE71D2716B
:10790800C971D471CE71E071EC71E771F571FC71D8
:10791800F971FF710D7210721B7228722D722C7220
:10792800307232723B723C723F72407246724B72D6
:10793800587274727E7282728172877292729672B3
:10794800A272A772B972B272C372C672C472CE72D0
:10795800D272E272E072E172F972F7720F50177325
:107968000A731C7316731D7334732F73297325736D
:107978003E734E734F73D89E57736A7368737073F0
:10798800787375737B737A73C873B373CE73BB7371
:10799800C073E573EE73DE73A27405746F74257497
:1079A800F87332743A7455743F745F74597441743F
:1079B8005C746974707463746A7476747E748B749E
:1079C8009E74A774CA74CF74D474F173E074E374AA
:1079D800E774E974EE74F274F074F174F874F7747F
:1079E8000475037505750C750E750D75157513758C
:1079F8001E7526752C753C7544754D754A75497507
:107A08005B7546755A756975647567756B756D75BF
:107A1800787576758675877574758A7589758275B2
:107A280094759A759D75A575A375C275B375C3755B
:107A3800B575BD75B875BC75B175CD75CA75D27596
:107A4800D975E375DE75FE75FF75FC750176F07501
:107A5800FA75F275F3750B760D7609761F7627762B
:107A68002076217622762476347630763B764776F1
:107A7800487646765C765876617662766876697678
:107A88006A7667766C7670767276767678767C76B5
:107A98008076837688768B768E76967693769976C8
:107AA8009A76B076B476B876B976BA76C276CD7666
:107AB800D676D276DE76E176E576E776EA762F86B2
:107AC800FB76087707770477297724771E77257759
:107AD80026771B773777387747775A7768776B77C2
:107AE8005B7765777F777E7779778E778B779177F6
:107AF800A0779E77B077B677B977BF77BC77BD7731
:107B0800BB77C777CD77D777DA77DC77E377EE7708
:107B1800FC770C781278267920782A7945788E783F
:107B2800747886787C789A788C78A378B578AA78EF
:107B3800AF78D178C678CB78D478BE78BC78C57859
:107B4800CA78EC78E778DA78FD78F47807791279EA
:107B5800117919792C792B794079607957795F797E
:107B68005A79557953797A797F798A799D79A7797C
:107B78004B9FAA79AE79B379B979BA79C979D579A8
:107B8800E779EC79E179E379087A0D7A187A197A44
:107B9800207A1F7A8079317A3B7A3E7A377A437A2B
:107BA800577A497A617A627A697A9D9F707A797A86
:107BB8007D7A887A977A957A987A967AA97AC87A1D
:107BC800B07AB67AC57AC47ABF7A8390C77ACA7A05
:107BD800CD7ACF7AD57AD37AD97ADA7ADD7AE17A18
:107BE800E27AE67AED7AF07A027B0F7B0A7B067BF3
:107BF800337B187B197B1E7B357B287B367B507B40
:107C08007A7B047B4D7B0B7B4C7B457B757B657B53
:107C1800747B677B707B717B6C7B6E7B9D7B987BB9
:107C28009F7B8D7B9C7B9A7B8B7B927B8F7B5D7B09
:107C3800997BCB7BC17BCC7BCF7BB47BC67BDD7B4D
:107C4800E97B117C147CE67BE57B607C007C077C0F
:107C5800137CF37BF77B177C0D7CF67B237C277CDE
:107C68002A7C1F7C377C2B7C3D7C4C7C437C547C61
:107C78004F7C407C507C587C5F7C647C567C657C67
:107C88006C7C757C837C907CA47CAD7CA27CAB7C7A
:107C9800A17CA87CB37CB27CB17CAE7CB97CBD7C79
:107CA800C07CC57CC27CD87CD27CDC7CE27C3B9BE3
:107CB800EF7CF27CF47CF67CFA7C067D027D1C7DF0
:107CC800157D0A7D457D4B7D2E7D327D3F7D357D41
:107CD800467D737D567D4E7D727D687D6E7D4F7DC0
:107CE800637D937D897D5B7D8F7D7D7D9B7DBA7D69
:107CF800AE7DA37DB57DC77DBD7DAB7D3D7EA27D7F
:107D0800AF7DDC7DB87D9F7DB07DD87DDD7DE47D58
:107D1800DE7DFB7DF27DE17D057E0A7E237E217E70
:107D2800127E317E1F7E097E0B7E227E467E667E17
:107D38003B7E357E397E437E377E327E3A7E677E55
:107D48005D7E567E5E7E597E5A7E797E6A7E697E2B
:107D58007C7E7B7E837ED57D7D7EAE8F7F7E887E9A
:107D6800897E8C7E927E907E937E947E967E8E7E99
:107D78009B7E9C7E387F3A7F457F4C7F4D7F4E7F30
:107D8800507F517F557F547F587F5F7F607F687F2A
:107D9800697F677F787F827F867F837F887F877F01
:107DA8008C7F947F9E7F9D7F9A7FA37FAF7FB27FDA
:107DB800B97FAE7FB67FB87F718BC57FC67FCA7F1C
:107DC800D57FD47FE17FE67FE97FF37FF97FDC9879
:107DD800068004800B801280188019801C80218006
:107DE80028803F803B804A804680528058805A8055
:107DF8005F8062806880738072807080768079800E
:107E08007D807F808480868085809B8093809A8017
:107E1800AD809051AC80DB80E580D980DD80C48066
:107E2800DA80D6800981EF80F1801B812981238146
:107E38002F814B818B9646813E8153815181FC80F5
:107E480071816E81658166817481838188818A816F
:107E580080818281A0819581A481A3815F819381A2
:107E6800A981B081B581BE81B881BD81C081C2813F
:107E7800BA81C981CD81D181D981D881C881DA817E
:107E8800DF81E081E781FA81FB81FE810182028244
:107E9800058207820A820D821082168229822B822D
:107EA800388233824082598258825D825A825F8248
:107EB8006482628268826A826B822E827182778291
:107EC80078827E828D829282AB829F82BB82AC82D4
:107ED800E182E382DF82D282F482F382FA829383A0
:107EE8000383FB82F982DE820683DC820983D982DE
:107EF80035833483168332833183408339835083B7
:107F080045832F832B831783188385839A83AA83BA
:107F18009F83A283968323838E8387838A837C832C
:107F2800B58373837583A0838983A883F4831384BB
:107F3800EB83CE83FD830384D8830B84C183F783CB
:107F48000784E083F2830D8422842084BD833884EF
:107F58000685FB836D842A843C845A8584847784CF
:107F68006B84AD846E848284698446842C846F8497
:107F780079843584CA846284B984BF849F84D9840F
:107F8800CD84BB84DA84D084C184C684D684A18499
:107F98002185FF84F484178518852C851F85158510
:107FA8001485FC844085638558854885418502860B
:107FB8004B8555858085A485888591858A85A88582
:107FC8006D8594859B85EA8587859C8577857E85E3
:107FD8009085C985BA85CF85B985D085D585DD8554
:107FE800E585DC85F9850A8613860B86FE85FA8584
:107FF800068622861A8630863F864D86554E5486DA
:108008005F86678671869386A386A986AA868B86ED
:108018008C86B686AF86C486C686B086C98623880F
:10802800AB86D486DE86E986EC86DF86DB86EF863D
:1080380012870687088700870387FB8611870987C9
:108048000D87F9860A8734873F8737873B872587D7
:1080580029871A8760875F8778874C874E87748758
:10806800578768876E875987538763876A87058824
:10807800A2879F878287AF87CB87BD87C087D08736
:10808800D696AB87C487B387C787C687BB87EF8772
:10809800F287E0870F880D88FE87F687F7870E88B6
:1080A800D2871188168815882288218831883688D1
:1080B800398827883B8844884288528859885E884E
:1080C80062886B8881887E889E8875887D88B58857
:1080D8007288828897889288AE889988A2888D88C5
:1080E800A488B088BF88B188C388C488D488D88851
:1080F800D988DD88F9880289FC88F488E888F288BC
:1081080004890C890A89138943891E8925892A8942
:108118002B89418944893B89368938894C891D894D
:1081280060895E89668964896D896A896F897489BD
:1081380077897E89838988898A8993899889A18999
:10814800A989A689AC89AF89B289BA89BD89BF894D
:10815800C089DA89DC89DD89E789F489F889038AA5
:10816800168A108A0C8A1B8A1D8A258A368A418AB1
:108178005B8A528A468A488A7C8A6D8A6C8A628AB5
:10818800858A828A848AA88AA18A918AA58AA68AE7
:108198009A8AA38AC48ACD8AC28ADA8AEB8AF38A3F
:1081A800E78AE48AF18A148BE08AE28AF78ADE8A0F
:1081B800DB8A0C8B078B1A8BE18A168B108B178B3B
:1081C800208B338BAB97268B2B8B3E8B288B418B4D
:1081D8004C8B4F8B4E8B498B568B5B8B5A8B6B8B97
:1081E8005F8B6C8B6F8B748B7D8B808B8C8B8E8B6A
:1081F800928B938B968B998B9A8B3A8C418C3F8C74
:10820800488C4C8C4E8C508C558C628C6C8C788C39
:108218007A8C828C898C858C8A8C8D8C8E8C948CB3
:108228007C8C988C1D62AD8CAA8CBD8CB28CB38C66
:10823800AE8CB68CC88CC18CE48CE38CDA8CFD8C4B
:10824800FA8CFB8C048D058D0A8D078D0F8D0D8D95
:10825800108D4E9F138DCD8C148D168D678D6D8D61
:10826800718D738D818D998DC28DBE8DBA8DCF8D97
:10827800DA8DD68DCC8DDB8DCB8DEA8DEB8DDF8DB8
:10828800E38DFC8D088E098EFF8D1D8E1E8E108E3F
:108298001F8E428E358E308E348E4A8E478E498E92
:1082A8004C8E508E488E598E648E608E2A8E638EC8
:1082B800558E768E728E7C8E818E878E858E848E7C
:1082C8008B8E8A8E938E918E948E998EAA8EA18E85
:1082D800AC8EB08EC68EB18EBE8EC58EC88ECB8E3D
:1082E800DB8EE38EFC8EFB8EEB8EFE8E0A8F058F67
:1082F800158F128F198F138F1C8F1F8F1B8F0C8F49
:10830800268F338F3B8F398F458F428F3E8F4C8F0F
:10831800498F468F4E8F578F5C8F628F638F648F24
:108328009C8F9F8FA38FAD8FAF8FB78FDA8FE58F1D
:10833800E28FEA8FEF8F8790F48F0590F98FFA8F8D
:108348001190159021900D901E9016900B902790EB
:10835800369035903990F88F4F90509051905290B8
:108368000E9049903E90569058905E9068906F900D
:108378007690A896729082907D90819080908A9055
:1083880089908F90A890AF90B190B590E290E490CA
:108398004862DB90029112911991329130914A9181
:1083A80056915891639165916991739172918B91EE
:1083B80089918291A291AB91AF91AA91B591B49113
:1083C800BA91C091C191C991CB91D091D691DF91C9
:1083D800E191DB91FC91F591F6911E92FF91149237
:1083E8002C92159211925E925792459249926492FC
:1083F800489295923F924B9250929C929692939269
:108408009B925A92CF92B992B792E9920F93FA92AD
:1084180044932E93199322931A9323933A93359363
:108428003B935C9360937C936E935693B093AC9319
:10843800AD939493B993D693D793E893E593D89350
:10844800C393DD93D093C893E4931A94149413942C
:1084580003940794109436942B94359421943A9469
:108468004194529444945B94609462945E946A94A8
:1084780029927094759477947D945A947C947E9400
:1084880081947F94829587958A95949596959895E9
:108498009995A095A895A795AD95BC95BB95B995C7
:1084A800BE95CA95F66FC395CD95CC95D595D495BF
:1084B800D695DC95E195E595E295219628962E9638
:1084C8002F9642964C964F964B9677965C965E966C
:1084D8005D965F96669672966C968D96989695962A
:1084E8009796AA96A796B196B296B096B496B6966F
:1084F800B896B996CE96CB96C996CD964D89DC9608
:108508000D97D596F99604970697089713970E979F
:1085180011970F971697199724972A973097399795
:108528003D973E97449746974897429749975C9757
:108538006097649766976897D2526B977197799707
:1085480085977C9781977A9786978B978F9790973F
:108558009C97A897A697A397B397B497C397C697DE
:10856800C897CB97DC97ED974F9FF297DF7AF697EE
:10857800F5970F980C9838982498219837983D9833
:1085880046984F984B986B986F9870987198749814
:108598007398AA98AF98B198B698C498C398C69893
:1085A800E998EB98039909991299149918992199BE
:1085B8001D991E99249920992C992E993D993E9997
:1085C80042994999459950994B99519952994C9981
:1085D800559997999899A599AD99AE99BC99DF99AC
:1085E800DB99DD99D899D199ED99EE99F199F2999C
:1085F800FB99F899019A0F9A059AE299199A2B9A78
:10860800379A459A429A409A439A3E9A559A4D9A71
:108618005B9A579A5F9A629A659A649A699A6B9A72
:108628006A9AAD9AB09ABC9AC09ACF9AD19AD39ABC
:10863800D49ADE9ADF9AE29AE39AE69AEF9AEB9A4C
:10864800EE9AF49AF19AF79AFB9A069B189B1A9B52
:108658001F9B229B239B259B279B289B299B2A9B0F
:108668002E9B2F9B329B449B439B4F9B4D9B4E9B2A
:10867800519B589B749B939B839B919B969B979B29
:108688009F9BA09BA89BB49BC09BCA9BB99BC69B66
:10869800CF9BD19BD29BE39BE29BE49BD49BE19B2A
:1086A8003A9CF29BF19BF09B159C149C099C139C93
:1086B8000C9C069C089C129C0A9C049C2E9C1B9C4F
:1086C800259C249C219C309C479C329C469C3E9C2B
:1086D8005A9C609C679C769C789CE79CEC9CF09CE0
:1086E800099D089DEB9C039D069D2A9D269DAF9D97
:1086F800239D1F9D449D159D129D419D3F9D3E9D1F
:10870800469D489D5D9D5E9D649D519D509D599DD2
:10871800729D899D879DAB9D6F9D7A9D9A9DA49D15
:10872800A99DB29DC49DC19DBB9DB89DBA9DC69D86
:10873800CF9DC29DD99DD39DF89DE69DED9DEF9D52
:10874800FD9D1A9E1B9E1E9E759E799E7D9E819EF6
:10875800889E8B9E8C9E929E959E919E9D9EA59E88
:10876800A99EB89EAA9EAD9E6197CC9ECE9ECF9E96
:10877800D09ED49EDC9EDE9EDD9EE09EE59EE89E19
:10878800EF9EF49EF69EF79EF99EFB9EFC9EFD9E34
:10879800079F089FB776159F219F2C9F3E9F4A9F52
:1087A800529F549F639F5F9F609F619F669F679FD3
:1087B8006C9F6A9F779F729F769F959F9C9FA09FB3
:1087C8002F58C76959906474DC5199719C4E16559D
:1087D800035A3F96C0541B612863F659229075844A
:1087E8001C83507AAA60E163256EED656684A682D3
:1087F800F59B93682757A16571629B5BD0597B866F
:10880800F498627DBE7D8E9B16629F7CB788895BDB
:10881800B55E096397664868C7958D974F67E54EBB
:108828000A4F4D4F9D4F4950F2563759D459015A66
:10883800095CDF600F61706113660569BA704F7576
:108848007075FB79AD7DEF7DC3800E846388028BE4
:1088580055907A903B53954EA54EDF57B280C19004
:10886800EF78004EF158A26E3890327A28838B82C6
:108878002F9C41517053BD54E154E056FB59155F8C
:10888800F298EB6DE4802D8562967096A096FB9722
:108898000B54F353875BCF70BD7FC28FE8966F533D
:1088A8005C9DBA7A114E9378FC81266E1856045551
:1088B8001D6B1A853B9CE559A953666DDC748F9531
:1088C8004256914E4B90F2964F830C99E153B65510
:1088D800305B715F2066F3660468386CF36C296D51
:1088E8005B74C8764E7A3498F1825B88608AED9220
:1088F800B26DAB75CA76C599A660018B8A8DB295A3
:108908008E69AD538651125730584459B45BF65EA0
:108918002860A963F463BF6C146F8E701471597169
:10892800D5713F73017E7682D182978560905B9284
:108938001B9D6958BC655A6C2575F9512E596559A6
:10894800805FDC5FBC62FA652A6A276BB46B8B7345
:10895800C17F56892C9D0E9DC49EA15C966C7B831D
:1089680004514B5CB661C68176686172594EFA4F04
:1089780078536960296E4F7AF3970B4E1653EE4E73
:10898800554F3D4FA14F734FA052EF5309560F5902
:10899800C15AB65BE15BD17987669C67B6674C6B59
:1089A800B36C6B70C2738D79BE793C7A877BB18268
:1089B800DB8204837783EF83D3836687B28A295661
:1089C800A88CE68F4E901E978A86C44FE85C116289
:1089D80059723B75E581BD82FE86C08CC596139998
:1089E800D599CB4E1A4FE389DE564A58CA58FB5ED2
:1089F800EB5F2A6094606260D0611262D062396570
:108A0800419B6666B068776D70704C758676757D2B
:108A1800A582F9878B958E969D8CF151BE52165979
:108A2800B354B35B165D68618269AF6D8D78CB8492
:108A38005788728AA793B89A6C6DA899D986A35754
:108A4800FF67CE860E92835287560454D35EE16246
:108A5800B9643C683868BB6B7273BA786B7A9A8968
:108A6800D2896B8D038FED90A39594966997665B79
:108A7800B35C7D694D984E989B63207B2B6A7F6A17
:108A8800B6680D9C5F6F72529D557060EC623B6DCD
:108A9800076ED16E5B841089448F144E399CF6534F
:108AA8001B693A6A84972A685C51C37AB284DC915C
:108AB8008C935B56289D226805833184A57C0852D7
:108AC800C582E6747E4E834FA051D25B0A52D852BB
:108AD800E752FB5D9A552A58E6598C5B985BDB5B3D
:108AE800725E795EA3601F616361BE61DB6362656C
:108AF800D1675368FA683E6B536B576C226F976F58
:108B0800456FB0741875E3760B77FF7AA17B217CEB
:108B1800E97D367FF07F9D8066829E83B389CC8A0B
:108B2800AB8C8490519493959195A2956596D39723
:108B380028991882384E2B54B85CCC5DA9734C76B2
:108B48003C77A95CEB7F0B8DC19611985498589887
:108B5800014F0E4F71539C556856FA574759095B98
:108B6800C45B905C0C5E7E5ECC5FEE633A67D76553
:108B7800E2651F67CB68C4685F6A305EC56B176CB7
:108B88007D6C7F754879635B007A007DBD5F8F8956
:108B9800188AB48C778DCC8E1D8FE2980E9A3C9BE8
:108BA800804E7D50005193599C5B2F628062EC642B
:108BB8003A6BA07291754779A97FFB87BC8A708B45
:108BC800AC63CA83A09709540354AB555468586AD8
:108BD800708A27787567CD9E7453A25B1A81508678
:108BE8000690184E454EC74E114FCA533854AE5BC7
:108BF800135F256051653D67426C726CE36C787059
:108C08000374767AAE7A087B1A7DFE7C667DE7650A
:108C18005B72BB53455CE85DD262E0621963206E0B
:108C28005A86318ADD8DF892016FA6795A9BA84E33
:108C3800AB4EAC4E9B4FA04FD1504751F67A715175
:108C4800F651545321537F53EB53AC558358E15C91
:108C5800375F4A5F2F6050606D601F6359654B6ACC
:108C6800C16CC272ED72EF77F880058108824E857B
:108C7800F790E193FF9757995A9AF04EDD512D5C82
:108C880081666D69405CF266756989735068817C9C
:108C9800C550E4524757FE5D2693A465236B3D6B90
:108CA80034748179BD794B7BCA7DB982CC837F8846
:108CB8005F89398BD18FD1911F5480925D4E365088
:108CC800E5533A53D7729673E977E682AF8EC69921
:108CD800C899D29977511A615E86B0557A7A7650DA
:108CE800D35B47908596324EDB6AE791515C485CCE
:108CF80098639F7A936C7497618FAA7A8A71889621
:108D0800827C1768707E51686C93F2521B54AB8555
:108D1800138AA47FCD8EE190665388884179C24F2B
:108D2800BE501152445153552D57EA738B57515920
:108D3800625F845F756076616761A961B2633A6456
:108D48006C656F664268136E66753D7AFB7C4C7D78
:108D5800997D4B7E6B7F0E834A83CD86088A638A12
:108D6800668BFD8E1A988F9DB882CE8FE89B8752AE
:108D78001F628364C06F999641689150206B7A6C2A
:108D8800546F747A507D4088238A0867F64E3950AC
:108D9800265065507C5138526352A7550F570558D5
:108DA800CC5AFA5EB261F861F36272631C69296A8F
:108DB8007D72AC722E7314786F78797D0C77A980E8
:108DC8008B89198BE28CD28E639075937A9655981D
:108DD800139A789E43519F53B3537B5E265F1B6E55
:108DE800906E8473FE73437D3782008AFA8A5096A8
:108DF8004E4E0B50E4537C54FA56D159645BF15DE6
:108E0800AB5E275F38624565AF67566ED072CA7C25
:108E1800B488A180E180F0834E86878AE88D3792F6
:108E2800C7966798139F944E924E0D4F48534954D6
:108E38003E542F5A8C5FA15F9F60A7688E6A5A7450
:108E480081789E8AA48A778B90915E4EC99BA44EA6
:108E58007C4FAF4F1950165049516C519F52B9521F
:108E6800FE529A53E35311540E5489555157A25741
:108E78007D59545B5D5B8F5BE55DE75DF75D785E13
:108E8800835E9A5EB75E185F52604C619762D862E3
:108E9800A7633B6502664366F4666D672168976859
:108EA800CB695F6C2A6D696D2F6E9D6E3275877602
:108EB8006C783F7AE07C057D187D5E7DB17D1580FC
:108EC8000380AF80B18054818F812A8252834C887D
:108ED80061881B8BA28CFC8CCA90759171923F782B
:108EE800FC92A4954D9605989999D89A3B9D5B520A
:108EF800AB52F7530854D558F762E06F6A8C5F8F0E
:108F0800B99E4B513B524A54FD56407A7791609D29
:108F1800D29E4473096F70811175FD5FDA60A89A5B
:108F2800DB72BC8F646B0398CA4EF0566457BE5808
:108F38005A5A6860C7610F6606663968B168F76D86
:108F4800D5753A7D6E82429B9B4E504FC95306554C
:108F58006F5DE65DEE5DFB67996C73740278508A0D
:108F68009693DF885057A75E2B63B550AC508D5150
:108F78000067C9545E58BB59B05B695F4D62A16315
:108F88003D68736B086E7D70C7918072157826787E
:108F98006D798E65307DDC83C188098F9B9664521C
:108FA800285750676A7FA18CB45142572A963A587D
:108FB8008A69B480B2540E5DFC579578FA9D5C4F6F
:108FC8004A528B543E6428661467F567847A567B48
:108FD800227D2F935C68AD9B397B19538A51375298
:108FE800DF5BF662AE64E6642D67BA6BA985D1963D
:108FF8009076D69B4C630693AB9BBF765266094E20
:109008009850C253715CE860926463655F68E6716A
:10901800CA732375977B827E9586838BDB8C7891C8
:109028001099AC65AB668B6BD54ED44E3A4F7F4FDB
:109038003A52F853F253E355DB56EB58CB59C9591A
:10904800FF59505B4D5C025E2B5ED75F1D60076366
:109058002F655C5BAF65BD65E8659D67626B7B6B83
:109068000F6C45734979C179F87C197D2B7DA280F5
:109078000281F38196895E8A698A668A8C8AEE8A79
:10908800C78CDC8CCC96FC986F6B8B4E3C4F8D4F0D
:109098005051575BFA5B486101634266216BCB6EA6
:1090A800BB6C3E72BD74D475C1783A790C8033803C
:1090B800EA8194849E8F506C7F9E0F5F588B2B9D06
:1090C800FA7AF88E8D5BEB96034EF153F7573159C8
:1090D800C95AA45B89607F6E066FBE75EA8C9F5B78
:1090E8000085E07B7250F4679D82615C4A851E7E34
:1090F8000E829951045C6863668D9C656E713E7939
:10910800177D05801D8BCA8E6E90C786AA901F504A
:10911800FA523A5C53677C7035724C91C8912B9324
:10912800E582C25B315FF9603B4ED653885B4B6288
:1091380031678A6BE972E0732E7A6B81A38D529145
:1091480096991251D7536A54FF5B8863396AAC7D8C
:109158000097DA56CE536854975B315CDE5DEE4F6C
:109168000161FE62326DC079CB79427D4D7ED27F3E
:10917800ED811F82908446887289908B748E2F8F20
:1091880031904B916C91C6969C91C04E4F4F455172
:109198004153935F0E62D467416C0B6E6373267EF6
:1091A800CD918392D4531959BF5BD16D5D792E7ED1
:1091B8009B7C7E589F71FA515388F08FCA4FFB5C95
:1091C8002566AC77E37A1C82FF99C651AA5FEC65E5
:1091D8006F69896BF36D966E646FFE76147DE15D41
:1091E800759087910698E6511D5240629166D9663E
:1091F8001A6EB65ED27D727FF866AF85F785F88AFB
:10920800A952D95373598F5E905F5560E492649662
:10921800B7501F51DD5220534753EC53E85446557D
:10922800315517566859BE593C5AB55B065C0F5CF8
:10923800115C1A5C845E8A5EE05E705F7F628462A5
:10924800DB628C63776307660C662D6676667E67DD
:10925800A2681F6A356ABC6C886D096E586E3C71CD
:1092680026716771C77501775D7801796579F0793D
:10927800E07A117BA77C397D9680D6838B844985DB
:109288005D88F3881F8A3C8A548A738A618CDE8CD5
:10929800A49166927E9318949C9698970A4E084ECD
:1092A8001E4E574E97517052CE573458CC58225BA9
:1092B800385EC560FE6461675667446DB672737543
:1092C800637AB884728BB89120933156F457FE981C
:1092D800ED620D69966BED71547E77807282E68936
:1092E800DF985587B18F3B5C384FE14FB54F075535
:1092F800205ADD5BE95BC35F4E612F63B0654B6647
:10930800EE689B69786DF16D3375B9751F775E7975
:10931800E679337DE381AF82AA85AA893A8AAB8E42
:109328009B8F3290DD910797BA4EC14E0352755804
:10933800EC580B5C1A753D5C4E810A8AC58F6396A2
:109348006D97257BCF8A08986291F356A85317909A
:1093580039548257255EA863346C8A7061778B7C98
:10936800E07F708842905491109318938F965E74A2
:10937800C49A075D695D7065A267A88DDB966E6308
:1093880049671969C5831798C096FE88846F7A64FF
:10939800F85B164E2C705D752F66C4513652E2523A
:1093A800D359815F276010623F6574651F667466D4
:1093B800F2681668636B056E72721F75DB76BE7C89
:1093C8005680F058FD887F89A08A938ACB8A1D90A1
:1093D80092915297599789650E7A0681BB962D5EB0
:1093E800DC601A62A56514669067F3774D7A4D7C48
:1093F8003E7E0A81AC8C648DE18D5F8EA978075220
:10940800D962A563426498622D8A837AC07BAC8A4C
:10941800EA96767D0C824987D94E4851435360536A
:10942800A35B025C165CDD5D26624762B06413686C
:109438003468C96C456D176DD3675C6F4E717D716B
:10944800CB657F7AAD7BDA7D4A7EA87F7A811B82E5
:109458003982A6856E8ACE8CF58D78907790AD92FC
:1094680091928395AE9B4D528455386F36716851F1
:109478008579557EB381CE7C4C565158A85CAA6339
:10948800FE66FD665A69D9728F758E750E795679A2
:10949800DF79977C207D447D0786348A3B966190EE
:1094A800209FE7507552CC53E2530950AA55EE5805
:1094B8004F593D728B5B645C1D53E360F3605C63E2
:1094C80083633F63BB63CD64E965F966E35DCD699A
:1094D800FD69156FE571894EE975F876937ADF7C39
:1094E800CF7D9C7D6180498358836C84BC84FB85D7
:1094F800C588708D01906D9097931C97129ACF50E4
:1095080097588E61D3813585088D2090C34F74504C
:10951800475273536F6049635F672C6EB38D1F901A
:10952800D74F5E5CCA8CCF659A7D52539688765128
:10953800C363585B6B5B0A5C0D6451675C90D64EE5
:109548001A592A59706C518A3E551558A559F06018
:109558005362C167358255694096C499289A534F1A
:109568000658FE5B1080B15C2F5E855F20604B6102
:109578003462FF66F06CDE6ECE807F81D4828B8889
:10958800B88C00902E908A96DB9EDB9BE34EF053BE
:1095980027592C7B8D914C98F99DDD6E277053537C
:1095A8004455855B58629E62D362A26CEF6F227449
:1095B800178A3894C16FFE8A3883E751F886EA53D0
:1095C800E953464F5490B08F6A593181FD5DEA7A6C
:1095D800BF8FDA68378CF872489C3D6AB08A394E7A
:1095E800585306566657C562A263E6654E6BE16D31
:1095F8005B6EAD70ED77EF7AAA7BBB7D3D80C68050
:10960800CB86958A5B93E356C7583E5FAD659666F1
:10961800806AB56B3775C78A2450E57730571B5F6A
:1096280065607A66606CF4751A7A6E7FF4811887C3
:109638004590B399C97B5C75F97A517BC4841090C5
:10964800E979927A3683E15A40772D4EF24E995B4A
:10965800E05FBD623C66F167E86C6B8677883B8AA1
:109668004E91F392D099176A26702A73E78257842D
:10967800AF8C014E4651CB518B55F55B165E335E70
:10968800815E145F355F6B5FB45FF2611163A26640
:109698001D676E6F52723A753A7774803981788196
:1096A8007687BF8ADC8A858DF38D9A9277950298A2
:1096B800E59CC5525763F4761567886CCD73C38CE7
:1096C800AE937396256D9C580E69CC69FD8F9A935D
:1096D800DB751A905A580268B463FB69434F2C6FC4
:1096E800D867BB8F2685B47D54933F69706F6A57DE
:1096F800F7582C5B2C7D2A720A54E391B49DAD4E29
:109708004E4F5C50755043529E8C485424589A5B77
:109718001D5E955EAD5EF75E1F5F8C60B5623A6355
:10972800D063AF68406C87788E790B7AE07D47828A
:10973800028AE68A448E1390B8902D91D8910E9F94
:10974800E56C5864E2647565F46E84761B7B6990F9
:10975800D193BA6EF254B95FA4644D8FED8F4492E1
:1097680078516B582959555C975EFB6D8F7E1C7537
:10977800BC8CE28E5B98B9701D4FBF6BB16F3075B2
:10978800FB964E51105435585758AC59605C925F4F
:1097980097655C67216E7B76DF83ED8C1490FD9076
:1097A8004D9325783A78AA52A65E1F5774591260CD
:1097B80012505A51AC51CD51005210555458585866
:1097C8005759955BF65C8B5DBC6095622D6471673B
:1097D8004368BC68DF68D776D86D6F6E9B6D6F7015
:1097E800C871535FD8757779497B547B527BD67C97
:1097F800717D305263846985E4850E8A048B468CBA
:109808000F8E03900F90199476962D98309AD895CC
:10981800CD50D5520C5402580E5CA7619E641E6D43
:10982800B377E57AF480048453908592E05C079DD1
:109838003F53975FB35F9C6D79726377BF79E47B21
:10984800D26BEC72AD8A0368616AF851817A346927
:109858004A5CF69CEB82C55B49911E7078566F5C3A
:10986800C76066658C6C5A8C419013985154C766D2
:109878000D924859A39085514D4EEA5199850E8B0A
:1098880058707A634B936269B499047E777557531D
:109898006069DF8EE3965D6C8C4E3C5C105FE98FEF
:1098A8000253D18C89807986FF5EE565734E6551D8
:1098B80082593F5CEE97FB4E8A59CD5F8D8AE16FE6
:1098C800B0796279E75B71842B73B171745EF55F6F
:1098D8007B639A64C371987C434EFC5E4B4EDC57A5
:1098E800A256A960C36F0D7DFD803381BF81B28F01
:1098F8009789A486F45D8A62AD6487897767E26C8C
:109908003E6D36743478465A757FAD82AC99F34F04
:10991800C35EDD62926357656F67C3764C72CC8015
:10992800BA80298F4D910D50F957925A85687369FD
:109938006471FD72B78CF258E08C6A9619907F8733
:10994800E479E77729842F4F65525A53CD62CF6760
:10995800CA6C7D76947B957C36828485EB8FDD6638
:10996800206F06721B7EAB83C199A69EFD51B17B09
:109978007278B87B8780487BE86A615E8C80517515
:1099880060756B5162928C6E7A769791EA9A104F55
:10999800707F9C624F7BA595E99C7A565958E4865E
:1099A800BC96344F24524A53CD53DB53065E2C6485
:1099B80091657F673E6C4E6C4872AF72ED7354755B
:1099C800417E2C82E985A98CC47BC6916971129865
:1099D800EF983D6369666A75E476D0784385EE86CC
:1099E8002A53515326548359875E7C5FB26049627B
:1099F8007962AB629065D46BCC6CB275AE769178B7
:109A0800D879CB7D777FA580AB88B98ABB8C7F90CE
:109A18005E97DB980B6A387C99503E5CAE5F87672F
:109A2800D86B357409778E7F3B9FCA67177A39538D
:109A38008B75ED9A665F9D81F18398803C5FC55F69
:109A48006275467B3C906768EB599B5A107D7E7621
:109A58002C8BF54F6A5F196A376C026FE27468796C
:109A68006888558A798CDF5ECF63C575D279D782CD
:109A78002893F2929C84ED862D9CC1546C5F8C6572
:109A88005C6D1570A78CD38C3B984F65F6740D4EA2
:109A9800D84EE0572B59665ACC5BA851035E9C5EA2
:109AA800166076627765A7656E666E6D3672267B80
:109AB80050819A8199825C8BA08CE68C748D1C965F
:109AC8004496AE4FAB64666B1E8261846A85E890EB
:109AD800015C5369A8987A8457850F4F6F52A95F24
:109AE800455E0D678F79798107898689F56D175FDE
:109AF8005562B86CCF4E6972929B06523B547456AD
:109B0800B358A4616E621A716E59897CDE7C1B7D24
:109B1800F09687655E80194E754F75514058635EA3
:109B2800735E0A5FC467264E3D8589955B96737C94
:109B38000198FB50C1585676A7782552A57711850C
:109B4800867B4F5009594772C77BE87DBA8FD48FFF
:109B58004D90BF4FC952295A015FAD97DD4F17820B
:109B6800EA9203575563696B2B75DC88148F427A28
:109B7800DF52935855610A62AE66CD6B3F7CE9832C
:109B88002350F84F05534654315849599D5BF05CB2
:109B9800EF5C295D965EB16267633E65B9650B67E8
:109BA800D56CE16CF97032782B7EDE80B3820C8440
:109BB800EC84028712892A8A4A8CA690D292FD9850
:109BC800F39C6C9D4F4EA14E8D5056524A57A85942
:109BD8003D5ED85FD95F3F62B4661B67D067D268C5
:109BE8009251217DAA80A881008B8C8CBF8C7E929B
:109BF800329620542C981753D5505C53A858B26409
:109C0800346767726677467AE691C352A16C866BB1
:109C180000584C5E54592C67FB7FE151C676696445
:109C2800E878549BBB9ECB57B95927669A67CE6B89
:109C3800E954D969555E9C819567AA9BFE67529C39
:109C48005D68A64EE34FC853B9622B67AB6CC48FEF
:109C5800AD4F6D7EBF9E074E6261806E2B6F138580
:109C680073542A67459BF35D957BAC5CC65B1C8788
:109C78004A6ED184147A088199598D7C116C2077A9
:109C8800D952225921715F72DB772797619D0B6941
:109C98007F5A185AA5510D547D540E66DF76F78FFA
:109CA8009892F49CEA595D72C56E4D51C968BF7DA2
:109CB800EC7D6297BA9E7864216A028384595F5B5F
:109CC800DB6B1B73F276B27D17809984325128675B
:109CD800D99EEE766267FF520599245C3B627E7CD2
:109CE800B08C4F55B6600B7D809501535F4EB651D1
:109CF8001C593A723680CE91255FE2778453795F9A
:109D0800047DAC85338A8D8E5697F367AE85539460
:109D180009610861B96C5276ED8A388F2F55514F19
:109D28002A51C752CB53A55B7D5EA0608261D66382
:109D38000967DA67676E8C6D3673377331755079DA
:109D4800D588988A4A909190F590C4968D87155930
:109D5800884E594F0E4E898A3F8F1098AD507C5EC1
:109D68009659B95BB85EDA63FA63C164DC664A691E
:109D7800D8690B6DB66E94712875AF7A8A7F0080AA
:109D88004984C9848189218B0A8E65907D960A99B8
:109D98007E619162326B836C746DCC7FFC7FC06D89
:109DA800857FBA87F8886567B1833C98F7961B6DFD
:109DB800617D3D846A91714E7553505D046BEB6F04
:109DC800CD852D86A78929520F54655C4E67A868F2
:109DD80006748374E275CF88E188CC91E296789610
:109DE8008B5F8773CB7A4E84A06365758952416D0A
:109DF8009C6E097459756B78927C8696DC7A8D9F77
:109E0800B64F6E61C5655C86864EAE4EDA50214E01
:109E1800CC51EE5B99658168BC6D1F734276AD7756
:109E28001C7AE77C6F82D28A7C90CF9175961898BD
:109E38009B52D17D2B5098539767CB6DD07133745B
:109E4800E8812A8FA396579C9F9E60744158996D0C
:109E58002F7D5E98E44E364F8B4FB751B152BA5DA5
:109E68001C60B2733C79D3823492B796F6960A97FF
:109E7800979E629FA666746B1752A352C870C288D9
:109E8800C95E4B609061236F49713E7CF47D6F80A1
:109E9800EE8423902C9342546F9BD36A8970C28CB2
:109EA800EF8D3297B452415ACA5E045F17677C69D6
:109EB80094696A6D0F6F6272FC72ED7B01807E801F
:109EC8004B87CE906D51939E84798B803293D68A3E
:109ED8002D508C54718A6A6BC48C0781D160A0673D
:109EE800F29D994E984E109C6B8AC18568850069D1
:109EF8007E6E977855810000002502250C251025D7
:109F0800182514251C252C25242534253C25012518
:109F180003250F2513251B251725232533252B2539
:109F28003B254B2520252F25282537253F251D2571
:109F38003025252538254225100411041204130460
:109F480014041504010416041704180419041A0447
:109F58001B041C041D041E041F04200421042204E5
:109F680023042404250426042704280429042A0495
:109F78002B042C042D042E042F04000000000000E4
:109F880000000000000000000000000000000000C9
:109F980000000000000000003004310432043304E3
:109FA80034043504510436043704380439043A04B7
:109FB8003B043C043D043E043F0440044104420485
:109FC80043044404450446044704480449044A0435
:109FD8004B044C044D044E044F04000091039203BB
:109FE80093039403950396039703980399039A039D
:109FF8009B039C039D039E039F03A003A103A3034C
:10A00800A403A503A603A703A803A903000000004F
:10A01800000000000000000000000000B103B203CF
:10A02800B303B403B503B603B703B803B903BA035C
:10A03800BB03BC03BD03BE03BF03C003C103C3030B
:10A04800C403C503C603C703C803C903000000004F
:10A0580000000000000000000000000101010101F3
:10A0680001010101010000000000000001010101DF
:10A0780001010101010101010101010101010101C8
:10A0880001010101010100000000000000010101BF
:10A0980001010101010101010101010101010101A8
:10A0A8000101010101010100C625A125A025B32553
:10A0B800B225BD25BC253B2012309221902191214B
:10A0C8009321133000000000000000000000000091
:10A0D8000000000000000000000008220B22862279
:10A0E8008722822283222A222922000000000000DF
:10A0F8000000000000000000000027222822AC0019
:10A10800D221D421002203222922000000000000CD
:10A1180000000000000000000000000000002022F5
:10A12800A522122302220722612252226A226B22CE
:10A138001A223D221D2235222B222C22000000004B
:10A14800000000000000000000002B2130206F26D6
:10A158006D266A2620202120B6002C22000000004F
:10A168000000EF250030013002300CFF0EFFFB30FD
:10A178001AFF1BFF1FFF01FF9B309C30B40040FFFC
:10A18800A8003EFF3E203FFFFD30FE309D309E3050
:10A198000330DD4E053006300730FC301420102027
:10A1A8000FFF3CFF1C3016205CFF262025201820BE
:10A1B80019201C201D2008FF09FF143015303BFF13
:10A1C8003DFF5BFF5DFF083009300A300B300C3073
:10A1D8000D300E300F30103011300BFF1222B1004D
:10A1E800D700F7001DFF60221CFF1EFF66226722B2
:10A1F8001E22342242264026B0003220332003217A
:10A20800A50004FFA200A30005FF03FF06FF0AFF45
:10A2180020FFA70006260526CB25CF25CE25C72556
:10A228000000000000000000000000000000000026
:10A238000000000000000000000000000000000016
:10A248000000000000000000000000000000000006
:10A258001011121314151617181900000000000029
:10A26800001A1B1C1D1E1F0000000000000000003B
:10A2780000000000000000000000000000000000D6
:10A28800001A1B1C1D1E1F0000000000000000001B
:10A2980000000000000000000000000000000000B6
:10A2A80000000000000000000000000000000000A6
:10A2B8000000000000000000000000000000000096
:10A2C8000000000000000000000000000000000086
:10A2D8000000000000000000000000000000000076
:10A2E8000000000000000000000000000000000066
:10A2F8000000000000000000000000000000000056
:10A308000000000000000000000000000000000045
:10A318000000000000000000000000000000000035
:10A3280005000000190000007D000000000000008A
:10A338000080E03779C34143176E05B5B5B8934639
:10A34800F5F93FE9034F384D321D30F94877825A05
:10A358003CBF737FDD4F1575000000000000F03F23
:10A3680000000000000024400000000000005940E8
:10A378000000000000408F40000000000088C3403B
:10A3880000000000006AF8400000000080842E41B0
:10A3980000000000D01263410000000084D79741FC
:10A3A8000000000065CDCD41000000205FA0024202
:10A3B800000000E876483742000000A2941A6D4277
:10A3C800000040E59C30A2420000901EC4BCD6426A
:10A3D80000003426F56B0C430080E03779C3414315
:10A3E80000A0D8855734764300C84E676DC1AB438B
:10A3F800003D9160E458E143408CB5781DAF1544A9
:10A4080050EFE2D6E41A4B4492D54D06CFF0804483
:10A41800F64AE1C7022DB544B49DD9794378EA4498
:10A42800000000001F001C20000000001421000094
:10A438000200162400000000142500000200152860
:10A4480000000000112900000000142A000000008C
:10A45800182B00000000142C00000000102D000034
:10A468000000142E000001000C3000000900143A0E
:10A4780000000100183C00000200143F0000010029
:10A48800034100001900155B00000000145C000087
:10A498000000115D00000000175E000000000F5F63
:10A4A80000000000176000000000036100001900B0
:10A4B800157B00000000187C00000000117D0000E2
:10A4C8000000187E00000000007F000020001CA093
:10A4D8000000000014A10000000016A20000030004
:10A4E80019A60000000014A70000000017A800002B
:10A4F800000019A90000000006AA0000000013AB24
:10A508000000000018AC0000000001AD00000000D1
:10A5180019AE0000000017AF0000000019B00000DD
:10A52800000018B1000000000EB20000010017B4CE
:10A538000000000003B50000000014B60000010090
:10A5480017B8000000000EB90000000006BA0000AD
:10A55800000012BB000000000EBC0000020014BF87
:10A568000000000003C00000160018D7000000001B
:10A5780003D80000060004DF0000000003E000002C
:10A58800160018F70000000003F800003F00043828
:10A5980001000000033901000F0004490100000018
:10A5A800034A01004200048D01000000038E0100EF
:10A5B8001B0004AA0100010003AC01000D0004BA4D
:10A5C8000100000006BB0100000003BC01000100FF
:10A5D80004BE0100000003BF0100000006C0010026
:10A5E800030003C40100000007C50100000003C602
:10A5F8000100010007C80100000003C901000100B3
:10A6080007CB0100000003CC0100230004F0010087
:10A61800000003F10100000007F20100000003F34D
:10A6280001002D0004210200000003220200110095
:10A63800043402000500033A02001A00045502001F
:10A6480000000356020001000458020000000359EC
:10A6580002000000045A02000000035B020001002F
:10A66800045D0200020003600200010004620200AF
:10A67800000003630200030004670200000003688F
:10A6880002000400046D02000100036F02000000D4
:10A69800047002000000037102000100047302004C
:10A6A8000100037502000000047602000600037D25
:10A6B80002000000047E0200010003800200000086
:10A6C80004810200000003820200010004840200E9
:10A6D8000200038702000500048D020004000392B3
:10A6E800020000000493020000000694020001002A
:10A6F800049602000600039D02000100049F020068
:10A70800100005B00200110017C20200030005C6C0
:10A7180002000B0017D202000D0005E00200040041
:10A7280017E50200060005EC0200000017ED020024
:10A73800000005EE0200000017EF020010000B00F9
:10A7480003006F000370030003000574030000009A
:10A75800177503000000037603000100057A030063
:10A768000000037B03000200147E03000000037F47
:10A7780003000000178403000100038603000000A3
:10A78800148703000000038803000200038C030001
:10A798000000038E030001000490030000000391F1
:10A7A8000300100003A303000C0004B00300000022
:10A7B80003B10300200008D20300020003D5030000
:10A7C800200018F60300000003F70300040004FC4F
:10A7D8000300000003FD0300840019820400000048
:10A7E8000B83040004000A8804000100038A0400A3
:10A7F800A500033105002500055905000000145A7D
:10A80800050005000460050000000361050025003F
:10A81800048705000100148905000000108A05005E
:10A828000000198D05000100168F050000000B912E
:10A8380005002C0010BE050000000BBF050000003D
:10A8480014C0050000000BC10500010014C3050079
:10A8580000000BC40500010014C6050000000BC76A
:10A868000500000006D005001A0006EF05000300E9
:10A8780014F3050001000100060005001806060093
:10A888000200140906000100160B06000000140C53
:10A8980006000100190E060001000B1006000A0050
:10A8A800141B06000000011C06000000141D060011
:10A8B8000200062006001F000540060000000641B1
:10A8C800060009000B4B060014000C600600090086
:10A8D800146A06000300066E060001000B700600ED
:10A8E800000006710600620014D40600000006D5B8
:10A8F800060000000BD60600060001DD0600000079
:10A9080019DE060000000BDF0600050005E506005D
:10A9180001000BE70600010019E9060000000BEA38
:10A928000600030006EE060001000CF00600090010
:10A9380006FA0600020019FD0600010006FF0600DF
:10A948000000140007000D00010F070000000610AA
:10A95800070000000B1107000000061207001D0089
:10A968000B3007001A00064D070058000BA6070019
:10A978000A0006B1070000000CC00700090006CA5B
:10A98800070020000BEB0700080005F40700010092
:10A9980019F60700000014F70700020005FA07007F
:10A9A80000000BFD0700000016FE0700010006006E
:10A9B800080015000B1608000300051A080000001F
:10A9C8000B1B080008000524080000000B250800E0
:10A9D80002000528080000000B29080004001430B4
:10A9E80008000E000640080018000B590800020075
:10A9F800145E08000000066008000A0006700800DF
:10AA08001700178808000000068908000600019052
:10AA1800080001000B970800080006A0080028009D
:10AA280005C9080000000BCA0800170001E2080069
:10AA380000000BE308001F000903090000000604DA
:10AA4800090035000B3A09000000093B0900000025
:10AA58000B3C09000000063D09000000093E090002
:10AA680002000B41090007000949090003000B4DCA
:10AA780009000000094E0900010006500900000005
:10AA88000B51090006000658090009000B6209006D
:10AA980001001464090001000C6609000900147023
:10AAA80009000000057109000000067209000E0087
:10AAB8000B810900000009820900010006850900D0
:10AAC8000700068F0900010006930900150006AA71
:10AAD8000900060006B20900000006B609000300D6
:10AAE8000BBC0900000006BD0900000009BE0900F2
:10AAF80002000BC10900030009C70900010009CBC6
:10AB0800090001000BCD0900000006CE0900000075
:10AB180009D70900000006DC0900010006DF09006A
:10AB280002000BE2090001000CE60900090006F02A
:10AB38000900010016F2090001000EF409000500E1
:10AB480019FA0900000016FB0900000006FC0900BC
:10AB5800000014FD090000000BFE090000000B01B5
:10AB68000A00010009030A00000006050A000500A2
:10AB7800060F0A00010006130A001500062A0A003B
:10AB8800060006320A00010006350A0001000638F0
:10AB98000A0001000B3C0A000000093E0A000200FE
:10ABA8000B410A0001000B470A0001000B4B0A0089
:10ABB80002000B510A00000006590A000300065E55
:10ABC8000A0000000C660A0009000B700A00010068
:10ABD80006720A0002000B750A00000014760A00CB
:10ABE80000000B810A00010009830A0000000685A5
:10ABF8000A000800068F0A00020006930A001500E2
:10AC080006AA0A00060006B20A00010006B50A00F4
:10AC180004000BBC0A00000006BD0A00000009BEC3
:10AC28000A0002000BC10A0004000BC70A00010059
:10AC380009C90A00000009CB0A0001000BCD0A006F
:10AC4800000006D00A00000006E00A0001000BE23E
:10AC58000A0001000CE60A00090014F00A000000CE
:10AC680016F10A00000006F90A0000000BFA0A00B3
:10AC780005000B010B00000009020B00010006058E
:10AC88000B000700060F0B00010006130B00150050
:10AC9800062A0B00060006320B00010006350B00E1
:10ACA80004000B3C0B000000063D0B000000093EB1
:10ACB8000B0000000B3F0B00000009400B000000D8
:10ACC8000B410B00030009470B000100094B0B0067
:10ACD80001000B4D0B0000000B550B00010009573C
:10ACE8000B000000065C0B000100065F0B00020071
:10ACF8000B620B0001000C660B00090019700B00B9
:10AD0800000006710B0000000E720B0005000B829C
:10AD18000B00000006830B00000006850B000500F1
:10AD2800068E0B00020006920B00030006990B002A
:10AD38000100069C0B000000069E0B00010006A304
:10AD48000B00010006A80B00020006AE0B000B006A
:10AD580009BE0B0001000BC00B00000009C10B006D
:10AD6800010009C60B00020009CA0B0002000BCD46
:10AD78000B00000006D00B00000009D70B000000F4
:10AD88000CE60B0009000EF00B00020019F30B0093
:10AD9800050016F90B00000019FA0B0000000B0063
:10ADA8000C00000009010C0002000B040C0000005C
:10ADB80006050C000700060E0C00020006120C0027
:10ADC8001600062A0C000F000B3C0C000000063D84
:10ADD8000C0000000B3E0C00020009410C000300AF
:10ADE8000B460C0002000B4A0C0003000B550C002C
:10ADF800010006580C000200065C0C000100066009
:10AE08000C0001000B620C0001000C660C0009002C
:10AE180014770C0000000E780C000600197F0C0057
:10AE2800000006800C0000000B810C000000098265
:10AE38000C00010014840C00000006850C000700BB
:10AE4800068E0C00020006920C00160006AA0C00E2
:10AE5800090006B50C0004000BBC0C00000006BD80
:10AE68000C00000009BE0C0000000BBF0C00000025
:10AE780009C00C0004000BC60C00000009C70C0038
:10AE8800010009CA0C0001000BCC0C00010009D517
:10AE98000C00010006DC0C00020006E00C000100BA
:10AEA8000BE20C0001000CE60C00090006F10C0096
:10AEB800010009F30C0000000B000D00010009025D
:10AEC8000D00010006040D000800060E0D0002002A
:10AED80006120D0028000B3B0D000100063D0D0079
:10AEE8000000093E0D0002000B410D000300094659
:10AEF8000D000200094A0D0002000B4D0D00000074
:10AF0800064E0D000000194F0D00000006540D00FC
:10AF1800020009570D0000000E580D000600065FDC
:10AF28000D0002000B620D0001000C660D00090007
:10AF38000E700D00080019790D000000067A0D004A
:10AF480005000B810D00000009820D000100068537
:10AF58000D001100069A0D00170006B30D00080039
:10AF680006BD0D00000006C00D0006000BCA0D004E
:10AF7800000009CF0D0002000BD20D0002000BD615
:10AF88000D00000009D80D0007000CE60D000900AF
:10AF980009F20D00010014F40D00000006010E0076
:10AFA8002F000B310E00000006320E0001000B349A
:10AFB8000E000600163F0E00000006400E000500B9
:10AFC80005460E0000000B470E000700144F0E0048
:10AFD80000000C500E000900145A0E0001000681F2
:10AFE8000E00010006840E00000006860E00040014
:10AFF800068C0E00170006A50E00000006A70E001E
:10B0080009000BB10E00000006B20E0001000BB4DF
:10B018000E00080006BD0E00000006C00E00040069
:10B0280005C60E0000000BC80E0006000CD00E006E
:10B03800090006DC0E00030006000F0000001901DD
:10B048000F00020014040F000E0019130F00000077
:10B0580014140F00000019150F0002000B180F0040
:10B068000100191A0F0005000C200F0009000E2A14
:10B078000F00090019340F0000000B350F00000005
:10B0880019360F0000000B370F00000019380F00A9
:10B0980000000B390F000000153A0F000000113BAB
:10B0A8000F000000153C0F000000113D0F000000CC
:10B0B800093E0F00010006400F00070006490F0077
:10B0C80023000B710F000D00097F0F0000000B809B
:10B0D8000F00040014850F0000000B860F0001000C
:10B0E80006880F0004000B8D0F000A000B990F0053
:10B0F800230019BE0F0007000BC60F00000019C778
:10B108000F00050019CE0F00010014D00F00040035
:10B1180019D50F00030014D90F0001000600100014
:10B128002A00092B100001000B2D10000300093123
:10B13800100000000B321000050009381000000054
:10B148000B3910000100093B100001000B3D1000F5
:10B158000100063F100000000C4010000900144ACE
:10B1680010000500065010000500095610000100E7
:10B178000B5810000100065A100003000B5E100067
:10B188000200066110000000096210000200066556
:10B1980010000100096710000600066E100002008A
:10B1A8000B7110000300067510000C000B821000D4
:10B1B80000000983100001000B85100001000987B9
:10B1C800100005000B8D10000000068E1000000016
:10B1D800098F100000000C9010000900099A100057
:10B1E80002000B9D10000000199E1000010003A032
:10B1F8001000250003C71000000003CD1000000058
:10B2080003D010002A0014FB1000000005FC1000F9
:10B21800000003FD10000200060011004801064A64
:10B228001200030006501200060006581200000023
:10B23800065A12000300066012002800068A12004F
:10B24800030006901200200006B21200030006B8A0
:10B258001200060006C01200000006C21200030019
:10B2680006C812000E0006D8120038000612130095
:10B2780003000618130042000B5D1300020014605F
:10B28800130008000E6913001300068013000F0056
:10B2980019901300090003A01300550003F81300C8
:10B2A8000500100014000000060114006B02196D5F
:10B2B80016000000146E16000000066F160010003D
:10B2C8001C8016000000068116001900159B160048
:10B2D8000000119C1600000006A016004A0014EB9E
:10B2E800160002000DEE1600020006F11600070017
:10B2F8000600170011000B121700020009151700AD
:10B308000000061F170012000B3217000100093455
:10B31800170000001435170001000640170011003F
:10B328000B5217000100066017000C00066E17008C
:10B3380002000B72170001000680170033000BB4DF
:10B348001700010009B6170000000BB71700060028
:10B3580009BE170007000BC61700000009C7170031
:10B3680001000BC917000A0014D41700020005D702
:10B378001700000014D81700020016DB17000000A1
:10B3880006DC170000000BDD170000000CE01700BA
:10B3980009000EF017000900140018000500100637
:10B3A800180000001407180003000B0B1800020017
:10B3B800010E180000000B0F180000000C101800F8
:10B3C8000900062018002200054318000000064462
:10B3D800180034000680180004000B8518000100CE
:10B3E8000687180021000BA91800000006AA1800FB
:10B3F800000006B018004500060019001E000B20CA
:10B40800190002000923190003000B271900010085
:10B418000929190002000930190001000B3219002E
:10B4280000000933190005000B3919000200194002
:10B43800190000001444190001000C461900090005
:10B44800065019001D000670190004000680190036
:10B458002B0006B0190019000CD0190009000EDAEB
:10B468001900000019DE1900210006001A00160054
:10B478000B171A00010009191A0001000B1B1A000A
:10B488000000141E1A00010006201A003400095595
:10B498001A0000000B561A00000009571A00000095
:10B4A8000B581A0006000B601A00000009611A0008
:10B4B80000000B621A00000009631A0001000B6506
:10B4C8001A000700096D1A0005000B731A0009001D
:10B4D8000B7F1A0000000C801A0009000C901A005B
:10B4E800090014A01A00060005A71A00000014A8F5
:10B4F8001A0005000BB01A000D000ABE1A00000061
:10B508000BBF1A001E000BE01A000B000B001B00FB
:10B51800030009041B00000006051B002E000B3465
:10B528001B00000009351B0000000B361B0004003F
:10B53800093B1B0000000B3C1B000000093D1B00E1
:10B5480004000B421B00000009431B0001000645D4
:10B558001B000700144E1B0001000C501B000900C3
:10B56800145A1B00060019611B0009000B6B1B0015
:10B57800080019741B000800147D1B0002000B80D2
:10B588001B00010009821B00000006831B001D0030
:10B5980009A11B0000000BA21B00030009A61B0049
:10B5A80001000BA81B00010009AA1B0000000BAB3F
:10B5B8001B00020006AE1B0001000CB01B000900B6
:10B5C80006BA1B002B000BE61B00000009E71B0056
:10B5D80000000BE81B00010009EA1B0002000BED4C
:10B5E8001B00000009EE1B0000000BEF1B0002000F
:10B5F80009F21B00010014FC1B00030006001C00DC
:10B60800230009241C0007000B2C1C000700093428
:10B618001C0001000B361C000100143B1C00040038
:10B628000C401C000900064D1C0002000C501C00B8
:10B638000900065A1C001D0005781C000500147E30
:10B648001C00010003801C000A0003901C002A0053
:10B6580003BD1C00020014C01C0007000BD01C0016
:10B66800020014D31C0000000BD41C000C0009E1DC
:10B678001C0000000BE21C00060006E91C00030089
:10B688000BED1C00000006EE1C0005000BF41C006E
:10B69800000006F51C00010009F71C0000000BF86B
:10B6A8001C00010006FA1C00000004001D002B000D
:10B6B800052C1D003E00046B1D000C0005781D00C4
:10B6C800000003791D000000047A1D000200037DBC
:10B6D8001D000000047E1D000F00038E1D000000E9
:10B6E800048F1D000B00059B1D0024000BC01D00CE
:10B6F8003F0003001E00950004961E000400039BF3
:10B708001E000000049C1E000100039E1E00000095
:10B71800049F1E00000003A01E00750003181F00F0
:10B72800050003201F00250003481F0005000450E2
:10B738001F00000003511F00000004521F000000FA
:10B7480003531F00000004541F00000003551F008E
:10B75800000004561F00000003571F000000035993
:10B768001F000000035B1F000000035D1F000000B6
:10B77800035F1F001E0003801F00070007881F00CB
:10B78800070003901F00070007981F00070003A089
:10B798001F00070007A81F00070003B01F000100D3
:10B7A80004B21F00000003B31F00000004B41F0010
:10B7B800000004B61F00010003B81F00030007BC07
:10B7C8001F00000017BD1F00000003BE1F0000007F
:10B7D80017BF1F00020004C21F00000003C31F00A0
:10B7E800000004C41F00000004C61F00010003C8B5
:10B7F8001F00030007CC1F00000017CD1F00020028
:10B8080003D01F00010004D21F00010004D61F004E
:10B81800010003D81F00030017DD1F00020003E02A
:10B828001F00010004E21F00020003E51F000000E2
:10B8380004E61F00010003E81F00040017ED1F00C5
:10B84800020004F21F00000003F31F00000004F4CC
:10B858001F00000004F61F00010003F81F0003008A
:10B8680007FC1F00000017FD1F0001001C0020003E
:10B878000A00010B20000400101020000500141617
:10B8880020000100131820000000121920000000F9
:10B89800151A20000000131B20000100121D2000B3
:10B8A8000000151E20000000131F200000001420B7
:10B8B800200007001A28200000001B292000000093
:10B8C800012A200004001C2F200000001430200052
:10B8D8000800133920000000123A20000000143B31
:10B8E800200003000F3F2000010014412000020047
:10B8F80018442000000015452000000011462000D3
:10B908000000144720000A001852200000001453B9
:10B91800200000000F5420000000145520000900EA
:10B928001C5F200000000160200004000166200068
:10B9380009000E70200000000571200000000E7440
:10B9480020000500187A20000200157D2000000064
:10B95800117E20000000057F200000000E802000DE
:10B968000900188A20000200158D20000000118EA1
:10B9780020000000059020000C0016A020002100E7
:10B988000BD020000C000ADD200003000BE1200092
:10B9980000000AE2200002000BE520000B0019005D
:10B9A8002100010008022100000019032100030002
:10B9B800080721000000190821000100040A2100DD
:10B9C8000000080B21000200040E210001000810ED
:10B9D80021000200041321000000191421000000B6
:10B9E800081521000000191621000100181821006F
:10B9F8000000081921000400191E21000500082470
:10BA08002100000019252100000003262100000064
:10BA18001927210000000828210000001929210009
:10BA28000000032A21000100082C21000100192E22
:10BA380021000000042F210000000830210001002F
:10BA480003322100000008332100000004342100E3
:10BA58000000063521000300043921000000193ACE
:10BA680021000100043C21000100083E21000100E2
:10BA78001840210004000845210000000446210068
:10BA88000300194A21000000184B21000000194C3E
:10BA980021000100034E21000000194F2100000081
:10BAA8000E5021000F000D602100220003832100A9
:10BAB80001000D85210003000E8921000000198A6C
:10BAC80021000100189021000400199521000400AC
:10BAD800189A21000100199C2100030018A02100D8
:10BAE800000019A12100010018A32100000019A4D9
:10BAF8002100010018A62100000019A72100060056
:10BB080018AE2100000019AF21001E0018CE210038
:10BB1800010019D02100010018D22100000019D31A
:10BB28002100000018D42100000019D521001E00B2
:10BB380018F421000B011900230007001508230041
:10BB48000000110923000000150A23000000110B52
:10BB580023000000190C2300130018202300010003
:10BB6800192223000600152923000000112A2300AA
:10BB78000000192B23005000187C23000000197DB9
:10BB880023001D00189B2300180019B42300270068
:10BB980018DC2300050019E223004700194024009F
:10BBA8000A000E6024003B00199C24004D000EEA98
:10BBB8002400150019002500B60018B7250000005C
:10BBC80019B82500080018C12500000019C2250071
:10BBD800350018F825000700190026006E00186FB8
:10BBE8002600000019702600F700156827000000DD
:10BBF800116927000000156A27000000116B270053
:10BC08000000156C27000000116D27000000156E5C
:10BC180027000000116F27000000157027000000A2
:10BC2800117127000000157227000000117327000A
:10BC380000001574270000001175270000000E761B
:10BC480027001D00199427002B0018C027000400A6
:10BC580015C52700000011C62700000018C72700D7
:10BC68001E0015E62700000011E72700000015E870
:10BC78002700000011E92700000015EA270000004E
:10BC880011EB2700000015EC2700000011ED27003C
:10BC9800000015EE2700000011EF2700000018F043
:10BCA80027000F0019002800FF0018002900820053
:10BCB800158329000000118429000000158529003A
:10BCC800000011862900000015872900000011884E
:10BCD80029000000158929000000118A29000000A8
:10BCE800158B29000000118C29000000158D2900F2
:10BCF8000000118E29000000158F29000000119006
:10BD08002900000015912900000011922900000067
:10BD180015932900000011942900000015952900A9
:10BD280000001196290000001597290000001198BD
:10BD380029000000189929003E0015D829000000A4
:10BD480011D92900000015DA2900000011DB2900AB
:10BD5800000018DC29001F0015FC2900000011FD57
:10BD68002900000018FE2900010119002B002F00EE
:10BD780018302B00140019452B00010018472B0020
:10BD88000500194D2B00260019762B0089000300A9
:10BD98002C00700004712C00000003722C000100BC
:10BDA80004742C00000003752C00010004772C009B
:10BDB8000400057C2C000100037E2C00650004E4CF
:10BDC8002C00000019E52C00050003EB2C000300F3
:10BDD8000BEF2C00020003F22C00010014F92C00D8
:10BDE80003000EFD2C00000014FE2C0001000300CF
:10BDF8002D00250003272D000000032D2D00000035
:10BE080006302D003700056F2D00000014702D003E
:10BE180000000B7F2D00000006802D00160006A0F4
:10BE28002D00060006A82D00060006B02D0006000D
:10BE380006B82D00060006C02D00060006C82D0015
:10BE4800060006D02D00060006D82D0006000BE0DF
:10BE58002D001F0014002E00010013022E00000008
:10BE680012032E00000013042E00000012052E00FD
:10BE7800000014062E00020013092E000000120A0A
:10BE88002E000000140B2E000000130C2E000000E2
:10BE9800120D2E000000140E2E00080010172E00A0
:10BEA800000014182E000100101A2E000000141BA8
:10BEB8002E000000131C2E000000121D2E00000092
:10BEC800141E2E00010013202E00000012212E0047
:10BED800000015222E00000011232E00000015245A
:10BEE8002E00000011252E00000015262E0000004F
:10BEF80011272E00000015282E00000011292E0001
:10BF08000000142A2E000400052F2E000000143013
:10BF18002E000900103A2E000100143C2E000300E8
:10BF280010402E00000014412E00000015422E0083
:10BF3800000014432E000C0019502E00010014526A
:10BF48002E00020015552E00000011562E0000008C
:10BF580015572E00000011582E00000015592E000C
:10BF68000000115A2E000000155B2E000000115C25
:10BF78002E000000105D2E00000019802E00190010
:10BF8800199B2E00580019002F00D50019F02F001A
:10BF98000F001C00300000001401300002001904DA
:10BFA80030000000050530000000060630000000E3
:10BFB8000D0730000000150830000000110930009E
:10BFC8000000150A30000000110B30000000150CAD
:10BFD80030000000110D30000000150E3000000088
:10BFE800110F300000001510300000001111300052
:10BFF800000019123000010015143000000011155E
:10C008003000000015163000000011173000000045
:10C01800151830000000111930000000151A300002
:10C028000000111B30000000101C30000000151D1E
:10C0380030000000111E30000100192030000000FF
:10C048000D21300008000B2A30000300092E3000B3
:10C0580001001030300000000531300004001936AE
:10C06800300001000D3830000200053B30000000B0
:10C07800063C30000000143D30000000193E30003E
:10C0880001000641300055000B9930000100179B54
:10C0980030000100059D30000100069F30000000BF
:10C0A80010A03000000006A13000590014FB300039
:10C0B800000005FC3000020006FF30000000060505
:10C0C80031002A00063131005D001990310001006D
:10C0D8000E923100030019963100090006A03100C4
:10C0E8001F0019C03100250019EF3100000006F0CB
:10C0F80031000F00190032001E000E203200090026
:10C10800192A32001D000E4832000700195032006B
:10C1180000000E5132000E00196032001F000E8020
:10C1280032000900198A320026000EB132000E00D2
:10C1380019C032003F0106003400BF1919C04D0074
:10C148003F0006004E0014520515A0000000061618
:10C15800A00076041990A400360006D0A400270099
:10C1680005F8A400050014FEA40001000600A500BF
:10C178000B01050CA6000000140DA6000200061015
:10C18800A6000F000C20A6000900062AA600010040
:10C198000340A6002D00066EA60000000B6FA60047
:10C1A80000000A70A60002001473A60000000B74B9
:10C1B800A6000900147EA6000000057FA600000066
:10C1C8000380A6001B00059CA60001000B9EA6008C
:10C1D800010006A0A60045000DE6A60009000BF028
:10C1E800A600010014F2A60005001700A70016001B
:10C1F8000517A70008001720A70001000322A700C1
:10C208000D000430A70001000332A7003D000570AF
:10C21800A70000000471A70007000379A7000E001B
:10C228000588A70000001789A7000100038BA70055
:10C238000200048EA7000000068FA70000000390EC
:10C24800A70004000495A70000000396A7001800A3
:10C2580004AFA700000003B0A7002C0005F1A70059
:10C26800030003F5A700010006F7A700000005F882
:10C27800A700010004FAA700000006FBA7000600BB
:10C288000B02A80000000603A80002000B06A80085
:10C2980000000607A80003000B0BA8000000060C0E
:10C2A800A80016000923A80001000B25A80001001A
:10C2B8000927A80000001928A80003000B2CA800D3
:10C2C80000000E30A80005001936A8000100163835
:10C2D800A80000001939A80000000640A800330093
:10C2E8001474A80003000980A80001000682A800B1
:10C2F800310009B4A8000F000BC4A800010014CE37
:10C30800A80001000CD0A80009000BE0A80011004B
:10C3180006F2A800050014F8A800020006FBA80011
:10C32800000014FCA800000006FDA80001000BFF97
:10C33800A80000000C00A9000900060AA9001B00BB
:10C348000B26A9000700142EA90001000630A90039
:10C3580016000B47A9000A000952A9000100145F42
:10C36800A90000000660A9001C000B80A9000200BB
:10C378000983A90000000684A9002E000BB3A900B8
:10C38800000009B4A90001000BB6A900030009BA0E
:10C39800A90001000BBCA900010009BEA900020008
:10C3A80014C1A9000C0005CFA90000000CD0A900F9
:10C3B800090014DEA900010006E0A90004000BE54D
:10C3C800A900000005E6A900000006E7A90008008A
:10C3D8000CF0A900090006FAA90004000600AA004A
:10C3E80028000B29AA000500092FAA0001000B311B
:10C3F800AA0001000933AA0001000B35AA000100B8
:10C408000640AA0002000B43AA0000000644AA0046
:10C4180007000B4CAA000000094DAA0000000C50B0
:10C42800AA000900145CAA0003000660AA000F0015
:10C438000570AA0000000671AA0005001977AA0075
:10C448000200067AAA000000097BAA0000000B7C03
:10C45800AA000000097DAA000000067EAA0031009B
:10C468000BB0AA00000006B1AA0000000BB2AA0097
:10C47800020006B5AA0001000BB7AA00010006B920
:10C48800AA0004000BBEAA00010006C0AA00000012
:10C498000BC1AA00000006C2AA00000006DBAA0021
:10C4A800010005DDAA00000014DEAA00010006E074
:10C4B800AA000A0009EBAA0000000BECAA00010080
:10C4C80009EEAA00010014F0AA00010006F2AA0071
:10C4D800000005F3AA00010009F5AA0000000BF608
:10C4E800AA0000000601AB0005000609AB00050024
:10C4F8000611AB0005000620AB0006000628AB00BD
:10C5080006000430AB0022000353AB0000000454C3
:10C51800AB000600175BAB000000055CAB00030036
:10C528000460AB0008000569AB000000176AAB00A7
:10C5380001000370AB004F0006C0AB00220009E306
:10C54800AB0001000BE5AB00000009E6AB00010001
:10C558000BE8AB00000009E9AB00010014EBAB00ED
:10C56800000009ECAB0000000BEDAB0000000CF084
:10C57800AB0009000600AC00A32B06B0D7001600DC
:10C5880006CBD70030000200D800FF070600F900EC
:10C598006D010670FA0069000400FB000600041330
:10C5A800FB000400061DFB0000000B1EFB00000042
:10C5B800061FFB0009001829FB000000062AFB00E3
:10C5C8000C000638FB000400063EFB000000064095
:10C5D800FB0001000643FB0001000646FB006B0060
:10C5E80017B2FB00100019C3FB000F0006D3FB00B5
:10C5F8006A01113EFD000000153FFD0000001940D2
:10C60800FD000F000650FD003F001990FD000100DD
:10C618000692FD00350019C8FD00070006F0FD0070
:10C628000B0016FCFD00000019FDFD0002000B00C8
:10C63800FE000F001410FE0006001517FE00000093
:10C648001118FE0000001419FE0000000B20FE0067
:10C658000F001430FE0000001031FE0001000F33FF
:10C66800FE0001001535FE0000001136FE00000036
:10C678001537FE0000001138FE0000001539FE00D5
:10C688000000113AFE000000153BFE000000113CBE
:10C69800FE000000153DFE000000113EFE000000F7
:10C6A800153FFE0000001140FE0000001541FE008D
:10C6B80000001142FE0000001543FE000000114476
:10C6C800FE0000001445FE0001001547FE000000B2
:10C6D8001148FE0000001449FE0003000F4DFE0043
:10C6E80002001450FE0002001454FE00030010580B
:10C6F800FE0000001559FE000000115AFE0000005F
:10C70800155BFE000000115CFE000000155DFE00D8
:10C718000000115EFE000000145FFE0002001862B7
:10C72800FE0000001063FE0000001864FE00020016
:10C738001468FE0000001669FE000000146AFE007E
:10C7480001000670FE0004000676FE00860001FF68
:10C75800FE0000001401FF0002001604FF000000A4
:10C768001405FF0002001508FF0000001109FF0072
:10C778000000140AFF000000180BFF000000140C52
:10C78800FF000000100DFF000000140EFF00010064
:10C798000C10FF000900141AFF000100181CFF000C
:10C7A8000200141FFF0001000321FF001900153BC0
:10C7B800FF000000143CFF000000113DFF000000D6
:10C7C800173EFF0000000F3FFF0000001740FF006A
:10C7D80000000341FF001900155BFF000000185C12
:10C7E800FF000000115DFF000000185EFF00000060
:10C7F800155FFF0000001160FF0000001461FF00DA
:10C8080000001562FF0000001163FF0000001464BF
:10C81800FF0001000666FF0009000570FF00000028
:10C828000671FF002C00059EFF00010006A0FF0016
:10C838001E0006C2FF00050006CAFF00050006D25A
:10C84800FF00050006DAFF00020016E0FF00010005
:10C8580018E2FF00000017E3FF00000019E4FF00E2
:10C86800000016E5FF00010019E8FF00000018E9C4
:10C87800FF00030019EDFF00010001F9FF000200AD
:10C8880019FCFF000100060000010B00060D000165
:10C898001900062800011200063C00010100063FAD
:10C8A80000010E00065000010D00068000017A000C
:10C8B8001400010102000E0701012C0019370101C3
:10C8C80008000D40010134000E75010103001979BB
:10C8D800010110000E8A01010100198C01010200FA
:10C8E800199001010C0019A00101000019D00101E3
:10C8F8002C000BFD01010000068002011C0006A0AF
:10C90800020130000BE0020100000EE102011A00F2
:10C91800060003011F000E2003010300062D03017A
:10C9280013000D41030100000642030107000D4AF0
:10C93800030100000650030125000B7603010400E3
:10C94800068003011D00149F0301000006A00301D7
:10C95800230006C80301070014D0030100000DD10D
:10C9680003010400030004014F00065004014D00B8
:10C978000CA00401090003B00401230003D804013A
:10C988002300060005012700063005013300146F57
:10C9980005010000037005010A00037C05010E0073
:10C9A800038C0501060003940501010003970501A6
:10C9B8000A0003A305010E0003B30501060003BB2B
:10C9C8000501010006C00501330006000601360115
:10C9D80006400701150006600701070005800701EA
:10C9E800050005870701290005B2070108000600B0
:10C9F80008010500060808010000060A08012B00C6
:10CA0800063708010100063C08010000063F08013E
:10CA180016001457080100000E58080107000660A8
:10CA2800080116001977080101000E7908010600AF
:10CA3800068008011E000EA70801080006E008018C
:10CA4800120006F4080101000EFB080104000600AC
:10CA5800090115000E1609010500141F090100003F
:10CA6800062009011900143F0901000006400901C8
:10CA780019000680090137000EBC0901010006BE35
:10CA8800090101000EC009010F000ED209012D0095
:10CA980006000A0100000B010A0102000B050A0149
:10CAA80001000B0C0A01030006100A010300061519
:10CAB8000A01020006190A011C000B380A010200CB
:10CAC8000B3F0A0100000E400A01080014500A0139
:10CAD800080006600A011C000E7D0A010100147F8F
:10CAE8000A01000006800A011C000E9D0A010200CE
:10CAF80006C00A01070019C80A01000006C90A0190
:10CB08001B000BE50A0101000EEB0A01040014F0FA
:10CB18000A01060006000B01350014390B01060056
:10CB280006400B0115000E580B01070006600B01AB
:10CB380012000E780B01070006800B0111001499F2
:10CB48000B0103000EA90B01060006000C014800AA
:10CB580003800C01320003C00C0132000EFA0C01F4
:10CB6800050006000D0123000B240D0103000C3005
:10CB78000D0109000C400D010900064A0D010300D2
:10CB8800054E0D010000064F0D01000003500D0178
:10CB980015000B690D010400106E0D010000056FF2
:10CBA8000D01000003700D011500188E0D01010024
:10CBB8000E600E011E0006800E0129000BAB0E014F
:10CBC800010010AD0E01000006B00E01010006C202
:10CBD8000E01020005C50E01000006C60E01010087
:10CBE80014D00E01000019D10E0107000BFA0E0136
:10CBF800050006000F011C000E1D0F010900062785
:10CC08000F01000006300F0115000B460F010A0046
:10CC18000E510F01030014550F01040006700F0197
:10CC280011000B820F01030014860F01030006B0E8
:10CC38000F0114000EC50F01060006E00F011600D3
:10CC48000900100100000B01100100000902100189
:10CC580000000603100134000B3810010E001447C1
:10CC6800100106000E52100113000C661001090095
:10CC78000B70100100000671100101000B73100108
:10CC880001000675100100000B7F100102000982E7
:10CC980010010000068310012C0009B010010200E9
:10CCA8000BB31001030009B7100101000BB9100103
:10CCB800010014BB1001010001BD1001000014BEE9
:10CCC800100103000BC21001000001CD100100008B
:10CCD80006D0100118000CF0100109000B0011011A
:10CCE80002000603110123000B2711010400092C7F
:10CCF800110100000B2D110107000C36110109006C
:10CD080014401101030006441101000009451101F6
:10CD180001000647110100000650110122000B73A3
:10CD280011010000147411010100067611010000C0
:10CD38000B80110101000982110100000683110115
:10CD48002F0009B3110102000BB61101080009BF39
:10CD58001101010006C11101030014C511010300EE
:10CD68000BC91101030014CD1101000009CE1101F6
:10CD780000000BCF110100000CD01101090006DAE8
:10CD88001101000014DB1101000006DC1101000094
:10CD980014DD110102000EE1110113000600120159
:10CDA8001100061312011800092C120102000B2FA2
:10CDB800120102000932120101000B3412010000B5
:10CDC8000935120100000B36120101001438120156
:10CDD80005000B3E12010000063F120101000B4145
:10CDE80012010000068012010600068812010000E8
:10CDF800068A12010300068F12010E00069F120117
:10CE0800090014A91201000006B012012E000BDF60
:10CE18001201000009E0120102000BE312010700F1
:10CE28000CF0120109000B001301010009021301A3
:10CE38000100060513010700060F13010100061380
:10CE480013011500062A130106000632130101001A
:10CE58000635130104000B3B13010100063D1301C5
:10CE68000000093E130101000B40130100000941B5
:10CE780013010300094713010100094B13010200C4
:10CE8800065013010000095713010000065D130145
:10CE980004000962130101000B66130106000B7000
:10CEA80013010400068013010900068B130100001A
:10CEB800068E1301000006901301250006B7130122
:10CEC800000009B8130102000BBB1301050009C2D9
:10CED8001301000009C51301000009C7130103006D
:10CEE80009CC130101000BCE1301000009CF130177
:10CEF80000000BD01301000006D1130100000BD273
:10CF08001301000006D31301000014D4130101001B
:10CF180014D7130101000BE11301010006001401ED
:10CF280034000935140102000B38140107000940C8
:10CF3800140101000B42140102000945140100000C
:10CF48000B4614010000064714010300144B14019A
:10CF580004000C5014010900145A14010100145D56
:10CF6800140100000B5E14010000065F14010200AA
:10CF7800068014012F0009B0140102000BB314013C
:10CF8800050009B9140100000BBA1401000009BB1F
:10CF9800140103000BBF1401010009C114010000B2
:10CFA8000BC21401010006C41401010014C61401C7
:10CFB800000006C7140100000CD014010900068007
:10CFC80015012E0009AF150102000BB2150103006F
:10CFD80009B8150103000BBC1501010009BE1501B4
:10CFE80000000BBF1501010014C11501160006D879
:10CFF800150103000BDC15010100060016012F00C6
:10D008000930160102000B3316010700093B16010F
:10D0180001000B3D16010000093E160100000B3F00
:10D028001601010014411601020006441601000011
:10D038000C5016010900146016010C000680160138
:10D048002A000BAB1601000009AC160100000BAD5D
:10D058001601000009AE160101000BB0160105000B
:10D0680009B6160100000BB71601000006B8160134
:10D07800000014B9160100000CC0160109000CD0FC
:10D0880016011300060017011A000B1D17010000F6
:10D09800091E170100000B1F1701000009201701C6
:10D0A80001000B22170103000926170100000B27B6
:10D0B800170104000C30170109000E3A170101008E
:10D0C800143C17010200193F170100000640170120
:10D0D8000600060018012B00092C180102000B2F6E
:10D0E800180108000938180100000B39180101005F
:10D0F800143B1801000003A018013F000CE01801C0
:10D1080009000EEA1801080006FF180107000609C1
:10D1180019010000060C1901070006151901010084
:10D1280006181901170009301901050009371901F6
:10D1380001000B3B19010100093D190100000B3EDC
:10D1480019010000063F19010000094019010000FB
:10D158000641190100000942190100000B43190199
:10D1680000001444190102000C501901090006A01E
:10D178001901070006AA1901260009D119010200A0
:10D188000BD4190103000BDA1901010009DC19019C
:10D1980003000BE01901000006E11901000014E288
:10D1A8001901000006E31901000009E41901000053
:10D1B80006001A0100000B011A010900060B1A01EA
:10D1C80027000B331A01050009391A010000063A35
:10D1D8001A0100000B3B1A010300143F1A01070053
:10D1E8000B471A01000006501A0100000B511A01E2
:10D1F800050009571A0101000B591A010200065CC3
:10D208001A012D000B8A1A010C0009971A01000057
:10D218000B981A010100149A1A010200069D1A01BE
:10D228000000149E1A01040006B01A0148001400F8
:10D238001B0109000B601B01000009611B010000B4
:10D248000B621B01020009651B0100000B661B0134
:10D25800000009671B01000006C01B01200014E143
:10D268001B0100000CF01B01090006001C0108004E
:10D27800060A1C012400092F1C0100000B301C01A8
:10D2880006000B381C010500093E1C0100000B3F7D
:10D298001C01000006401C01000014411C01040090
:10D2A8000C501C0109000E5A1C01120014701C01BC
:10D2B800010006721C011D000B921C01150009A932
:10D2C8001C0100000BAA1C01060009B11C0100008A
:10D2D8000BB21C01010009B41C0100000BB51C01B4
:10D2E800010006001D01060006081D010100060BCD
:10D2F8001D0125000B311D0105000B3A1D01000021
:10D308000B3C1D0101000B3F1D01060006461D01D7
:10D3180000000B471D0100000C501D0109000660AC
:10D328001D01050006671D010100066A1D011F0099
:10D33800098A1D0104000B901D01010009931D01BC
:10D3480001000B951D01000009961D0100000B97B7
:10D358001D01000006981D0100000CA01D01090018
:10D3680006B01D01280005D91D01000006DA1D01BF
:10D3780001000CE01D01090006E01E0112000BF37C
:10D388001E01010009F51E01010014F71E0101002C
:10D398000B001F01010006021F01000009031F0105
:10D3A800000006041F010C0006121F0121000934A9
:10D3B8001F0101000B361F010400093E1F01010077
:10D3C8000B401F01000009411F0100000B421F0113
:10D3D800000014431F010C000C501F0109000B5AD8
:10D3E8001F01000006B01F0100000EC01F0114003D
:10D3F80019D51F01070016DD1F01030019E11F01E0
:10D40800100014FF1F0100000600200199030D0001
:10D4180024016E0014702401040006802401C30056
:10D4280006902F01600014F12F0101000600300161
:10D438002F04013034010F000B4034010000064175
:10D44800340105000B4734010E00066034019A0FC1
:10D45800060044014602060061011D000B1E610121
:10D468000B00092A610102000B2D610102000C303A
:10D478006101090006006801380206406A011E00C1
:10D488000C606A010900146E6A01010006706A01E5
:10D498004E000CC06A01090006D06A011D000BF09D
:10D4A8006A01040014F56A01000006006B012F00F0
:10D4B8000B306B01060014376B010400193C6B013B
:10D4C800030005406B01030014446B01000019457B
:10D4D8006B0100000C506B0109000E5B6B0106002C
:10D4E80006636B011400067D6B01120005406D0197
:10D4F800020006436D012700056B6D010100146DE4
:10D508006D0102000C706D01090003406E013F00BF
:10D518000E806E01160014976E01030003A06E01C1
:10D52800180003BB6E01180006006F014A000B4F7C
:10D538006F01000006506F01000009516F013600AD
:10D548000B8F6F01030005936F010C0005E06F015D
:10D55800010014E26F01000005E36F0100000BE415
:10D568006F01000009F06F01010005F26F01010071
:10D578000DF46F01020006007001D51C06FF8C0136
:10D588001F0006808D01720005F0AF01030005F54C
:10D59800AF01060005FDAF0101000600B001220140
:10D5A8000632B10100000650B10102000655B10172
:10D5B80000000664B10103000670B1018B0106008A
:10D5C800BC016A000670BC010C000680BC010800A2
:10D5D8000690BC010900199CBC0100000B9DBC0110
:10D5E8000100149FBC01000001A0BC010300190048
:10D5F800CC01EF000CF0CC01090019FACC010200B3
:10D608001900CD01B30119BACE01160019E0CE01F7
:10D618000F0018F0CE0100000B00CF012D000B30D9
:10D62800CF0116001950CF0173001900D001F50081
:10D638001900D10126001929D1013B000965D10142
:10D6480001000B67D1010200196AD1010200096DBE
:10D65800D10105000173D10107000B7BD10107003F
:10D668001983D10101000B85D1010600198CD10164
:10D678001D000BAAD101030019AED1013C0019000D
:10D68800D20141000B42D20102001945D20100002B
:10D698000EC0D20113000EE0D20113001900D3010D
:10D6A80056000E60D30118000800D4011900041AAE
:10D6B800D40119000834D4011900044ED40106001D
:10D6C8000456D40111000868D40119000482D40159
:10D6D8001900089CD4010000089ED401010008A28A
:10D6E800D401000008A5D401010008A9D401030051
:10D6F80008AED401070004B6D401030004BBD4016A
:10D70800000004BDD401060004C5D4010A0008D0F5
:10D71800D401190004EAD40119000804D501010054
:10D728000807D5010300080DD50107000816D50123
:10D738000600041ED50119000838D5010100083B70
:10D74800D50103000840D50104000846D5010000B2
:10D75800084AD50106000452D5011900086CD50104
:10D7680019000486D501190008A0D501190004BACA
:10D77800D501190008D4D501190004EED501190006
:10D788000808D60119000422D6011900083CD60160
:10D7980019000456D60119000870D6011900048A28
:10D7A800D6011B0008A8D601180018C1D601000030
:10D7B80004C2D601180018DBD601000004DCD6012B
:10D7C800050008E2D601180018FBD601000004FC89
:10D7D800D60118001815D70100000416D701050056
:10D7E800081CD70118001835D70100000436D701E6
:10D7F8001800184FD70100000450D701050008563B
:10D80800D7011800186FD70100000470D70118005D
:10D818001889D7010000048AD70105000890D701AC
:10D82800180018A9D701000004AAD701180018C3C6
:10D83800D701000004C4D701050008CAD7010000B9
:10D8480004CBD70100000CCED70131001900D80154
:10D85800FF010B00DA0136001937DA0103000B3B30
:10D86800DA013100196DDA0107000B75DA010000E1
:10D878001976DA010D000B84DA0100001985DA0146
:10D8880001001487DA0104000B9BDA0104000BA1E4
:10D89800DA010E000400DF010900060ADF010000BA
:10D8A800040BDF0113000425DF0105000B00E00174
:10D8B80006000B08E00110000B1BE00106000B231B
:10D8C800E00101000B26E00104000530E0013D0005
:10D8D8000B8FE00100000600E1012C000B30E10194
:10D8E80006000537E10106000C40E1010900064E7B
:10D8F800E1010000194FE10100000690E2011D005E
:10D908000BAEE201000006C0E2012B000BECE201C5
:10D9180003000CF0E201090016FFE201000006D046
:10D92800E4011A0005EBE40100000BECE40103003C
:10D938000CF0E401090006D0E5011D000BEEE5013D
:10D94800010006F0E50100000CF1E501090014FFF3
:10D95800E501000006C0E6011E0006E0E60102003F
:10D968000BE3E601000006E4E60101000BE6E60130
:10D97800000006E7E60106000BEEE601010006F0EE
:10D98800E60104000BF5E601000006FEE6010000D2
:10D9980005FFE601000006E0E701060006E8E701EA
:10D9A800030006EDE701010006F0E7010E0006009E
:10D9B800E801C4000EC7E80108000BD0E801060022
:10D9C8000300E90143000B44E9010600054BE901A6
:10D9D80000000C50E9010900145EE90101000E7114
:10D9E800EC013A0019ACEC0100000EADEC010200AC
:10D9F80016B0EC0100000EB1EC0103000E01ED01C0
:10DA08002C00192EED0100000E2FED010E0006006E
:10DA1800EE0103000605EE011A000621EE010100E1
:10DA28000624EE0100000627EE0100000629EE019B
:10DA380009000634EE0103000639EE010000063B3A
:10DA4800EE0100000642EE0100000647EE0100006C
:10DA58000649EE010000064BEE010000064DEE01FE
:10DA680002000651EE0101000654EE0100000657BF
:10DA7800EE0100000659EE010000065BEE01000011
:10DA8800065DEE010000065FEE0100000661EE0192
:10DA980001000664EE0100000667EE010300066C53
:10DAA800EE0106000674EE0103000679EE0103009C
:10DAB800067EEE0100000680EE010900068BEE01ED
:10DAC800100006A1EE01020006A5EE01040006AB57
:10DAD800EE01100018F0EE0101001900F0012B0012
:10DAE8001930F001630019A0F0010E0019B1F0011E
:10DAF8000E0019C1F0010E0019D1F00124000E002A
:10DB0800F1010C00190DF101A00019E6F1011C004A
:10DB18001910F2012B001940F20108001950F20106
:10DB280001001960F20105001900F301FA0017FB62
:10DB3800F30104001900F401D80219DCF601100001
:10DB480019F0F6010C001900F701D90019E0F701E6
:10DB58000B0019F0F70100001900F8010B0019106B
:10DB6800F80137001950F80109001960F801270079
:10DB78001990F8011D0019B0F8010B0019C0F8013F
:10DB8800010018D0F80108001900F90157011960BF
:10DB9800FA010D001970FA010C001980FA010A0047
:10DBA800198EFA01380019C8FA01000019CDFA01D6
:10DBB8000F0019DFFA010B0019EFFA01090019002B
:10DBC800FB0192001994FB015B000CF0FB010900BA
:10DBD80019FAFB01000006000002DFA60600A702F2
:10DBE8001D110620B8028D1606B0CE02301D06F0B3
:10DBF800EB026D020600F8021D02060000034A133C
:10DC08000650130329210101000E00000120000E17
:08DC18005F000B00010EEF009C
:10DC2000FC630110086401101464011020640110E9
:10DC30002C6401103864011044640110186701104D
:04DC40004466011025
:10DC4400F0B5C646160000B504001F000268EFF3E5
:10DC5400108172B61368002BFCD0BFF35F8F0423CE
:10DC6400E3562268002B2BDBBFF35F8F002010608C
:10DC740081F31088D02212061278002552B2904601
:10DC84009A420ED1002080BCB846F0BDBFF35F8F2E
:10DC9400156081F310883000390000F0D1FE0028AF
:10DCA400F0D12268EFF3108172B61368002BFCD018
:10DCB400BFF35F8F237922687F2BE7D9434602E0C5
:10DCC400D0231B061B682371BFF35F8F00231360EF
:10DCD40081F310880120D6E7F0B5C64600B50F00E1
:10DCE400040000F085FEFA220E000500002338002F
:10DCF4000021920000F094FE4019714106000F1EAD
:10DD040002DA0126164F7642D0231B061B68002533
:10DD140098460AE0BFF35F8F156081F310883000E6
:10DD2400390000F08DFE002818D12268EFF310812D
:10DD340072B61368002BFCD0BFF35F8F237922687F
:10DD44007F2BE7D943462371BFF35F8F0023136012
:10DD540081F31088012080BCB846F0BD0020FAE7AA
:10DD6400FFFFFF7F0268EFF3108172B61368002B88
:10DD7400FCD0BFF35F8FFF2303710368BFF35F8F92
:10DD840000221A6081F3108840BF7047084B9C46FC
:10DD94001B78002B0BD18023064807495B051A68C2
:10DDA400C25004338B42FAD1012362461370704788
:10DDB400F32F0020EC2600100001001010B5014BD9
:10DDC400984710BDED260020084B5A6842609A68B7
:10DDD4008260DA68C2601A6902615A6942619B69A9
:10DDE4008361A0235B051B68036070470000024049
:10DDF4004268084B5A6082689A60C268DA600269B5
:10DE04001A6142695A6182699A61A02302685B05BA
:10DE14001A60704700000240F0B5D6464F464646A9
:10DE24000023C0B5182788B01E0081460D00988ACB
:10DE340046493B88140098473B8880464449B08A49
:10DE44009847002343490600988A3B8898478246AE
:10DE5400FFF79CFF01A8FFF7B7FFC047B0473E4B51
:10DE640021001A6880239B005340C0229200134073
:10DE74003A4A1360002C1CD00823C0209C4640055D
:10DE8400163F6246836A1A401F4239D0631A00293A
:10DE94002BD1002A0BD1002C0BD0C0230822022640
:10DEA4005B059B6A1A401E4242D0002AF5D0002C22
:10DEB40030D1294B1A68C0239B009343274A13602F
:10DEC400D047FFF77BFF01A8FFF792FF08B0E0BC43
:10DED400BA46B146A846F0BD002C2BD1C02252054B
:10DEE400966A08223240B6072BD50D2B19D9002A81
:10DEF400F2D1C0225205966A08223240B607F4D401
:10DF0400002A04D10B002343002BBAD1D1E70B0024
:10DF1400002CF9D0036E013C2B70230001350B4318
:10DF2400F2E74B461B780139036601239944E7E77E
:10DF34000021E5E7C0235B051B6E013C2B70013516
:10DF44009FE70B00A242DFD1DCE7C0464946000050
:10DF540045580000464300000C8001400C900140ED
:10DF64000022154B10B59A60DA601A615A619A6101
:10DF7400DA611A625A629A62DA621A635A639A63BB
:10DF8400DA631A645A649A64DA641A655A659A659B
:10DF9400DA651A665A669A66DA661A675A679A677B
:10DFA400DA67963292000021044800F031FD044BF8
:10DFB400044A1A6010BDC04600001050D428002046
:10DFC400A828002080011050F0B55746DE464E4682
:10DFD4004546E0B5434B8DB09B6D9A46002B4AD025
:10DFE4005746414B0393380000F0F2FCC3B25A0881
:10DFF40001240123844005920340002A68D03B4D4C
:10E00400511ED20052193A4DC900AA468A44002B27
:10E0140038D004329146334A926D2242E3D0012231
:10E02400059953408A000692521814215D422940F2
:10E03400D200521803998846904401220240934624
:10E044009A00D3189B000793264D2A4AEB6D9465DA
:10E0540023405A1E93415A465146009240464A462E
:10E06400DBB2A74300F09AFA00280FD1AB6D1C4233
:10E07400EAD1002FB7D10DB0F0BCBB46B246A946D9
:10E08400A046F0BD1C4DAA468A44C3E7059B069EE4
:10E094004046F618079BF600F618039B9B195A8A0C
:10E0A400049200F0C3F9039B80229B5D09A80371CD
:10E0B400002312010280049A01214371826000F05E
:10E0C4005FFBAB6D2342BFD1002F00D08BE7D2E7BB
:10E0D400002B03D000229246044A9AE79246034A50
:10E0E40098E7C04600001150AC2800208000105072
:10E0F4000C0010500030115008001050F0B5982357
:10E104004E464546DE465746A149E0B5CD588023E4
:10E114002A00802410269B021A406402914685B08E
:10E124002E402C401D4200D080E0002E6BD1002CEC
:10E1340043D001AB9846974C26000123B7787370FF
:10E14400012F00D1B8E0944B1436B342F5D1E0234B
:10E154004246DB001380914A02AB03CA03C3012188
:10E16400404600F00DFB80228D4B92021A654B460F
:10E17400002B22D0637E9946002B05D0A37D002B73
:10E1840052D0022B00D1D2E0864B874E98463C34C5
:10E194006779002F05D0A378002B02D0022B19D069
:10E1A400B946083628344645F2D14B46002B04D1F3
:10E1B4007E4B1B78002B00D1ACE0EB0469D46B04DC
:10E1C4005BD42D044CD405B0F0BCBB46B246A94682
:10E1D400A046F0BD013BA3703388754A218A1340E1
:10E1E400002915D07188114212D1002B00D197E07B
:10E1F400A16800222000403100F05EF90100B01C4B
:10E2040000F03AF9CCE7FFF7DFFE002CD5D090E719
:10E21400002BC5D1A1680022200000F04DF90100B7
:10E22400300000F029F9BBE79946ADE7614A8B6CF1
:10E23400916A614A5B05116001AA904680224146B9
:10E24400D2005B0D0A804B604046012100F098FA31
:10E25400002E00D093E0002C00D06CE74D4C89E7F1
:10E26400C0236A46DB009380012101A800F088FAEC
:10E2740080224B4B12011A65A5E7A0236A46DB00F6
:10E284009380012101A800F07BFA1022444B1A6507
:10E2940097E700243E4B1C60FFF762FE80236A462A
:10E2A4009B0093801472012101A800F069FA802276
:10E2B4003B4B12031A6582E70F2233781A40D909BF
:10E2C4009346530001224A40D2B213438A469F40E8
:10E2D40000F086FB012806D9384B2D4A1F66536E81
:10E2E4003B409F42FBD15B465146354ADB009A18BE
:10E2F400012901D0334A9A1800233000136000F03A
:10E3040095F800F06DFB012800D81CE7244B5F66EC
:10E314001F6618E78021224A90338902D1504CE7C6
:10E32400310032002000803900F000F938E7013B69
:10E33400234AA37513881E49A08C0B40002810D0D3
:10E34400508808420DD1002B1CD02000E169002226
:10E354004031143000F0B0F801001B4800F08CF894
:10E3640012E7002B00D00FE72000E16900221430EF
:10E3740000F0A2F80100124800F07EF804E7FFF76D
:10E3840023FE68E720000021143000F0CFF8FBE6FC
:10E3940000001150AC280020D428002000001050A8
:10E3A400003011500001105088001050F12F00204F
:10E3B4000084FFFF004005402C280020002011505D
:10E3C400800010508400105082001050920570B5E7
:10E3D4000500900D00290DD0EC68002808D01E1807
:10E3E40019000978013321700134B342F8D1EC6883
:10E3F4002418EC606B8AC3186B82EB88834201D9C2
:10E4040000232B8270BDC046054B064A9B6A064911
:10E4140012685B189B1A0020C6229A42404170473A
:10E42400004005402C280020E0FCFFFF00238370FF
:10E434000361C3607047C04603680B4A0B4010B5C4
:10E4440013420DD1094B0B400360114207D0084B16
:10E454001B6C9B0702D40C23033BFDD2016010BD4F
:10E464000100044800F0E4FA00040004FFFBFFFB91
:10E47400000011509861011080220388D2000B40E3
:10E4840010B513420DD1094B0B400380114207D044
:10E49400074B1B6C9B0702D40C23033BFDD201806A
:10E4A40010BD0100034800F0C3FAC046FFFBFFFFA4
:10E4B400000011509861011070B5C488038A251CAE
:10E4C4009C4200D91D1CADB25B1B44789BB20382F5
:10E4D400002C18D18026F6002E43B4460126744041
:10E4E4004470002A06D1002D12D180226146120206
:10E4F40011438C46002B04D180236246DB011A436E
:10E504009446604670BD9026B6012E43B446E5E7B6
:10E51400C3685E191C00247801330C7001319E42DB
:10E52400F8D1C3685B19C360038ADEE7F8B5CE4649
:10E5340047460D00914680241A0080B58168060084
:10E544009846FFF7B9FF64010443A4B2002D0FD02D
:10E55400338A2F68002B06D0C02380221B053B4042
:10E56400D20493420CD13A000B4B1A4013002B6097
:10E5740048462100FFF760FFC0BCB946B046F8BD6D
:10E58400B168424630004031FFF796FF8023000413
:10E59400DB0504433B43EAE7FFFFFFBFF0B5574603
:10E5A4004546DE464E46E0B583B01D000CAB1F78F1
:10E5B4008378040094469246002B52D002206B4B81
:10E5C4001B6C1840A368834698466B0063449946C5
:10E5D40000291FD00B685B001CD5002D53D14B467E
:10E5E4001A88390096B2434632002000FFF7EEFE47
:10E5F4008022E388D2013240834223D9002F01D004
:10E60400002A54D0012003B0F0BCBB46B246A94650
:10E61400A046F0BD002D26D05B46002B23D10193EC
:10E624004B4642461B8840329EB290461300390046
:10E6340032002000FFF7CAFE8022E388D201324074
:10E64400834222D85204D20FDCD1238A002B08D073
:10E654006379002B20D0FFF7D7FE002819D00223BE
:10E66400A3700020CFE74B461D883900ADB2434666
:10E674002A002000FFF7AAFEE3888342C2D8802242
:10E68400D2012A40DEE70123C9E7019B002BB5D163
:10E69400B8E7A378022BE4D03A0041462000FFF704
:10E6A4000BFF01004846FFF7E7FE0020ABE701231C
:10E6B400D4465D40EDB26A0094445A46002A17D00D
:10E6C4002A492B4ACB6C134010221343CB6410000D
:10E6D400CB6C18401A42FAD163461B881BB2002B3C
:10E6E40003DB01226378534063705346186089E763
:10E6F40020480278012A1ED90F2322781B4913408F
:10E7040001225B009A401C4B1A664B6E13409342E5
:10E71400FBD163461B8819B200291EDA01782371E4
:10E7240050460023E5700360012900D86AE7134BC3
:10E734005A661A6666E76246128811B2002906DB39
:10E744006278534063705A4653461A605AE72271FE
:10E7540053465A46E5701A6054E7012163784B40EA
:10E764006370514600230B600178DDE7000011500F
:10E774000086002088140020002011500030115021
:10E78400F0B5C64600B543780400033BDBB20F0086
:10E7940084B0052B09D8874A9B00D3589F46002292
:10E7A400854B1A751A765A759A75844B1D68AA6931
:10E7B400EFF3108172B61368002BFCD0BFF35F8FA8
:10E7C40000232A88E961281D210000F019F9AA69AB
:10E7D400EB69BFF35F8F0021116083F310886178C8
:10E7E400002812D1072900D1D9E0082911D10F231B
:10E7F4002179714A0B405B00C909D3185B180521C4
:10E804004B331A788A431A7003E03A00207800F0F8
:10E814001FF904B080BCB846F0BD694A13780133CF
:10E824001370C2E70F231A0001790A400B42BCD0CF
:10E83400614B5200C8099B181B181A0061482B32FF
:10E84400127800789042B0D95F48D5000068AA18C1
:10E8540092008218002AA8D0D669002EA5D00522DD
:10E864004B331D001B7893432B70A3686279207887
:10E87400B0470028CDD105222B7813432B7094E7A1
:10E88400504B002519781E000022FF2918D04E4B4A
:10E89400984691420ED94246EB0012685B199B00E0
:10E8A400D318002B06D01B6A002B03D06168207894
:10E8B4009847317801354B1CDBB2EAB29342E8D871
:10E8C4003D4B98469B7D002B2AD00023424601AD48
:10E8D400937500210C22280000F09AF823782B70FD
:10E8E40006236B70354B1B6818009A69EFF310818F
:10E8F40072B61368002BFCD0BFF35F8F060002884A
:10E90400C16100232900043000F07AF8B269F36988
:10E91400BFF35F8F0021116083F31088002843D177
:10E9240043469B7EDB0700D473E7237801AD2B704D
:10E9340004236B7063686B60204B1C68A269EFF35F
:10E94400108172B61368002BFCD0BFF35F8F0023D5
:10E954002288E161201D290000F052F8A269E369D0
:10E96400BFF35F8F0021116083F31088002800D16A
:10E974004FE73A006978287800F06AF849E70E4BC7
:10E984001A7D002A00D144E701229A750DE70A4B4B
:10E994001A7D002A00D13CE700229A7505E7084A4F
:10E9A4001378013B137034E73A006978287800F053
:10E9B4004FF8B5E7DC660110A825002018260020D2
:10E9C400F22F0020F02F0020382200207047C0468C
:10E9D40001B40248844601BC604700BF999000100E
:10E9E40001B40248844601BC604700BF5D7C00104E
:10E9F40001B40248844601BC604700BFE98A0010A4
:10EA040001B40248844601BC604700BFB5DD001074
:10EA140001B40248844601BC604700BF01A1001054
:10EA240001B40248844601BC604700BFD99E00106F
:10EA340001B40248844601BC604700BF697C0010F1
:10EA440001B40248844601BC604700BF85880010B9
:10EA540001B40248844601BC604700BFADC4001045
:10EA6400801A06000000205001000000010100008F
:10EA740001000000801A0600F401000008000000F4
:10EA84000000000000000000000000000000000082
:10EA94000000000000000000000000000000000072
:10EAA4000000000000000000000000000000000062
:10EAB4000000010000000000000000000000000051
:10EAC400000100010104000000000000000000003B
:10EAD4000000000000000000000000000000000032
:10EAE4000000000000000000000000000000000022
:10EAF4000000000000000000000000000000000012
:10EB04000000000000000000000000000000000001
:10EB140000000000000000000000000000000000F1
:10EB240000000000000000000000000000000000E1
:10EB340000000000000000000000000000000000D1
:10EB440000000000000000000000000000000000C1
:10EB540000000000000000000000000000000000B1
:10EB640000000000000000000000000000000000A1
:10EB74000000000000000000000000000000000091
:10EB84000000000000000000000000000000000081
:10EB94000000000000000000000000000000000071
:10EBA4000000000000000000000000000000000061
:10EBB4000000000000000000000000000000000051
:10EBC4000000000000000000000000000000000041
:10EBD4000000000000000000000000000000000031
:10EBE4000000000000000000000000000000000021
:10EBF4000000000000000000000000000000000011
:10EC04000000000000000000000000000000000000
:10EC140000000000000000000000000000000000F0
:10EC240000000000000000000000000000000000E0
:10EC340000000000000000000000000000000000D0
:10EC440000000000000000000000000000000000C0
:10EC540000000000000000000000000000000000B0
:10EC640000000000000000000000000000000000A0
:10EC74000000000000000000000000000000000090
:10EC84000000000000000000000000000000000080
:10EC94000000000000000000000000000000000070
:10ECA4000000000000000000000000000000000060
:10ECB4000000000000000000000000000000000050
:10ECC4000000000000000000000000000000000040
:10ECD4000000000000000000000000000000000030
:10ECE4000000000000000000000000000000000020
:10ECF4000000000000000000000000000000000010
:10ED040000000000000000000000000000000000FF
:10ED140000000000000000000000000000000000EF
:10ED240000000000000000000000000000000000DF
:10ED340000000000000000000000000000000000CF
:10ED440000000000000000000000000000000000BF
:10ED540000000000000000000000000000000000AF
:10ED6400000000000000000000000000000000009F
:10ED7400000000000000000000000000000000008F
:10ED8400000000000000000000000000000000007F
:10ED9400000000000000000000000000000000006F
:10EDA400000000000000000000000000000000005F
:10EDB400000000000000000000000000000000004F
:10EDC400000000000000000000000000000000003F
:10EDD400000000000000000000000000000000002F
:10EDE400000000000000000000000000000000001F
:10EDF400000000000000000000000000000000000F
:10EE040000000000000000000000000000000000FE
:10EE140000000000000000000000000000000000EE
:10EE240000000000000000000000000000000000DE
:10EE340000000000000000000000000000000000CE
:10EE440000000000000000000000000000000000BE
:10EE540000000000000000000000000000000000AE
:10EE6400000000000000000000000000000000009E
:10EE7400000000000000000000000000000000008E
:10EE8400000000000000000000000000000000007E
:10EE9400000000000000000000000000000000006E
:10EEA400000000000000000000000000000000005E
:10EEB400000000000000000000000000000000004E
:10EEC400000000000000000000000000000000003E
:10EED400000000000000000000000000000000002E
:10EEE400000000000000000000000000000000001E
:10EEF400000000000000000000000000000000000E
:10EF040000000000000000000000000000000000FD
:10EF140000000000000000000000000000000000ED
:10EF240000010000000000000000000000000000DC
:10EF340000000000000000000000000000000000CD
:10EF440000000000000000001000000000000000AD
:10EF540000000100000000000000000000000200AA
:10EF6400000000000000000000000300000000009A
:10EF74000000000000000400000000000000000089
:10EF84000000050000000000000000000000FF0079
:10EF94000000000001B5486801318E460047704604
:10EFA40009380149884701BD69800010000000004C
:10EFB400000000000000000000000000000000004D
:10EFC400281D0020000000000000000000000000D8
:10EFD400503300004C33000054330000523300001F
:10EFE4004D5300004D4300005334000043340000EF
:10EFF40031BD0010E5BC001059BC001045BC001028
:10F004000000000000010000020000000C000000ED
:10F014001C260020C00000000000000000000000CA
:10F02400000000000000000000000000FF000000DD
:10F03400FFFFFFFF000002000000000000000000CE
:10F04400B8140020B8140020C0140020C0140020FC
:10F05400C8140020C8140020D0140020D0140020AC
:10F06400D8140020D8140020E0140020E01400205C
:10F07400E8140020E8140020F0140020F01400200C
:10F08400F8140020F81400200015002000150020BA
:10F094000815002008150020101500201015002068
:10F0A4001815002018150020201500202015002018
:10F0B40028150020281500203015002030150020C8
:10F0C4003815002038150020401500204015002078
:10F0D4004815002048150020501500205015002028
:10F0E40058150020581500206015002060150020D8
:10F0F4006815002068150020701500207015002088
:10F104007815002078150020801500208015002037
:10F1140088150020881500209015002090150020E7
:10F124009815002098150020A0150020A015002097
:10F13400A8150020A8150020B0150020B015002047
:10F14400B8150020B8150020C0150020C0150020F7
:10F15400C8150020C8150020D0150020D0150020A7
:10F16400D8150020D8150020E0150020E015002057
:10F17400E8150020E8150020F0150020F015002007
:10F18400F8150020F81500200016002000160020B5
:10F194000816002008160020101600201016002063
:10F1A4001816002018160020201600202016002013
:10F1B40028160020281600203016002030160020C3
:10F1C4003816002038160020401600204016002073
:10F1D4004816002048160020501600205016002023
:10F1E40058160020581600206016002060160020D3
:10F1F4006816002068160020701600207016002083
:10F204007816002078160020801600208016002032
:10F2140088160020881600209016002090160020E2
:10F224009816002098160020A0160020A016002092
:10F23400A8160020A8160020B0160020B016002042
:10F24400B8160020B8160020C0160020C0160020F2
:10F25400C8160020C8160020D0160020D0160020A2
:10F26400D8160020D8160020E0160020E016002052
:10F27400E8160020E8160020F0160020F016002002
:10F28400F8160020F81600200017002000170020B0
:10F29400081700200817002010170020101700205E
:10F2A400181700201817002020170020201700200E
:10F2B40028170020281700203017002030170020BE
:10F2C400381700203817002040170020401700206E
:10F2D400481700204817002050170020501700201E
:10F2E40058170020581700206017002060170020CE
:10F2F400681700206817002070170020701700207E
:10F30400781700207817002080170020801700202D
:10F3140088170020881700209017002090170020DD
:10F324009817002098170020A0170020A01700208D
:10F33400A8170020A8170020B0170020B01700203D
:10F34400B8170020B8170020C0170020C0170020ED
:10F35400C8170020C8170020D0170020D01700209D
:10F36400D8170020D8170020E0170020E01700204D
:10F37400E8170020E8170020F0170020F0170020FD
:10F38400F8170020F81700200018002000180020AB
:10F394000818002008180020101800201018002059
:10F3A4001818002018180020201800202018002009
:10F3B40028180020281800203018002030180020B9
:10F3C4003818002038180020401800204018002069
:10F3D4004818002048180020501800205018002019
:10F3E40058180020581800206018002060180020C9
:10F3F4006818002068180020701800207018002079
:10F404007818002078180020801800208018002028
:10F4140088180020881800209018002090180020D8
:10F424009818002098180020A0180020A018002088
:10F43400A8180020A8180020B0180020B018002038
:10F44400C818002000000000000000000021002077
:10F4540068210020D02100200000000000000000EE
:10F464000000000000000000000000000000000098
:10F474000000000000000000000000000000000088
:10F484000000000000000000000000000000000078
:10F494000000000000000000000000000000000068
:10F4A4000000000000000000000000000000000058
:10F4B4000000000000000000000000000000000048
:10F4C4000000000000000000000000000000000038
:10F4D4000000000000000000000000000000000028
:10F4E40001000000000000000E33CDAB34126DE6C5
:10F4F400ECDE05000B00000000000000000000002E
:10F5040000000000000000000000000000000000F7
:10F5140000000000000000000000000000000000E7
:10F5240000000000000000000000000000000000D7
:10F5340000000000000000000000000000000000C7
:10F5440000000000000000000000000000000000B7
:10F5540000000000000000000000000000000000A7
:10F564000000000000000000000000000000000097
:10F574000000000000000000000000000000000087
:10F584000000000000000000000000000000000077
:10F594000000000000000000000000000000000067
:10F5A4000000000000000000000000000000000057
:10F5B4000000000000000000000000000000000047
:10F5C4000000000000000000000000000000000037
:10F5D4000000000000000000000000000000000027
:10F5E4000000000000000000000000000000000017
:10F5F4000000000000000000000000000000000007
:10F6040000000000000000000000000000000000F6
:10F6140000000000000000000000000000000000E6
:10F6240000000000000000000000000000000000D6
:10F6340000000000000000000000000000000000C6
:10F644000000000000000000430000000000000073
:10F6540000000000000000000000000000000000A6
:10F664000000000000000000430000000000000053
:10F674000000000000000000000000000000000086
:10F684000000000000000000430000000000000033
:10F694000000000000000000000000000000000066
:10F6A4000000000000000000430000000000000013
:10F6B4000000000000000000000000000000000046
:10F6C40000000000000000004300000000000000F3
:10F6D4000000000000000000000000000000000026
:10F6E40000000000000000004300000000000000D3
:10F6F4000000000000000000000000000000000006
:10F7040000000000000000004300000000000000B2
:10F7140000000000000000000000000000000000E5
:10F724000000000000000000430000000000000092
:10F7340000000000000000000000000000000000C5
:10F7440000000000000000000000000000000000B5
:10F7540000000000000000000000000000000000A5
:10F764000000000000000000000000000000000095
:10F774000000000000000000000000000000000085
:10F784000000000000000000000000000000000075
:10F794000000000000000000000000000000000065
:10F7A4000000000000000000000000000000000055
:10F7B4000000000000000000000000000000000045
:10F7C4000000000000000000000000000000000035
:10F7D4000000000000000000000000000000000025
:10F7E4000000000000000000000000000000000015
:10F7F4000000000000000000000000000000000005
:10F8040000000000000000000000000000000000F4
:10F81400A9270110511601100000000024670110EF
:10F82400EC430110E04A0110E04A0110E04A0110E3
:10F83400E04A0110E04A0110E04A0110E04A0110D8
:10F84400E04A0110E04A0110FFFFFFFFFFFFFFFF46
:10F85400FFFFFFFFFFFF0000010041534349490040
:10F864000000000000000000000000000000000094
:10F87400000000000000000000004153434949001B
:10F884000000000000000000000000000000000074
:10F894000000000000000000000000000000000064
:04F8A4000000000060
:04000005100001E9FD
:00000001FF
